timestamp,valor,label
15.528846263885498,0.0,1
15.528846263885498,0.0,1
15.529877662658691,0.0,1
15.529877662658691,0.0,1
15.530543088912964,0.0,1
15.531569957733154,0.0,1
15.53255820274353,0.0,1
15.53354525566101,0.0,1
15.5345778465271,0.0,1
15.535574197769165,0.0,1
15.536580085754395,0.0,1
15.537576913833618,0.0,1
15.538541316986084,0.0,1
15.538951635360718,0.0,1
15.539973020553589,0.0,1
15.54096794128418,0.0,1
15.541972398757935,0.0,1
15.542972564697266,0.0,1
15.543977737426758,0.0,1
15.545981407165527,0.0,1
15.547008752822876,0.0,1
15.547008752822876,0.0,1
15.549040794372559,0.0,1
15.549040794372559,0.0,1
15.551032066345215,0.0,1
15.552108526229858,0.0,1
15.552108526229858,0.0,1
15.553674697875977,0.0,1
15.559698820114136,0.0,1
15.559698820114136,0.0,1
15.561062812805176,0.0,1
15.561062812805176,0.0,1
15.561062812805176,0.0,1
15.562092065811157,0.0,1
15.562092065811157,0.0,1
15.562092065811157,0.0,1
15.56309199333191,0.0,1
15.563610076904297,0.0,1
15.564616918563843,0.0,1
15.568143606185913,0.0,1
15.568143606185913,0.0,1
15.568143606185913,0.0,1
15.568143606185913,0.0,1
15.56928277015686,0.0,1
15.57046103477478,0.0,1
15.571459531784058,0.0,1
15.572458982467651,0.0,1
15.573457956314087,0.0,1
15.574461460113525,0.0,1
15.57546854019165,0.0,1
15.576727867126465,0.0,1
15.577787637710571,0.0,1
15.578800439834595,0.0,1
15.579764604568481,0.0,1
15.580768823623657,0.0,1
15.58176589012146,0.0,1
15.582767724990845,0.0,1
15.582767724990845,0.0,1
15.584760665893555,0.0,1
15.584760665893555,0.0,1
15.585784196853638,0.0,1
15.5867600440979,0.0,1
15.587765216827393,0.0,1
15.588759422302246,0.0,1
15.590790033340454,0.0,1
15.590790033340454,0.0,1
15.591797113418579,0.0,1
15.593856811523438,0.0,1
15.594844341278076,0.0,1
15.595813751220703,0.0,1
15.596834897994995,0.0,1
15.596834897994995,0.0,1
15.59922456741333,0.0,1
15.59922456741333,0.0,1
15.601429224014282,0.0,1
15.604448795318604,0.0,1
15.605422496795654,0.0,1
15.605422496795654,0.0,1
15.605422496795654,0.0,1
15.60642671585083,0.0,1
15.60642671585083,0.0,1
15.607450008392334,0.0,1
15.60843563079834,0.0,1
15.613980054855347,0.0,1
15.613980054855347,0.0,1
15.613980054855347,0.0,1
15.613980054855347,0.0,1
15.613980054855347,0.0,1
15.613980054855347,0.0,1
15.615318775177002,0.0,1
15.616817235946655,0.0,1
15.61778998374939,0.0,1
15.618790864944458,0.0,1
15.61954402923584,0.0,1
15.620534658432007,0.0,1
15.621534824371338,0.0,1
15.622576475143433,0.0,1
15.62357497215271,0.0,1
15.624575853347778,0.0,1
15.624575853347778,0.0,1
15.626816749572754,0.0,1
15.627998352050781,0.0,1
15.627998352050781,0.0,1
15.63004183769226,0.0,1
15.63004183769226,0.0,1
15.631082534790039,0.0,1
15.63279914855957,0.0,1
15.63381552696228,0.0,1
15.63381552696228,0.0,1
15.635812044143677,0.0,1
15.636821508407593,0.0,1
15.636821508407593,0.0,1
15.638619422912598,0.0,1
15.639536619186401,0.0,1
15.639536619186401,0.0,1
15.640784740447998,0.0,1
15.6418297290802,0.0,1
15.642828941345215,0.0,1
15.645118713378906,0.0,1
15.646090984344482,0.0,1
15.647084712982178,0.0,1
15.654736757278442,0.0,1
15.655733585357666,0.0,1
15.65669322013855,0.0,1
15.65669322013855,0.0,1
15.65669322013855,0.0,1
15.657689332962036,0.0,1
15.657689332962036,0.0,1
15.658913850784302,0.0,1
15.658913850784302,0.0,1
15.658913850784302,0.0,1
15.661046266555786,0.0,1
15.661046266555786,0.0,1
15.663150310516357,0.0,1
15.663150310516357,0.0,1
15.663660287857056,0.0,1
15.663660287857056,0.0,1
15.664674997329712,0.0,1
15.664674997329712,0.0,1
15.668673992156982,0.0,1
15.668673992156982,0.0,1
15.668673992156982,0.0,1
15.668673992156982,0.0,1
15.669677495956421,0.0,1
15.670679807662964,0.0,1
15.671543598175049,0.0,1
15.672118663787842,0.0,1
15.673583269119263,0.0,1
15.674574375152588,0.0,1
15.674574375152588,0.0,1
15.67702603340149,0.0,1
15.678070306777954,0.0,1
15.678070306777954,0.0,1
15.681041240692139,0.0,1
15.681041240692139,0.0,1
15.681525945663452,0.0,1
15.682571411132812,0.0,1
15.683077096939087,0.0,1
15.684086561203003,0.0,1
15.685135841369629,0.0,1
15.687115907669067,0.0,1
15.687115907669067,0.0,1
15.688119649887085,0.0,1
15.689085483551025,0.0,1
15.690132141113281,0.0,1
15.691128492355347,0.0,1
15.692086219787598,0.0,1
15.701459646224976,0.0,1
15.702486038208008,0.0,1
15.703446865081787,0.0,1
15.704473733901978,0.0,1
15.704473733901978,0.0,1
15.705582618713379,0.0,1
15.705582618713379,0.0,1
15.706663131713867,0.0,1
15.708809852600098,0.0,1
15.708809852600098,0.0,1
15.710171222686768,0.0,1
15.710171222686768,0.0,1
15.711218118667603,0.0,1
15.711218118667603,0.0,1
15.71332049369812,0.0,1
15.714306831359863,0.0,1
15.7222740650177,0.0,1
15.72327446937561,0.0,1
15.727751731872559,0.0,1
15.728744745254517,0.0,1
15.73274564743042,0.0,1
15.735760927200317,0.0,1
15.735760927200317,0.0,1
15.735760927200317,0.0,1
15.735760927200317,0.0,1
15.735760927200317,0.0,1
15.735760927200317,0.0,1
15.735760927200317,0.0,1
15.736741542816162,0.0,1
15.736741542816162,0.0,1
15.736741542816162,0.0,1
15.736741542816162,0.0,1
15.736741542816162,0.0,1
15.736741542816162,0.0,1
15.736741542816162,0.0,1
15.736741542816162,0.0,1
15.736741542816162,0.0,1
15.737741231918335,1e-05,1
15.737741231918335,1e-05,1
15.737741231918335,0.0,1
15.737741231918335,0.0,1
15.737741231918335,0.0,1
15.737741231918335,0.0,1
15.737741231918335,0.0,1
15.737741231918335,0.0,1
15.737741231918335,0.0,1
15.73975396156311,0.0,1
15.74074935913086,0.0,1
15.742756128311157,0.0,1
15.743743896484375,0.0,1
15.743743896484375,0.0,1
15.743743896484375,0.0,1
15.745741844177246,0.0,1
15.746747732162476,0.0,1
15.747746467590332,0.0,1
15.748761177062988,0.0,1
15.748761177062988,0.0,1
15.757259368896484,0.0,1
15.758289813995361,0.0,1
15.758289813995361,0.0,1
15.759257555007935,0.0,1
15.760262250900269,0.0,1
15.760262250900269,0.0,1
15.760262250900269,0.0,1
15.76165771484375,0.0,1
15.76165771484375,0.0,1
15.763166189193726,0.0,1
15.763166189193726,0.0,1
15.763166189193726,0.0,1
15.76421070098877,0.0,1
15.76421070098877,0.0,1
15.765184164047241,0.0,1
15.765184164047241,0.0,1
15.769347190856934,1e-05,1
15.77055835723877,0.0,1
15.774569749832153,0.0,1
15.774569749832153,0.0,1
15.775561571121216,0.0,1
15.7775559425354,0.0,1
15.779557943344116,0.0,1
15.779557943344116,0.0,1
15.779557943344116,0.0,1
15.779557943344116,0.0,1
15.779557943344116,0.0,1
15.779557943344116,0.0,1
15.779557943344116,0.0,1
15.779557943344116,0.0,1
15.780589818954468,0.0,1
15.78217363357544,0.0,1
15.78217363357544,0.0,1
15.783141613006592,0.0,1
15.784143924713135,0.0,1
15.785089492797852,0.0,1
15.786218881607056,0.0,1
15.787192344665527,0.0,1
15.788202285766602,0.0,1
15.790169477462769,0.0,1
15.790169477462769,0.0,1
15.791149139404297,0.0,1
15.79219651222229,0.0,1
15.793153047561646,0.0,1
15.795148849487305,0.0,1
15.795148849487305,0.0,1
15.79615068435669,0.0,1
15.799689769744873,0.0,1
15.803657531738281,0.0,1
15.80466103553772,0.0,1
15.805750608444214,0.0,1
15.806746006011963,0.0,1
15.806746006011963,0.0,1
15.807751893997192,0.0,1
15.808795928955078,0.0,1
15.808795928955078,0.0,1
15.80932354927063,0.0,1
15.80932354927063,0.0,1
15.810643434524536,0.0,1
15.810643434524536,0.0,1
15.812912225723267,0.0,1
15.821396589279175,0.0,1
15.82436752319336,0.0,1
15.82436752319336,0.0,1
15.82436752319336,0.0,1
15.82436752319336,0.0,1
15.82436752319336,0.0,1
15.82436752319336,0.0,1
15.82436752319336,0.0,1
15.825438261032104,0.0,1
15.825438261032104,0.0,1
15.825438261032104,0.0,1
15.825438261032104,0.0,1
15.825438261032104,0.0,1
15.825438261032104,0.0,1
15.826863050460815,1e-05,1
15.826863050460815,1e-05,1
15.826863050460815,1e-05,1
15.827885866165161,1e-05,1
15.830316066741943,1e-05,1
15.831460952758789,1e-05,1
15.831460952758789,1e-05,1
15.832486391067505,1e-05,1
15.833643436431885,1e-05,1
15.834149360656738,1e-05,1
15.83518934249878,1e-05,1
15.83618688583374,1e-05,1
15.837158441543579,1e-05,1
15.838432312011719,1e-05,1
15.839439153671265,1e-05,1
15.840454578399658,1e-05,1
15.840454578399658,1e-05,1
15.841920375823975,1e-05,1
15.844035625457764,1e-05,1
15.845025539398193,1e-05,1
15.845025539398193,0.0,1
15.850114583969116,0.0,1
15.851253747940063,0.0,1
15.851253747940063,0.0,1
15.85260558128357,0.0,1
15.85260558128357,0.0,1
15.853620052337646,0.0,1
15.853620052337646,0.0,1
15.853620052337646,0.0,1
15.855821371078491,0.0,1
15.855821371078491,0.0,1
15.85681676864624,0.0,1
15.8637113571167,0.0,1
15.864723682403564,0.0,1
15.866724252700806,0.0,1
15.866724252700806,0.0,1
15.866724252700806,0.0,1
15.866724252700806,0.0,1
15.867718696594238,0.0,1
15.867718696594238,0.0,1
15.867718696594238,0.0,1
15.867718696594238,0.0,1
15.867718696594238,0.0,1
15.868719816207886,0.0,1
15.87009882926941,0.0,1
15.871115446090698,0.0,1
15.871115446090698,0.0,1
15.872598648071289,0.0,1
15.873610973358154,0.0,1
15.873610973358154,0.0,1
15.874800682067871,0.0,1
15.876791715621948,0.0,1
15.87778377532959,0.0,1
15.882566452026367,0.0,1
15.882566452026367,0.0,1
15.883545398712158,0.0,1
15.883545398712158,0.0,1
15.883545398712158,0.0,1
15.883545398712158,0.0,1
15.88561201095581,0.0,1
15.88561201095581,0.0,1
15.888869047164917,0.0,1
15.888869047164917,0.0,1
15.888869047164917,0.0,1
15.889503955841064,0.0,1
15.890535354614258,0.0,1
15.891590118408203,0.0,1
15.892599821090698,0.0,1
15.89758849143982,0.0,1
15.90516471862793,0.0,1
15.906189441680908,0.0,1
15.906189441680908,0.0,1
15.907516717910767,0.0,1
15.907516717910767,0.0,1
15.907516717910767,0.0,1
15.907516717910767,0.0,1
15.908568143844604,0.0,1
15.90956997871399,0.0,1
15.910588502883911,0.0,1
15.911590337753296,0.0,1
15.914591789245605,0.0,1
15.915628910064697,0.0,1
15.91662335395813,0.0,1
15.918607711791992,0.0,1
15.922908067703247,0.0,1
15.922908067703247,0.0,1
15.924896717071533,0.0,1
15.924896717071533,5e-05,1
15.924896717071533,0.00022,1
15.92890977859497,0.00022,1
15.92890977859497,0.00022,1
15.92890977859497,0.00022,1
15.929903268814087,0.00022,1
15.929903268814087,0.00022,1
15.929903268814087,0.00022,1
15.929903268814087,0.00022,1
15.929903268814087,0.00022,1
15.929903268814087,0.00022,1
15.930895805358887,0.00022,1
15.930895805358887,0.00022,1
15.930895805358887,0.00022,1
15.930895805358887,0.00022,1
15.930895805358887,0.00022,1
15.930895805358887,0.00022,1
15.930895805358887,0.00022,1
15.93189549446106,0.00022,1
15.93189549446106,0.00022,1
15.93289566040039,0.00022,1
15.933901071548462,0.00022,1
15.934898853302002,0.00022,1
15.9358971118927,0.00013,1
15.936681985855103,0.0,1
15.937620639801025,0.0,1
15.938629150390625,0.0,1
15.939634084701538,0.0,1
15.940630197525024,0.0,1
15.944122314453125,0.0,1
15.944122314453125,0.0,1
15.944122314453125,0.0,1
15.944122314453125,0.0,1
15.94541335105896,0.0,1
15.946451663970947,0.0,1
15.947454690933228,0.0,1
15.94850492477417,0.0,1
15.949462413787842,0.0,1
15.950833320617676,0.0,1
15.950833320617676,0.0,1
15.951847314834595,0.0,1
15.952849388122559,0.0,1
15.954606056213379,0.0,1
15.95559549331665,0.0,1
15.95559549331665,0.0,1
15.961057186126709,0.0,1
15.962035417556763,0.0,1
15.962035417556763,0.0,1
15.963034391403198,0.0,1
15.963034391403198,0.0,1
15.963034391403198,0.0,1
15.964088439941406,0.0,1
15.964088439941406,0.0,1
15.965099573135376,0.00046,1
15.967303991317749,0.00046,1
15.970547676086426,0.00046,1
15.970547676086426,0.00046,1
15.971739530563354,0.00046,1
15.971739530563354,0.00046,1
15.972779512405396,0.00019,1
15.972779512405396,0.0,1
15.974042415618896,0.0,1
15.975059747695923,0.0,1
15.97556757926941,0.0,1
15.976724863052368,0.0,1
15.976724863052368,0.0,1
15.978529453277588,0.0,1
15.979784965515137,0.0,1
15.979784965515137,0.0,1
15.98079252243042,0.0,1
15.981792449951172,0.0,1
15.983791589736938,0.0,1
15.983791589736938,0.0,1
15.984850406646729,0.0,1
15.985846757888794,0.0,1
15.986849784851074,0.0,1
15.987849235534668,0.0,1
15.988853216171265,0.0,1
15.98988938331604,0.0,1
15.991326332092285,0.0,1
15.992318630218506,0.0,1
15.994300603866577,0.0,1
15.994300603866577,9e-05,1
15.995555877685547,9e-05,1
15.996618509292603,9e-05,1
15.997576475143433,9e-05,1
15.997576475143433,9e-05,1
15.999598979949951,9e-05,1
16.000502109527588,9e-05,1
16.001022338867188,0.0,1
16.002029418945312,0.0,1
16.00303816795349,0.0,1
16.00664758682251,0.0,1
16.010721921920776,0.0,1
16.011922121047974,0.0,1
16.012912273406982,0.0,1
16.012912273406982,0.0,1
16.01393151283264,0.0,1
16.01393151283264,0.0,1
16.01393151283264,0.0,1
16.01505208015442,0.0,1
16.016072273254395,0.0,1
16.017044067382812,0.0,1
16.018098831176758,0.00023,1
16.019417762756348,0.0,1
16.021443605422974,0.0,1
16.027435302734375,0.0,1
16.028419733047485,0.0,1
16.028419733047485,0.0,1
16.028419733047485,0.0,1
16.028419733047485,0.0,1
16.028419733047485,0.0,1
16.028419733047485,0.0,1
16.028419733047485,0.0,1
16.028419733047485,0.0,1
16.028419733047485,0.0,1
16.029460906982422,0.0,1
16.029460906982422,0.0,1
16.031481742858887,2e-05,1
16.031481742858887,2e-05,1
16.033443927764893,2e-05,1
16.033443927764893,2e-05,1
16.035431623458862,2e-05,1
16.035431623458862,2e-05,1
16.037450551986694,2e-05,1
16.037450551986694,0.00076,1
16.038450002670288,0.00076,1
16.039421796798706,0.00076,1
16.040440797805786,0.00076,1
16.041435480117798,0.00076,1
16.04242253303528,0.00076,1
16.043445587158203,0.00076,1
16.044479370117188,0.00076,1
16.04641628265381,0.00076,1
16.04641628265381,0.00076,1
16.056213855743408,0.00076,1
16.057272911071777,0.00076,1
16.057272911071777,0.00076,1
16.05867099761963,0.00076,1
16.059659957885742,0.00076,1
16.062861680984497,0.0,1
16.06515598297119,0.0,1
16.066160917282104,0.0,1
16.06715440750122,0.0,1
16.06815481185913,0.0,1
16.07021951675415,0.0,1
16.075435400009155,0.0,1
16.075435400009155,0.0,1
16.075435400009155,0.0,1
16.075435400009155,0.0,1
16.075435400009155,0.0,1
16.07645893096924,0.0,1
16.07645893096924,0.0,1
16.07645893096924,0.0,1
16.07645893096924,0.0,1
16.077433109283447,0.0,1
16.077433109283447,0.0,1
16.077433109283447,0.0,1
16.077433109283447,0.0,1
16.077433109283447,0.0,1
16.077433109283447,0.0,1
16.077433109283447,0.0,1
16.077433109283447,0.0,1
16.077433109283447,0.0,1
16.078430891036987,0.0,1
16.078430891036987,0.0,1
16.078430891036987,0.0,1
16.080466985702515,0.0,1
16.081435680389404,0.0,1
16.081435680389404,0.0,1
16.082534551620483,0.0,1
16.08449625968933,0.0,1
16.08449625968933,0.0,1
16.085566759109497,0.0,1
16.086525440216064,0.0,1
16.087501287460327,0.0,1
16.088531255722046,0.0,1
16.089507579803467,0.0,1
16.090521097183228,0.0,1
16.091502904891968,0.0,1
16.092519283294678,0.0,1
16.093498468399048,0.0,1
16.095505714416504,0.0,1
16.095505714416504,0.0,1
16.098637342453003,0.0,1
16.102701902389526,0.0,1
16.103698015213013,0.0,1
16.103698015213013,0.0,1
16.10469937324524,0.0,1
16.10469937324524,0.0,1
16.105697631835938,0.0,1
16.105697631835938,0.0,1
16.106698751449585,0.0,1
16.106698751449585,0.0,1
16.107712984085083,0.0,1
16.107712984085083,0.0,1
16.108700037002563,0.0,1
16.112934827804565,0.0,1
16.11395239830017,0.0,1
16.11395239830017,0.0,1
16.11395239830017,0.0,1
16.11395239830017,0.0,1
16.114500045776367,0.0,1
16.115449905395508,0.0,1
16.116544246673584,0.00011,1
16.11752724647522,0.00015,1
16.118526935577393,0.00015,1
16.119497776031494,0.00015,1
16.12085509300232,0.00015,1
16.121864795684814,0.00015,1
16.121864795684814,0.00015,1
16.123863458633423,0.00015,1
16.123863458633423,0.00015,1
16.12586736679077,0.00015,1
16.129656076431274,0.00015,1
16.129656076431274,0.00015,1
16.129656076431274,0.00015,1
16.129656076431274,0.00015,1
16.130639791488647,0.00015,1
16.131640911102295,0.0,1
16.13263964653015,0.0,1
16.133641481399536,0.0,1
16.134647130966187,0.0,1
16.135642051696777,0.0,1
16.136542081832886,0.0,1
16.137589931488037,0.0,1
16.13850998878479,0.0,1
16.13954758644104,0.0,1
16.14054846763611,0.0,1
16.14185905456543,0.0,1
16.152326822280884,0.0,1
16.15330743789673,0.0,1
16.15330743789673,0.0,1
16.15330743789673,0.0,1
16.154325485229492,8e-05,1
16.154325485229492,0.0,1
16.15532612800598,0.0,1
16.15532612800598,0.0,1
16.15632462501526,0.0,1
16.15632462501526,0.0,1
16.15632462501526,0.0,1
16.15833353996277,0.0,1
16.15833353996277,0.0,1
16.159542322158813,0.0,1
16.159542322158813,0.0,1
16.16089963912964,0.0,1
16.162047386169434,0.0,1
16.1712486743927,0.0,1
16.174187660217285,0.0,1
16.174187660217285,0.0,1
16.174187660217285,0.0,1
16.175187826156616,0.0,1
16.175187826156616,0.0,1
16.175187826156616,0.0,1
16.176205158233643,0.0,1
16.180229902267456,0.0,1
16.180229902267456,0.00027,1
16.180229902267456,0.00033,1
16.180229902267456,0.00033,1
16.181228399276733,0.00033,1
16.181228399276733,0.00033,1
16.183239221572876,0.00033,1
16.183239221572876,0.00033,1
16.183239221572876,0.00033,1
16.183239221572876,0.00033,1
16.183239221572876,0.00033,1
16.183239221572876,0.00033,1
16.183239221572876,0.00033,1
16.184685230255127,0.00033,1
16.184685230255127,0.00033,1
16.184685230255127,0.00033,1
16.184685230255127,0.00033,1
16.184685230255127,0.00033,1
16.185609102249146,0.00033,1
16.18664026260376,0.00033,1
16.18664026260376,0.00033,1
16.187898874282837,0.00033,1
16.197418928146362,0.00033,1
16.198356866836548,0.00033,1
16.198356866836548,0.0,1
16.199481964111328,0.0,1
16.199481964111328,0.0,1
16.199481964111328,0.0,1
16.199481964111328,0.0,1
16.200599431991577,0.0,1
16.200599431991577,0.0,1
16.200599431991577,0.0,1
16.201757192611694,0.0,1
16.201757192611694,0.0,1
16.20277428627014,0.0,1
16.20277428627014,0.0,1
16.20277428627014,0.0,1
16.207900285720825,0.0,1
16.207900285720825,0.0,1
16.2134051322937,0.0,1
16.2134051322937,0.0,1
16.2134051322937,0.0,1
16.2134051322937,0.0,1
16.21439003944397,0.0,1
16.21439003944397,0.0,1
16.2174391746521,0.0,1
16.2174391746521,0.0,1
16.2174391746521,0.0,1
16.2174391746521,0.0,1
16.2174391746521,0.0,1
16.2174391746521,0.0,1
16.21843695640564,0.0,1
16.219460487365723,0.0,1
16.220505952835083,0.0,1
16.22347927093506,0.0,1
16.22347927093506,0.0,1
16.22347927093506,0.0,1
16.224517107009888,0.0,1
16.225470066070557,0.0,1
16.2265145778656,0.0,1
16.227524042129517,0.0,1
16.228520393371582,0.0,1
16.231533765792847,0.0,1
16.231533765792847,0.0,1
16.231533765792847,0.0,1
16.232512712478638,0.0,1
16.23361301422119,0.0,1
16.23361301422119,0.0,1
16.234755754470825,0.0,1
16.236753940582275,0.0,1
16.240886926651,0.0,1
16.240886926651,0.0,1
16.240886926651,0.0,1
16.24227237701416,0.0,1
16.243656873703003,0.0,1
16.244658946990967,0.0,1
16.245651483535767,0.0,1
16.246699810028076,0.0,1
16.246699810028076,0.0,1
16.246699810028076,0.0,1
16.247933626174927,0.0,1
16.248939275741577,0.00015,1
16.252143621444702,8e-05,1
16.25435209274292,0.0,1
16.25435209274292,0.0,1
16.25435209274292,0.0,1
16.25435209274292,0.0,1
16.25435209274292,0.0,1
16.256595611572266,0.0,1
16.256595611572266,0.0,1
16.257640600204468,0.0,1
16.258639812469482,0.0,1
16.259918928146362,0.0,1
16.261059522628784,0.0,1
16.262011766433716,0.0,1
16.268094301223755,0.0,1
16.268094301223755,0.0,1
16.269428491592407,0.0,1
16.269428491592407,0.0,1
16.269428491592407,0.0,1
16.269428491592407,0.0,1
16.269428491592407,0.0,1
16.269428491592407,0.0,1
16.27042818069458,0.0,1
16.273926258087158,0.00026,1
16.274906158447266,0.00026,1
16.274906158447266,0.00026,1
16.274906158447266,0.00026,1
16.275898933410645,0.00026,1
16.275898933410645,0.00026,1
16.28800368309021,0.00026,1
16.29098868370056,0.00026,1
16.291988611221313,0.00026,1
16.291988611221313,0.00026,1
16.29500699043274,0.00026,1
16.29620122909546,0.00026,1
16.29620122909546,0.00026,1
16.29744791984558,0.00026,1
16.29744791984558,0.00026,1
16.29744791984558,0.0,1
16.298485279083252,0.0,1
16.298485279083252,0.0,1
16.298485279083252,0.0,1
16.299603700637817,0.0,1
16.30371594429016,0.0,1
16.305715084075928,0.0,1
16.305715084075928,0.0,1
16.305715084075928,0.0,1
16.305715084075928,0.0,1
16.306740760803223,0.0,1
16.306740760803223,0.0,1
16.306740760803223,0.0,1
16.306740760803223,0.0,1
16.306740760803223,0.0,1
16.306740760803223,0.0,1
16.307741403579712,0.0,1
16.307741403579712,0.0,1
16.307741403579712,0.0,1
16.307741403579712,0.0,1
16.307741403579712,0.0,1
16.307741403579712,0.0,1
16.309740781784058,0.00013,1
16.310712099075317,9e-05,1
16.31536030769348,9e-05,1
16.31658172607422,9e-05,1
16.31658172607422,9e-05,1
16.31658172607422,9e-05,1
16.31658172607422,9e-05,1
16.31757879257202,9e-05,1
16.31757879257202,9e-05,1
16.319753408432007,9e-05,1
16.319753408432007,9e-05,1
16.319753408432007,9e-05,1
16.320727586746216,9e-05,1
16.32171869277954,0.0,1
16.32271671295166,0.0,1
16.323518753051758,0.0,1
16.323518753051758,0.0,1
16.3254656791687,0.0,1
16.330880880355835,0.0,1
16.330880880355835,0.0,1
16.330880880355835,0.0,1
16.330880880355835,0.0,1
16.332414865493774,6e-05,1
16.332414865493774,6e-05,1
16.33931875228882,6e-05,1
16.340489864349365,6e-05,1
16.34145975112915,6e-05,1
16.34145975112915,6e-05,1
16.34249496459961,6e-05,1
16.344510555267334,6e-05,1
16.345508098602295,6e-05,1
16.346521615982056,6e-05,1
16.346521615982056,6e-05,1
16.347887754440308,6e-05,1
16.347887754440308,6e-05,1
16.348899126052856,6e-05,1
16.3529052734375,0.0,1
16.354918479919434,0.00014,1
16.354918479919434,0.00014,1
16.355900049209595,0.00014,1
16.355900049209595,0.00014,1
16.355900049209595,0.00014,1
16.355900049209595,0.00014,1
16.355900049209595,0.00014,1
16.355900049209595,0.00014,1
16.35689878463745,0.00014,1
16.35689878463745,0.00014,1
16.35689878463745,0.00014,1
16.35689878463745,0.00014,1
16.363044500350952,0.00014,1
16.36356782913208,0.00014,1
16.36458396911621,0.00014,1
16.36560583114624,0.00014,1
16.36560583114624,0.00014,1
16.37039089202881,0.00014,1
16.371477365493774,0.00014,1
16.371477365493774,0.00014,1
16.372517824172974,0.00014,1
16.373471975326538,0.00014,1
16.383572816848755,0.00014,1
16.38553261756897,0.00044,1
16.386536121368408,0.0,1
16.38754415512085,0.0,1
16.38954257965088,0.0,1
16.39054560661316,0.0,1
16.39054560661316,0.0,1
16.39160680770874,0.0,1
16.393999099731445,0.0,1
16.39498519897461,0.0,1
16.395984411239624,0.0,1
16.395984411239624,0.0,1
16.395984411239624,0.0,1
16.396984815597534,0.00011,1
16.401002168655396,0.00011,1
16.401002168655396,0.00011,1
16.403376817703247,0.00011,1
16.403376817703247,0.00011,1
16.403376817703247,0.00011,1
16.403376817703247,0.00011,1
16.403376817703247,0.00011,1
16.404824256896973,0.00011,1
16.404824256896973,5e-05,1
16.404824256896973,5e-05,1
16.404824256896973,5e-05,1
16.405846118927002,5e-05,1
16.407848119735718,5e-05,1
16.40884828567505,5e-05,1
16.409860849380493,5e-05,1
16.409860849380493,5e-05,1
16.411240339279175,5e-05,1
16.411240339279175,5e-05,1
16.411240339279175,5e-05,1
16.411240339279175,5e-05,1
16.412229299545288,5e-05,1
16.412229299545288,5e-05,1
16.412229299545288,5e-05,1
16.412229299545288,5e-05,1
16.412229299545288,5e-05,1
16.41324520111084,5e-05,1
16.41324520111084,5e-05,1
16.41324520111084,5e-05,1
16.414225339889526,5e-05,1
16.41747546195984,5e-05,1
16.41747546195984,0.0,1
16.41747546195984,0.00038,1
16.41847848892212,0.00038,1
16.41847848892212,0.00038,1
16.41847848892212,0.00038,1
16.41847848892212,0.00038,1
16.41847848892212,0.00038,1
16.41947650909424,0.00038,1
16.41947650909424,0.00038,1
16.42060351371765,0.00038,1
16.42835307121277,0.00038,1
16.431400060653687,0.00038,1
16.432413578033447,0.00038,1
16.43338394165039,0.00038,1
16.43338394165039,0.0,1
16.43437647819519,0.0,1
16.43835186958313,0.0,1
16.43835186958313,0.0,1
16.43835186958313,0.0,1
16.43835186958313,0.0,1
16.439624786376953,0.0,1
16.439624786376953,0.0,1
16.439624786376953,0.0,1
16.441045999526978,0.0,1
16.44819688796997,0.0,1
16.45121932029724,0.0,1
16.45121932029724,0.0,1
16.45121932029724,0.0,1
16.45121932029724,0.0,1
16.45121932029724,7e-05,1
16.45121932029724,7e-05,1
16.45121932029724,7e-05,1
16.45223069190979,7e-05,1
16.45223069190979,7e-05,1
16.45223069190979,7e-05,1
16.45223069190979,7e-05,1
16.45223069190979,0.0,1
16.45223069190979,0.0,1
16.45223069190979,0.0,1
16.453221797943115,0.0,1
16.453221797943115,0.0,1
16.453221797943115,0.0,1
16.453221797943115,0.0,1
16.455231428146362,0.0,1
16.455231428146362,0.0,1
16.45661687850952,0.0,1
16.457606315612793,0.0,1
16.4586079120636,0.0,1
16.45963144302368,0.0,1
16.45963144302368,0.0,1
16.46097493171692,0.0,1
16.463948011398315,0.00026,1
16.464949369430542,0.00026,1
16.464949369430542,0.00026,1
16.464949369430542,0.00026,1
16.4659526348114,0.00026,1
16.466947078704834,0.00026,1
16.46794819831848,0.00026,1
16.47693681716919,0.00026,1
16.47880268096924,0.0,1
16.480825185775757,0.0,1
16.480825185775757,0.0,1
16.48224449157715,0.0,1
16.483285903930664,0.0,1
16.48428440093994,0.0,1
16.48428440093994,0.0,1
16.48526620864868,0.0,1
16.48626160621643,0.0,1
16.48626160621643,0.0,1
16.48626160621643,0.0,1
16.48729372024536,0.0,1
16.48729372024536,0.0,1
16.48729372024536,0.0,1
16.488288402557373,0.0,1
16.492266178131104,0.00046,1
16.497429370880127,0.00046,1
16.499399662017822,0.00046,1
16.499399662017822,0.00046,1
16.499399662017822,0.00046,1
16.499399662017822,0.00046,1
16.50548529624939,0.00046,1
16.50648522377014,0.00046,1
16.50648522377014,0.00046,1
16.511451482772827,0.00046,1
16.512473583221436,0.00046,1
16.512473583221436,1e-05,1
16.512473583221436,1e-05,1
16.512473583221436,1e-05,1
16.514469385147095,1e-05,1
16.514469385147095,1e-05,1
16.514469385147095,1e-05,1
16.514469385147095,1e-05,1
16.5155246257782,1e-05,1
16.5155246257782,1e-05,1
16.51652503013611,0.0,1
16.519670248031616,0.0,1
16.519670248031616,0.0,1
16.520670175552368,0.0,1
16.520670175552368,0.0,1
16.520670175552368,0.0,1
16.521673917770386,0.0,1
16.521673917770386,0.0,1
16.521673917770386,0.0,1
16.52267098426819,0.0,1
16.523674488067627,0.0,1
16.523674488067627,0.0,1
16.523674488067627,0.0,1
16.52467393875122,0.0,1
16.52467393875122,0.0,1
16.527689456939697,7e-05,1
16.527689456939697,6e-05,1
16.528908491134644,0.0,1
16.53618574142456,0.0,1
16.53618574142456,0.0,1
16.539206743240356,0.0,1
16.539206743240356,0.0,1
16.539206743240356,0.0,1
16.54020643234253,0.0,1
16.54020643234253,0.0,1
16.54020643234253,0.0,1
16.54020643234253,0.0,1
16.54020643234253,0.0,1
16.54020643234253,0.0,1
16.54020643234253,0.0,1
16.54020643234253,0.0,1
16.54020643234253,0.0,1
16.54020643234253,0.0,1
16.54118275642395,0.0,1
16.54118275642395,0.0,1
16.54118275642395,0.0,1
16.545616149902344,0.00013,1
16.54661798477173,0.0,1
16.54661798477173,0.0,1
16.547632217407227,0.0,1
16.54865074157715,0.0,1
16.54865074157715,0.0,1
16.549643754959106,0.0,1
16.549643754959106,0.0,1
16.549643754959106,0.0,1
16.550654649734497,0.0,1
16.5516414642334,0.0,1
16.55273127555847,0.0,1
16.553823471069336,0.0,1
16.554814100265503,0.0,1
16.555816173553467,6e-05,1
16.556820392608643,6e-05,1
16.55780839920044,6e-05,1
16.56734299659729,6e-05,1
16.56734299659729,6e-05,1
16.56734299659729,6e-05,1
16.568340063095093,6e-05,1
16.568340063095093,6e-05,1
16.569340467453003,6e-05,1
16.569340467453003,6e-05,1
16.571325302124023,0.00047,1
16.571325302124023,0.00047,1
16.5723557472229,0.00047,1
16.573333740234375,0.00047,1
16.574341297149658,0.00047,1
16.57533049583435,0.00047,1
16.585145473480225,0.00047,1
16.587212562561035,0.00047,1
16.58822798728943,0.00047,1
16.58822798728943,0.00047,1
16.58822798728943,0.00047,1
16.58822798728943,0.00047,1
16.58822798728943,0.00047,1
16.589213132858276,4e-05,1
16.589213132858276,4e-05,1
16.591228723526,0.00022,1
16.591228723526,0.00022,1
16.59230947494507,0.00022,1
16.59230947494507,0.00022,1
16.593225955963135,0.00022,1
16.593225955963135,0.00022,1
16.59432363510132,0.00022,1
16.59432363510132,0.00022,1
16.59432363510132,0.00022,1
16.595401525497437,0.00022,1
16.595401525497437,0.00022,1
16.595401525497437,0.00022,1
16.596322059631348,0.00022,1
16.596322059631348,0.00022,1
16.597360372543335,0.00022,1
16.598400592803955,0.00022,1
16.598400592803955,0.00022,1
16.604362964630127,0.00022,1
16.605355978012085,0.00022,1
16.605355978012085,0.00022,1
16.605355978012085,0.00022,1
16.60638117790222,0.00022,1
16.60835361480713,0.00022,1
16.60935950279236,0.00022,1
16.616812229156494,0.00022,1
16.617812871932983,0.00022,1
16.61884307861328,0.00022,1
16.61990261077881,0.0,1
16.61990261077881,0.0,1
16.620899438858032,0.0,1
16.621946811676025,0.0,1
16.623905181884766,0.0,1
16.624900579452515,0.0,1
16.625898122787476,0.0,1
16.625898122787476,0.0,1
16.627347946166992,0.0,1
16.62833857536316,0.0,1
16.638378858566284,0.0,1
16.638378858566284,0.0,1
16.639344930648804,0.0,1
16.641419410705566,0.0,1
16.641419410705566,0.0,1
16.641419410705566,0.00042,1
16.642879009246826,0.00042,1
16.644325971603394,0.00042,1
16.644325971603394,0.00042,1
16.645334005355835,0.00042,1
16.645334005355835,0.00042,1
16.645334005355835,0.00042,1
16.64833402633667,0.00042,1
16.64833402633667,0.00042,1
16.649357318878174,0.00042,1
16.649357318878174,0.00042,1
16.649357318878174,0.00042,1
16.649357318878174,0.00042,1
16.65036702156067,0.00042,1
16.65036702156067,0.00042,1
16.65036702156067,0.00042,1
16.65036702156067,0.00042,1
16.65036702156067,0.00042,1
16.65036702156067,0.00042,1
16.65036702156067,0.00042,1
16.651350259780884,0.00042,1
16.651350259780884,2e-05,1
16.651350259780884,0.0,1
16.651350259780884,0.0,1
16.651350259780884,0.0,1
16.651350259780884,0.0,1
16.651350259780884,0.0,1
16.651350259780884,0.0,1
16.651350259780884,0.0,1
16.651350259780884,0.0,1
16.652374029159546,0.0,1
16.653332948684692,0.0,1
16.655333280563354,0.0,1
16.655333280563354,0.0,1
16.66371440887451,0.0,1
16.665191888809204,0.0,1
16.665191888809204,0.0,1
16.6662335395813,0.0,1
16.6662335395813,0.0,1
16.66721200942993,0.0,1
16.66721200942993,0.0,1
16.668206214904785,0.0,1
16.668206214904785,0.0,1
16.668206214904785,0.0,1
16.669191122055054,0.0,1
16.670198440551758,0.0,1
16.670198440551758,0.0,1
16.671213150024414,0.0,1
16.671213150024414,0.0,1
16.671213150024414,0.0,1
16.672209978103638,0.0,1
16.677117824554443,0.0,1
16.677117824554443,0.0,1
16.682265281677246,0.0,1
16.683273553848267,0.0,1
16.683273553848267,0.0,1
16.683273553848267,0.0,1
16.69017243385315,0.0,1
16.69017243385315,0.0,1
16.69017243385315,0.0,1
16.69017243385315,0.0,1
16.69017243385315,0.0,1
16.69017243385315,0.0,1
16.69616985321045,0.0,1
16.69616985321045,0.0,1
16.69616985321045,0.0,1
16.69616985321045,0.0,1
16.69616985321045,0.0,1
16.69717001914978,0.0,1
16.69717001914978,0.0,1
16.69717001914978,0.0,1
16.69717001914978,0.0,1
16.699167490005493,0.0,1
16.699167490005493,0.00029,1
16.699167490005493,0.0,1
16.699167490005493,0.0,1
16.700199842453003,0.0,1
16.700199842453003,0.0,1
16.700497150421143,0.0,1
16.704360246658325,0.0,1
16.709419012069702,0.0,1
16.711822032928467,0.0,1
16.71379280090332,0.0,1
16.71479344367981,0.0,1
16.715799808502197,0.0,1
16.716785192489624,0.0,1
16.71778702735901,0.0,1
16.718782663345337,0.0,1
16.72024369239807,0.0,1
16.72121262550354,0.0,1
16.72121262550354,0.0,1
16.72220778465271,0.0,1
16.723233461380005,0.0,1
16.723233461380005,0.0,1
16.724220514297485,0.0,1
16.724220514297485,0.0,1
16.7315092086792,0.0003,1
16.7315092086792,0.0,1
16.739509344100952,0.0,1
16.739509344100952,0.0,1
16.739509344100952,0.0,1
16.740986585617065,0.0,1
16.740986585617065,0.0,1
16.740986585617065,0.0,1
16.746402263641357,0.0,1
16.746402263641357,0.0,1
16.746402263641357,0.0,1
16.746402263641357,0.0,1
16.746402263641357,0.0,1
16.746402263641357,0.0,1
16.74740195274353,0.0,1
16.749413013458252,0.0,1
16.75265622138977,0.0,1
16.753649950027466,0.0,1
16.753649950027466,0.0,1
16.753649950027466,0.0,1
16.75465178489685,0.0,1
16.75465178489685,0.0,1
16.75465178489685,0.0,1
16.755650997161865,0.0,1
16.755650997161865,0.0,1
16.756649494171143,0.0,1
16.75765037536621,0.0,1
16.758666515350342,0.0,1
16.758666515350342,0.0,1
16.7613263130188,0.0,1
16.76230025291443,0.0,1
16.764604806900024,0.0,1
16.764604806900024,0.0,1
16.764604806900024,0.0,1
16.766051054000854,0.0,1
16.772077560424805,0.0,1
16.772077560424805,0.00026,1
16.772077560424805,0.00026,1
16.77406907081604,0.00069,1
16.77507209777832,0.00069,1
16.77607798576355,0.00069,1
16.77607798576355,0.00069,1
16.77607798576355,0.00069,1
16.77726674079895,0.00069,1
16.77726674079895,0.00069,1
16.77726674079895,0.00069,1
16.778316736221313,0.00069,1
16.778316736221313,0.00069,1
16.778316736221313,0.00069,1
16.778316736221313,0.00069,1
16.778316736221313,0.00069,1
16.779701232910156,0.00069,1
16.781065464019775,0.00069,1
16.782052755355835,0.00069,1
16.782052755355835,0.00069,1
16.78308606147766,0.00069,1
16.789063692092896,0.00069,1
16.79005789756775,0.00069,1
16.79005789756775,0.00069,1
16.79005789756775,0.00068,1
16.796833276748657,0.00068,1
16.796833276748657,0.00068,1
16.796833276748657,0.00068,1
16.796833276748657,0.00068,1
16.800851821899414,0.0,1
16.800851821899414,0.0,1
16.80185604095459,0.0,1
16.80185604095459,0.0,1
16.80185604095459,0.0,1
16.802853107452393,0.0,1
16.802853107452393,0.0,1
16.803853750228882,0.0,1
16.803853750228882,0.0,1
16.803853750228882,0.0,1
16.803853750228882,0.0,1
16.804877519607544,0.0,1
16.80629014968872,0.0,1
16.80629014968872,0.0,1
16.807438611984253,0.0,1
16.807438611984253,0.0,1
16.809489011764526,0.0,1
16.815465211868286,0.0,1
16.816459894180298,0.0,1
16.816459894180298,0.0,1
16.82046890258789,0.0,1
16.82046890258789,0.0,1
16.82146692276001,0.0,1
16.82146692276001,0.0,1
16.82146692276001,0.0,1
16.82146692276001,0.0,1
16.822497129440308,0.0,1
16.822497129440308,0.0,1
16.822497129440308,0.0,1
16.822497129440308,0.0,1
16.829457998275757,0.0,1
16.829457998275757,0.0,1
16.829457998275757,0.0,1
16.829457998275757,6e-05,1
16.83057188987732,6e-05,1
16.83057188987732,6e-05,1
16.83057188987732,6e-05,1
16.83254361152649,6e-05,1
16.83254361152649,6e-05,1
16.83254361152649,6e-05,1
16.83254361152649,6e-05,1
16.83254361152649,6e-05,1
16.83254361152649,6e-05,1
16.8335382938385,6e-05,1
16.8335382938385,6e-05,1
16.8335382938385,6e-05,1
16.8335382938385,6e-05,1
16.8335382938385,6e-05,1
16.8335382938385,6e-05,1
16.8335382938385,6e-05,1
16.8335382938385,6e-05,1
16.834519147872925,6e-05,1
16.834519147872925,0.0,1
16.83559799194336,0.0,1
16.836340188980103,0.0,1
16.837735414505005,0.0,1
16.83985924720764,0.0,1
16.83985924720764,0.0,1
16.83985924720764,0.0,1
16.84186291694641,0.0,1
16.84186291694641,0.0,1
16.843097448349,0.0,1
16.844600439071655,0.0,1
16.84562373161316,0.0,1
16.846591472625732,0.0,1
16.847671270370483,0.0,1
16.853718996047974,0.0,1
16.85569453239441,0.0,1
16.860771894454956,0.0,1
16.861756801605225,0.0,1
16.861756801605225,0.0,1
16.86326503753662,0.0,1
16.86326503753662,0.0,1
16.86326503753662,0.0,1
16.8643798828125,0.0,1
16.8643798828125,0.0,1
16.8643798828125,0.0,1
16.865395069122314,0.00025,1
16.866411685943604,0.00025,1
16.867388010025024,0.00025,1
16.867388010025024,0.00025,1
16.868387937545776,0.00025,1
16.868387937545776,0.00025,1
16.872494220733643,0.00025,1
16.875943660736084,0.00025,1
16.880095720291138,0.00025,1
16.880095720291138,0.00025,1
16.880095720291138,0.00025,1
16.881096124649048,0.00025,1
16.88309931755066,0.00025,1
16.88309931755066,0.00025,1
16.88309931755066,0.00025,1
16.88309931755066,0.00025,1
16.88309931755066,0.00025,1
16.88309931755066,0.00025,1
16.88309931755066,0.00025,1
16.884122371673584,0.00025,1
16.884122371673584,7e-05,1
16.884122371673584,0.00011,1
16.884122371673584,0.00011,1
16.884122371673584,0.00011,1
16.884122371673584,0.00011,1
16.884122371673584,0.00011,1
16.887099266052246,0.00011,1
16.887099266052246,0.00011,1
16.888100624084473,0.00011,1
16.888100624084473,0.00011,1
16.894816398620605,0.00011,1
16.895849227905273,0.00011,1
16.897868633270264,0.00011,1
16.897868633270264,0.00011,1
16.898865938186646,0.00062,1
16.900867462158203,0.00062,1
16.900867462158203,0.00026,1
16.901866912841797,0.00026,1
16.905880451202393,0.00026,1
16.906904220581055,0.00026,1
16.910614728927612,0.00026,1
16.910614728927612,0.00026,1
16.9116530418396,0.00026,1
16.9116530418396,0.00026,1
16.912667512893677,0.00026,1
16.912667512893677,0.00026,1
16.912667512893677,0.00026,1
16.913670778274536,0.00026,1
16.913670778274536,0.00026,1
16.913670778274536,0.00026,1
16.913670778274536,0.00026,1
16.913670778274536,0.00026,1
16.913670778274536,0.00026,1
16.91466212272644,0.00026,1
16.91466212272644,0.00026,1
16.91466212272644,0.00026,1
16.91565442085266,0.00026,1
16.91664481163025,0.0,1
16.91764545440674,0.0,1
16.918647050857544,8e-05,1
16.919647455215454,8e-05,1
16.920649766921997,8e-05,1
16.921528816223145,8e-05,1
16.922527313232422,8e-05,1
16.923535585403442,8e-05,1
16.92455244064331,8e-05,1
16.92558217048645,8e-05,1
16.926997900009155,8e-05,1
16.92801523208618,8e-05,1
16.9290030002594,8e-05,1
16.92999029159546,0.00029,1
16.92999029159546,0.00029,1
16.931991577148438,0.00029,1
16.934044361114502,0.00029,1
16.934998512268066,0.00029,1
16.93735408782959,0.00029,1
16.93837571144104,0.00029,1
16.93837571144104,0.0,1
16.93837571144104,0.0,1
16.939342260360718,0.0,1
16.9404079914093,0.0,1
16.9404079914093,0.0,1
16.941397190093994,0.0,1
16.94943380355835,0.0,1
16.950426816940308,0.0,1
16.95142388343811,0.0,1
16.95187497138977,0.0,1
16.95288586616516,0.0,1
16.954946279525757,0.0,1
16.95598077774048,0.0,1
16.95707678794861,0.0,1
16.9581298828125,0.0,1
16.959142923355103,0.00056,1
16.96156072616577,0.0,1
16.964026927947998,0.00016,1
16.96615195274353,0.00016,1
16.96789574623108,0.00016,1
16.96947169303894,0.00016,1
16.970006227493286,0.00016,1
16.973137140274048,0.00016,1
16.97557234764099,0.00016,1
16.97557234764099,0.00016,1
16.976633548736572,0.00016,1
16.976633548736572,0.00016,1
16.976633548736572,0.00016,1
16.976633548736572,0.00016,1
16.976633548736572,0.00016,1
16.976633548736572,0.00016,1
16.97765040397644,0.00016,1
16.97765040397644,0.00016,1
16.97765040397644,0.00016,1
16.97765040397644,0.00016,1
16.97765040397644,0.00016,1
16.97765040397644,0.00016,1
16.978647232055664,0.00016,1
16.978647232055664,0.00013,1
16.978647232055664,0.00013,1
16.978647232055664,5e-05,1
16.978647232055664,5e-05,1
16.978647232055664,5e-05,1
16.979650020599365,5e-05,1
16.980652332305908,5e-05,1
16.98164963722229,5e-05,1
16.982533931732178,5e-05,1
16.983534812927246,5e-05,1
16.984551429748535,5e-05,1
16.98555016517639,5e-05,1
16.986554384231567,5e-05,1
16.98755121231079,0.0,1
16.9885573387146,0.0,1
16.989552974700928,0.0,1
16.990551233291626,0.0,1
16.991551399230957,0.0,1
16.99356985092163,0.0,1
16.99356985092163,0.00031,1
16.994818210601807,0.00031,1
16.9958336353302,0.00031,1
16.996822834014893,0.00031,1
16.99782633781433,0.00031,1
16.998820543289185,0.00031,1
16.999821424484253,0.00031,1
17.00083017349243,0.00031,1
17.001818418502808,0.00031,1
17.00282096862793,0.00031,1
17.00388813018799,0.00031,1
17.00388813018799,0.00031,1
17.0049250125885,0.00031,1
17.006552934646606,0.00031,1
17.00765371322632,0.00031,1
17.00765371322632,0.00031,1
17.009061336517334,0.00031,1
17.011085271835327,0.00031,1
17.012077808380127,0.00031,1
17.02106285095215,0.00031,1
17.022066354751587,0.00031,1
17.023058891296387,0.00031,1
17.023058891296387,0.00031,1
17.023058891296387,0.00031,1
17.02432632446289,0.0,1
17.02432632446289,0.0,1
17.025529861450195,0.0,1
17.025529861450195,0.0,1
17.026812314987183,0.0,1
17.026812314987183,0.0,1
17.026812314987183,0.0,1
17.026812314987183,0.0,1
17.028098106384277,0.0,1
17.028098106384277,0.0,1
17.0291268825531,0.0,1
17.0291268825531,0.0,1
17.03277611732483,0.0,1
17.03277611732483,0.0,1
17.03277611732483,1e-05,1
17.03277611732483,0.0,1
17.03277611732483,0.0,1
17.034605026245117,0.0,1
17.034605026245117,0.0,1
17.03575825691223,0.0,1
17.03676438331604,0.0,1
17.037757396697998,0.0,1
17.03881335258484,0.0,1
17.03979229927063,0.0,1
17.04182267189026,0.0,1
17.04182267189026,0.0,1
17.04295539855957,0.0,1
17.04392123222351,0.0,1
17.04491901397705,0.0,1
17.045925617218018,0.0,1
17.046918392181396,0.0,1
17.047924280166626,0.0,1
17.048932790756226,0.0,1
17.04994511604309,0.0,1
17.051507711410522,0.0,1
17.052506923675537,0.0,1
17.053547382354736,0.0,1
17.05407691001892,0.0,1
17.05552864074707,0.0,1
17.056546211242676,0.0,1
17.057552337646484,0.0,1
17.058533430099487,0.0,1
17.059536933898926,0.0,1
17.060707092285156,0.0,1
17.061704635620117,0.0,1
17.06270480155945,0.0,1
17.06370782852173,0.0,1
17.064228773117065,0.0,1
17.06528663635254,0.0,1
17.06624126434326,0.0,1
17.06730818748474,0.0,1
17.068342924118042,0.0,1
17.069363355636597,0.0,1
17.070362091064453,0.0,1
17.071369886398315,0.0,1
17.07233762741089,0.0,1
17.0743625164032,0.0,1
17.075345039367676,0.0,1
17.080374717712402,0.0,1
17.0813410282135,0.0,1
17.082366228103638,0.0,1
17.083346128463745,0.0,1
17.084375858306885,0.0,1
17.085373640060425,0.0,1
17.08734893798828,0.0,1
17.08734893798828,0.0,1
17.088365077972412,0.0,1
17.088365077972412,0.0,1
17.088365077972412,0.0,1
17.089335680007935,0.0,1
17.089335680007935,0.0,1
17.090334177017212,0.0,1
17.090334177017212,0.0,1
17.090334177017212,0.0,1
17.094565868377686,0.0,1
17.096569538116455,0.0,1
17.096569538116455,0.0,1
17.09756827354431,0.0,1
17.09756827354431,0.0,1
17.09756827354431,0.0,1
17.09756827354431,0.0,1
17.09876275062561,0.0,1
17.099599838256836,0.0,1
17.100513696670532,0.0,1
17.10279083251953,0.0,1
17.10279083251953,0.0,1
17.10279083251953,0.0,1
17.10379457473755,0.0,1
17.104811668395996,0.0,1
17.105793714523315,0.0,1
17.106788635253906,0.0,1
17.107820749282837,0.0,1
17.109342098236084,0.0,1
17.1103618144989,0.0,1
17.111353635787964,0.0,1
17.112359046936035,0.0,1
17.113686323165894,0.0001,1
17.114691495895386,0.0001,1
17.11578392982483,0.0001,1
17.116783618927002,0.0001,1
17.117539405822754,0.0001,1
17.118579864501953,0.0001,1
17.119584560394287,0.0,1
17.120465517044067,0.0,1
17.121490716934204,0.0,1
17.122530937194824,0.0,1
17.123523950576782,0.0,1
17.12451148033142,0.0,1
17.125503063201904,0.0,1
17.126501083374023,0.0,1
17.127216815948486,0.0,1
17.128314971923828,0.0,1
17.129240036010742,0.00028,1
17.130247116088867,0.00028,1
17.131247758865356,0.00028,1
17.132228136062622,0.00028,1
17.138366222381592,0.00028,1
17.139575719833374,0.00028,1
17.140557765960693,0.00028,1
17.141591787338257,0.00028,1
17.14308762550354,0.00028,1
17.14308762550354,0.00028,1
17.144114017486572,0.00028,1
17.14514136314392,0.00028,1
17.14623785018921,0.00028,1
17.14623785018921,0.00028,1
17.15045428276062,0.00028,1
17.15045428276062,0.00028,1
17.15045428276062,0.00028,1
17.15045428276062,0.00028,1
17.15045428276062,0.00028,1
17.151450157165527,0.00028,1
17.151450157165527,0.00046,1
17.151450157165527,0.00046,1
17.151450157165527,0.0,1
17.152485370635986,0.0,1
17.153409481048584,0.0,1
17.15451145172119,0.0,1
17.15508270263672,0.0,1
17.15644407272339,0.0,1
17.157494068145752,0.0,1
17.158559322357178,0.0,1
17.1595516204834,0.0,1
17.160946130752563,0.0,1
17.162033557891846,0.0,1
17.163047313690186,0.0,1
17.16356086730957,0.00021,1
17.164690017700195,0.00021,1
17.165754318237305,0.00021,1
17.167775869369507,0.00021,1
17.167775869369507,0.00021,1
17.168781518936157,0.00021,1
17.169776678085327,0.00021,1
17.170755624771118,7e-05,1
17.17175269126892,7e-05,1
17.172755241394043,7e-05,1
17.173754930496216,7e-05,1
17.174468278884888,7e-05,1
17.175540685653687,7e-05,1
17.176546335220337,7e-05,1
17.177512407302856,7e-05,1
17.180532217025757,7e-05,1
17.18451976776123,7e-05,1
17.185511589050293,7e-05,1
17.185511589050293,7e-05,1
17.18651294708252,7e-05,1
17.18651294708252,7e-05,1
17.188875436782837,7e-05,1
17.18987464904785,0.0,1
17.18987464904785,0.0,1
17.19100522994995,9e-05,1
17.19100522994995,9e-05,1
17.192037343978882,9e-05,1
17.193060398101807,9e-05,1
17.19803524017334,9e-05,1
17.19803524017334,9e-05,1
17.19803524017334,9e-05,1
17.19803524017334,9e-05,1
17.19803524017334,0.0,1
17.19803524017334,0.0,1
17.199033737182617,0.0,1
17.199033737182617,0.0,1
17.199482202529907,0.0,1
17.20056700706482,0.0,1
17.20150589942932,0.0,1
17.20254898071289,0.0,1
17.203579425811768,0.0,1
17.203579425811768,0.0,1
17.204817295074463,0.0,1
17.205781936645508,0.0,1
17.20678162574768,0.0,1
17.208804845809937,0.0,1
17.208804845809937,0.0,1
17.209784507751465,0.0,1
17.211231470108032,0.0,1
17.212339639663696,0.0,1
17.214327335357666,0.0,1
17.214327335357666,0.0,1
17.215261220932007,0.0,1
17.216317653656006,0.0,1
17.217479705810547,0.0,1
17.21847653388977,0.0,1
17.219482421875,0.0,1
17.220531702041626,0.0,1
17.221482515335083,0.0,1
17.222718000411987,0.0,1
17.223727464675903,0.0,1
17.223727464675903,0.0,1
17.225744009017944,0.0,1
17.23285412788391,0.0,1
17.234061002731323,0.0,1
17.234061002731323,0.0,1
17.23527455329895,0.0,1
17.23527455329895,0.0,1
17.23627018928528,0.0,1
17.237339735031128,0.0,1
17.238329887390137,0.0,1
17.238329887390137,0.0,1
17.238329887390137,0.0,1
17.23936176300049,0.0,1
17.23936176300049,0.0,1
17.240390300750732,0.0,1
17.240390300750732,2e-05,1
17.241462230682373,2e-05,1
17.24891233444214,2e-05,1
17.24891233444214,2e-05,1
17.249878406524658,2e-05,1
17.25088119506836,2e-05,1
17.25088119506836,2e-05,1
17.251871824264526,2e-05,1
17.251871824264526,2e-05,1
17.251871824264526,2e-05,1
17.251871824264526,2e-05,1
17.251871824264526,2e-05,1
17.25286626815796,2e-05,1
17.25286626815796,2e-05,1
17.253864526748657,2e-05,1
17.254533052444458,2e-05,1
17.255050659179688,2e-05,1
17.25653386116028,2e-05,1
17.257583379745483,2e-05,1
17.258556127548218,2e-05,1
17.25957727432251,0.0,1
17.260576963424683,0.0,1
17.26099419593811,0.0,1
17.262266397476196,0.0,1
17.262266397476196,0.0,1
17.263778686523438,0.0,1
17.264883279800415,0.0,1
17.26587677001953,0.0,1
17.2668879032135,0.0,1
17.267887592315674,0.0,1
17.269879817962646,0.0,1
17.269879817962646,0.0,1
17.270875930786133,0.0,1
17.271875381469727,0.0,1
17.278717041015625,0.0,1
17.27969765663147,0.0,1
17.280742406845093,0.0,1
17.281708478927612,0.0,1
17.2826988697052,0.0,1
17.283701419830322,0.0,1
17.285771131515503,0.0,1
17.2867693901062,0.0,1
17.2867693901062,0.0,1
17.2867693901062,0.0,1
17.28882932662964,0.0,1
17.28882932662964,0.0,1
17.28882932662964,0.0,1
17.290097951889038,0.0,1
17.290097951889038,0.0,1
17.290097951889038,0.0,1
17.291157960891724,0.0,1
17.291157960891724,0.0,1
17.294639348983765,0.0,1
17.294639348983765,0.0,1
17.295628547668457,0.0,1
17.295628547668457,0.0,1
17.295628547668457,0.0,1
17.29645562171936,0.0,1
17.29645562171936,0.0,1
17.298110246658325,0.0,1
17.299180030822754,0.0,1
17.300294399261475,0.0,1
17.301347494125366,0.0,1
17.301347494125366,0.0,1
17.30276346206665,0.0,1
17.30374026298523,0.0,1
17.30574345588684,0.0,1
17.30574345588684,0.0,1
17.30773901939392,0.0,1
17.30874514579773,0.0,1
17.30974054336548,0.0,1
17.30974054336548,0.0,1
17.310874938964844,0.0,1
17.311866760253906,0.0,1
17.312876224517822,0.0,1
17.313868522644043,0.0,1
17.3148672580719,0.0,1
17.31590986251831,0.0,1
17.317556858062744,0.0,1
17.318692207336426,1e-05,1
17.318692207336426,1e-05,1
17.324308395385742,1e-05,1
17.325356245040894,1e-05,1
17.326308012008667,1e-05,1
17.327329635620117,1e-05,1
17.328314542770386,1e-05,1
17.32947278022766,1e-05,1
17.3304660320282,1e-05,1
17.331465005874634,1e-05,1
17.331465005874634,1e-05,1
17.33246350288391,1e-05,1
17.333466053009033,1e-05,1
17.333466053009033,0.0,1
17.334462642669678,0.0,1
17.338773727416992,0.0,1
17.34075927734375,0.0,1
17.34075927734375,0.0,1
17.34175753593445,0.0,1
17.34175753593445,0.0,1
17.34175753593445,0.0,1
17.34175753593445,0.0,1
17.34175753593445,1e-05,1
17.342763423919678,0.0,1
17.342763423919678,0.0,1
17.34375500679016,0.0,1
17.34375500679016,0.0,1
17.34485936164856,0.0,1
17.34688639640808,0.0,1
17.34688639640808,0.0,1
17.348028659820557,0.0,1
17.350054025650024,0.0,1
17.350054025650024,0.0,1
17.35111951828003,0.0,1
17.352318048477173,0.0,1
17.353469848632812,0.0,1
17.354509830474854,0.0,1
17.354509830474854,0.0,1
17.355865478515625,0.0,1
17.356861352920532,0.0,1
17.358866214752197,0.0,1
17.358866214752197,0.0,1
17.360867261886597,0.0,1
17.361888647079468,0.0,1
17.362886428833008,0.0,1
17.363874673843384,0.0,1
17.36547541618347,0.0,1
17.36547541618347,0.0,1
17.368846893310547,0.0,1
17.373413562774658,0.0,1
17.373413562774658,0.0,1
17.374408960342407,0.0,1
17.374408960342407,0.0,1
17.37644100189209,0.0,1
17.377936601638794,0.0,1
17.378913164138794,0.0,1
17.378913164138794,0.0,1
17.3799045085907,0.0,1
17.3799045085907,0.0,1
17.3799045085907,0.0,1
17.380945920944214,1e-05,1
17.38476037979126,1e-05,1
17.38476037979126,1e-05,1
17.38476037979126,1e-05,1
17.38476037979126,1e-05,1
17.38476037979126,1e-05,1
17.38476037979126,1e-05,1
17.385759830474854,1e-05,1
17.386549949645996,1e-05,1
17.386549949645996,1e-05,1
17.38853359222412,1e-05,1
17.38853359222412,1e-05,1
17.38991928100586,1e-05,1
17.39193868637085,1e-05,1
17.39193868637085,1e-05,1
17.392931938171387,1e-05,1
17.393928289413452,1e-05,1
17.394928216934204,1e-05,1
17.395928859710693,1e-05,1
17.397239208221436,1e-05,1
17.398385763168335,0.0,1
17.39935564994812,0.0,1
17.400380849838257,0.0,1
17.40138292312622,0.0,1
17.402382135391235,0.0,1
17.40338373184204,0.0,1
17.40453553199768,0.0,1
17.405569076538086,0.0,1
17.405569076538086,0.0,1
17.406757354736328,0.0,1
17.408748626708984,0.0,1
17.40981411933899,0.0,1
17.410791873931885,0.0,1
17.41179919242859,0.0,1
17.412749767303467,0.0,1
17.41698122024536,0.0,1
17.41698122024536,0.0,1
17.417985916137695,0.0,1
17.417985916137695,0.0,1
17.418979167938232,0.0,1
17.418979167938232,0.0,1
17.418979167938232,0.0,1
17.419979095458984,0.0,1
17.42497992515564,0.0,1
17.42497992515564,0.0,1
17.42497992515564,0.0,1
17.42497992515564,0.0,1
17.425491094589233,0.0,1
17.426487922668457,0.0,1
17.427508115768433,0.0,1
17.42851686477661,0.0,1
17.430519342422485,0.0,1
17.431499004364014,0.0,1
17.431499004364014,0.0,1
17.432527780532837,0.0,1
17.43351674079895,0.0,1
17.434515714645386,0.0,1
17.43552541732788,0.0,1
17.436494827270508,0.0,1
17.439494848251343,0.0,1
17.439494848251343,0.0,1
17.439494848251343,1e-05,1
17.440507650375366,1e-05,1
17.44154381752014,1e-05,1
17.44154381752014,1e-05,1
17.443569660186768,1e-05,1
17.44457745552063,1e-05,1
17.44457745552063,1e-05,1
17.447089672088623,1e-05,1
17.447089672088623,1e-05,1
17.448428630828857,1e-05,1
17.449635982513428,1e-05,1
17.450573682785034,1e-05,1
17.45156741142273,1e-05,1
17.452609062194824,1e-05,1
17.452609062194824,1e-05,1
17.457438707351685,1e-05,1
17.461313009262085,1e-05,1
17.462451696395874,1e-05,1
17.46546506881714,0.0,1
17.4705331325531,0.0,1
17.4705331325531,0.0,1
17.4705331325531,0.0,1
17.471514225006104,0.0,1
17.471514225006104,0.0,1
17.471514225006104,0.0,1
17.47355556488037,0.0,1
17.47355556488037,0.0,1
17.47355556488037,0.0,1
17.47355556488037,0.0,1
17.47355556488037,0.0,1
17.47355556488037,0.0,1
17.47355556488037,0.0,1
17.474515914916992,0.0,1
17.474515914916992,0.0,1
17.474515914916992,0.0,1
17.475518226623535,0.0,1
17.475518226623535,0.0,1
17.476531982421875,0.0,1
17.47753071784973,0.0,1
17.48392677307129,0.0,1
17.484916925430298,0.0,1
17.484916925430298,0.0,1
17.485937356948853,0.0,1
17.485937356948853,0.0,1
17.485937356948853,0.0,1
17.485937356948853,0.0,1
17.486915826797485,0.0,1
17.486915826797485,0.0,1
17.48994255065918,0.0,1
17.48994255065918,0.0,1
17.48994255065918,0.0,1
17.48994255065918,0.0,1
17.490957736968994,0.0,1
17.49195432662964,0.0,1
17.492955684661865,0.0,1
17.49895668029785,0.0,1
17.499974966049194,0.0,1
17.499974966049194,0.0,1
17.500956296920776,0.0,1
17.500956296920776,0.0,1
17.500956296920776,0.0,1
17.50597310066223,0.0,1
17.507987022399902,0.0,1
17.5090012550354,0.0,1
17.509963512420654,0.0,1
17.509963512420654,0.0,1
17.509963512420654,0.0,1
17.510982751846313,0.0,1
17.51197385787964,0.0,1
17.51197385787964,0.0,1
17.51197385787964,0.0,1
17.51197385787964,0.0,1
17.51297378540039,0.0,1
17.51297378540039,0.0,1
17.51297378540039,0.0,1
17.516977310180664,0.0,1
17.516977310180664,0.0,1
17.516977310180664,0.0,1
17.516977310180664,0.0,1
17.52010464668274,0.0,1
17.521113395690918,0.0,1
17.521113395690918,0.0,1
17.521113395690918,0.0,1
17.522467374801636,0.0,1
17.523489475250244,0.0,1
17.524617433547974,0.0,1
17.52942943572998,0.0,1
17.52942943572998,0.0,1
17.53044295310974,0.0,1
17.53044295310974,0.0,1
17.53044295310974,0.0,1
17.53044295310974,1e-05,1
17.53142261505127,1e-05,1
17.53243851661682,1e-05,1
17.533432722091675,1e-05,1
17.534432411193848,1e-05,1
17.53545570373535,1e-05,1
17.536463022232056,2e-05,1
17.53749656677246,2e-05,1
17.53853487968445,2e-05,1
17.53999352455139,2e-05,1
17.53999352455139,2e-05,1
17.541156768798828,2e-05,1
17.546576499938965,2e-05,1
17.553717613220215,2e-05,1
17.55471682548523,2e-05,1
17.555848598480225,2e-05,1
17.555848598480225,2e-05,1
17.556821584701538,2e-05,1
17.557822465896606,2e-05,1
17.560819625854492,2e-05,1
17.560819625854492,2e-05,1
17.561863660812378,2e-05,1
17.562821865081787,0.0,1
17.562821865081787,0.0,1
17.562821865081787,0.0,1
17.56456160545349,0.0,1
17.568719148635864,0.0,1
17.568719148635864,0.0,1
17.568719148635864,0.0,1
17.57109570503235,0.0,1
17.57109570503235,0.0,1
17.57109570503235,0.0,1
17.57109570503235,0.0,1
17.57109570503235,0.0,1
17.57109570503235,0.0,1
17.572096824645996,0.0,1
17.572096824645996,0.0,1
17.572096824645996,0.0,1
17.572096824645996,0.0,1
17.572096824645996,0.0,1
17.572096824645996,0.0,1
17.572096824645996,0.0,1
17.572096824645996,0.0,1
17.577134370803833,0.0,1
17.577134370803833,0.0,1
17.577134370803833,0.0,1
17.577134370803833,0.0,1
17.577134370803833,0.0,1
17.57916784286499,0.0,1
17.57916784286499,0.0,1
17.58023166656494,0.0,1
17.582284688949585,0.0,1
17.59027075767517,0.0,1
17.59027075767517,0.0,1
17.59129762649536,0.0,1
17.59129762649536,0.0,1
17.592276334762573,0.0,1
17.592276334762573,0.0,1
17.592276334762573,0.0,1
17.593272924423218,0.0,1
17.59870481491089,0.0,1
17.6027410030365,0.0,1
17.603756189346313,0.0,1
17.603756189346313,0.0,1
17.603756189346313,0.0,1
17.604755640029907,0.0,1
17.605754852294922,0.0,1
17.605754852294922,0.0,1
17.605754852294922,0.0,1
17.607922077178955,0.0,1
17.607922077178955,0.0,1
17.609278440475464,0.0,1
17.610424757003784,0.0,1
17.612407445907593,0.0,1
17.613386392593384,0.0,1
17.61437487602234,0.0,1
17.615391492843628,0.0,1
17.623631477355957,0.0,1
17.623631477355957,0.0,1
17.62827157974243,0.0,1
17.62827157974243,0.0,1
17.629281759262085,0.0,1
17.629281759262085,0.0,1
17.629281759262085,0.0,1
17.629281759262085,0.0,1
17.629281759262085,0.0,1
17.629281759262085,0.0,1
17.629281759262085,0.0,1
17.632476329803467,0.0,1
17.632476329803467,0.0,1
17.632476329803467,0.0,1
17.632476329803467,0.0,1
17.632476329803467,0.0,1
17.632476329803467,0.0,1
17.632476329803467,0.0,1
17.632476329803467,0.0,1
17.63347363471985,0.0,1
17.63347363471985,0.0,1
17.63347363471985,0.0,1
17.63347363471985,0.0,1
17.63347363471985,0.0,1
17.63347363471985,0.0,1
17.63347363471985,0.0,1
17.63347363471985,0.0,1
17.634527921676636,0.0,1
17.635481357574463,0.0,1
17.635481357574463,0.0,1
17.63681387901306,0.0,1
17.63782572746277,0.0,1
17.63882327079773,0.0,1
17.639822959899902,0.0,1
17.641870260238647,0.0,1
17.64286708831787,0.0,1
17.643843412399292,0.0,1
17.64484739303589,0.0,1
17.645848751068115,0.0,1
17.645848751068115,0.0,1
17.65009832382202,0.0,1
17.65109944343567,0.0,1
17.65109944343567,0.0,1
17.65109944343567,0.0,1
17.652097702026367,0.0,1
17.652097702026367,0.0,1
17.65410041809082,0.0,1
17.65410041809082,0.0,1
17.66010594367981,0.0,1
17.66010594367981,0.0,1
17.66341209411621,0.0,1
17.66341209411621,0.0,1
17.66341209411621,0.0,1
17.66341209411621,0.0,1
17.66341209411621,0.0,1
17.66341209411621,0.0,1
17.66341209411621,0.0,1
17.66341209411621,0.0,1
17.664932012557983,0.0,1
17.665966272354126,0.0,1
17.666959762573242,0.0,1
17.66794753074646,0.0,1
17.669983863830566,0.0,1
17.672130823135376,0.0,1
17.673134326934814,0.0,1
17.673134326934814,0.0,1
17.67413854598999,0.0,1
17.67413854598999,0.0,1
17.67513871192932,0.0,1
17.67615294456482,0.0,1
17.678155660629272,0.0,1
17.679133653640747,0.0,1
17.679133653640747,0.0,1
17.680194854736328,0.0,1
17.681190967559814,0.0,1
17.682190418243408,0.0,1
17.68319010734558,0.0,1
17.684192419052124,0.0,1
17.6851909160614,0.0,1
17.686198711395264,0.0,1
17.687225103378296,0.0,1
17.68821907043457,0.0,1
17.68921947479248,0.0,1
17.69022011756897,0.0,1
17.691224336624146,0.0,1
17.700244426727295,0.0,1
17.70120620727539,0.0,1
17.70222806930542,0.0,1
17.703218936920166,0.0,1
17.704198837280273,0.0,1
17.705193996429443,0.0,1
17.705193996429443,0.0,1
17.70654845237732,0.0,1
17.70779848098755,0.0,1
17.70779848098755,0.0,1
17.709831714630127,0.0,1
17.71083688735962,0.0,1
17.71083688735962,0.0,1
17.712831020355225,0.0,1
17.713833808898926,0.0,1
17.714831590652466,0.0,1
17.721808671951294,0.0,1
17.721808671951294,0.0,1
17.721808671951294,0.0,1
17.721808671951294,0.0,1
17.721808671951294,0.0,1
17.721808671951294,0.0,1
17.721808671951294,0.0,1
17.723253965377808,0.0,1
17.723253965377808,0.0,1
17.723253965377808,0.0,1
17.723253965377808,0.0,1
17.723253965377808,0.0,1
17.72456192970276,0.0,1
17.72456192970276,0.0,1
17.725521326065063,0.0,1
17.725521326065063,0.0,1
17.725521326065063,0.0,1
17.725521326065063,0.0,1
17.73131775856018,0.0,1
17.732367277145386,0.0,1
17.732959985733032,1e-05,1
17.733492136001587,0.0,1
17.733492136001587,0.0,1
17.733492136001587,0.0,1
17.733492136001587,0.0,1
17.736570119857788,0.0,1
17.736570119857788,0.0,1
17.736570119857788,0.0,1
17.736570119857788,0.0,1
17.73759436607361,0.0,1
17.73862910270691,0.0,1
17.73862910270691,0.0,1
17.740878343582153,0.0,1
17.740878343582153,0.0,1
17.74726700782776,0.0,1
17.74726700782776,0.0,1
17.74726700782776,0.0,1
17.74726700782776,0.0,1
17.74726700782776,0.0,1
17.74726700782776,0.0,1
17.748884916305542,0.0,1
17.750463485717773,0.0,1
17.750996589660645,0.0,1
17.75679874420166,0.0,1
17.761866807937622,0.0,1
17.761866807937622,0.0,1
17.762828588485718,0.0,1
17.762828588485718,0.0,1
17.762828588485718,0.0,1
17.7638258934021,0.0,1
17.7638258934021,0.0,1
17.7638258934021,0.0,1
17.764856338500977,0.0,1
17.764856338500977,0.0,1
17.765371322631836,0.0,1
17.766403436660767,0.0,1
17.766403436660767,0.0,1
17.76738166809082,0.0,1
17.76738166809082,0.0,1
17.768388032913208,0.0,1
17.768388032913208,0.0,1
17.778352737426758,0.0,1
17.778352737426758,0.0,1
17.782345294952393,0.0,1
17.782345294952393,0.0,1
17.782345294952393,0.0,1
17.782345294952393,0.0,1
17.782345294952393,0.0,1
17.782345294952393,0.0,1
17.782345294952393,0.0,1
17.783689260482788,0.0,1
17.784687757492065,0.0,1
17.784687757492065,0.0,1
17.785714149475098,0.0,1
17.785714149475098,0.0,1
17.785714149475098,0.0,1
17.785714149475098,0.0,1
17.785714149475098,0.0,1
17.78669571876526,0.0,1
17.787689208984375,0.0,1
17.788687705993652,0.0,1
17.792147874832153,0.0,1
17.792147874832153,0.0,1
17.792147874832153,0.0,1
17.792147874832153,0.0,1
17.794121503829956,0.0,1
17.794121503829956,0.0,1
17.796114921569824,0.0,1
17.79714035987854,0.0,1
17.79714035987854,0.0,1
17.82306933403015,0.0,1
17.825032711029053,0.0,1
17.8310329914093,0.0,1
17.83550238609314,0.0,1
17.836500644683838,0.0,1
17.837490558624268,0.0,1
17.842506885528564,0.0,1
17.842506885528564,0.0,1
17.843513011932373,0.0,1
17.844512939453125,0.0,1
17.844512939453125,0.0,1
17.84548568725586,0.0,1
17.847512245178223,1e-05,1
17.84852623939514,1e-05,1
17.85050678253174,1e-05,1
17.851507902145386,1e-05,1
17.858872413635254,1e-05,1
17.86187720298767,1e-05,1
17.86187720298767,1e-05,1
17.86187720298767,1e-05,1
17.86321783065796,1e-05,1
17.866747856140137,1e-05,1
17.867743968963623,1e-05,1
17.869744062423706,1e-05,1
17.872745275497437,0.0,1
17.872745275497437,0.0,1
17.872745275497437,0.0,1
17.873743057250977,0.0,1
17.873743057250977,0.0,1
17.874749898910522,0.0,1
17.874749898910522,1e-05,1
17.874749898910522,1e-05,1
17.875746726989746,1e-05,1
17.875746726989746,1e-05,1
17.87813925743103,1e-05,1
17.87917709350586,1e-05,1
17.87917709350586,1e-05,1
17.880174160003662,1e-05,1
17.881193161010742,1e-05,1
17.88837456703186,1e-05,1
17.91138982772827,1e-05,1
17.918848991394043,1e-05,1
17.92084288597107,1e-05,1
17.92184090614319,1e-05,1
17.922852039337158,1e-05,1
17.928843021392822,1e-05,1
17.929847240447998,1e-05,1
17.931845903396606,0.0,1
17.931845903396606,0.0,1
17.932843446731567,0.0,1
17.93384599685669,0.0,1
17.934844255447388,0.0,1
17.935842514038086,0.0,1
17.935842514038086,0.0,1
17.936842441558838,0.0,1
17.937848567962646,0.0,1
17.943344354629517,0.0,1
17.943344354629517,0.0,1
17.946342945098877,0.0,1
17.946342945098877,0.0,1
17.946342945098877,0.0,1
17.946342945098877,0.0,1
17.947343111038208,0.0,1
17.949344873428345,0.0,1
17.950377941131592,0.0,1
17.950377941131592,0.0,1
17.951377630233765,0.0,1
17.95238184928894,0.0,1
17.956374645233154,0.0,1
17.956374645233154,0.0,1
17.957359313964844,0.0,1
17.957359313964844,0.0,1
17.95835781097412,0.0,1
17.95835781097412,0.0,1
17.95835781097412,0.0,1
17.95835781097412,0.0,1
17.95935583114624,0.0,1
17.960379362106323,0.0,1
17.960379362106323,0.0,1
17.96138572692871,0.0,1
17.96138572692871,0.0,1
17.96235728263855,0.0,1
17.96235728263855,1e-05,1
17.963364601135254,1e-05,1
17.963364601135254,1e-05,1
17.963364601135254,1e-05,1
17.971982955932617,1e-05,1
17.973356008529663,1e-05,1
17.973869562149048,1e-05,1
17.973869562149048,1e-05,1
17.973869562149048,0.0,1
17.973869562149048,0.0,1
17.973869562149048,0.0,1
17.974916219711304,0.0,1
17.974916219711304,0.0,1
17.974916219711304,0.0,1
17.974916219711304,0.0,1
17.974916219711304,0.0,1
17.974916219711304,0.0,1
17.974916219711304,0.0,1
17.975929021835327,0.0,1
17.975929021835327,0.0,1
17.975929021835327,0.0,1
17.975929021835327,0.0,1
17.975929021835327,0.0,1
17.975929021835327,0.0,1
17.975929021835327,2e-05,1
17.976967573165894,2e-05,1
17.976967573165894,2e-05,1
17.977890253067017,2e-05,1
17.979162454605103,2e-05,1
17.979162454605103,2e-05,1
17.979162454605103,2e-05,1
17.980145931243896,2e-05,1
17.980145931243896,2e-05,1
17.980145931243896,2e-05,1
17.980145931243896,2e-05,1
17.98114514350891,2e-05,1
17.982186555862427,2e-05,1
17.982186555862427,2e-05,1
17.983120441436768,2e-05,1
17.983120441436768,2e-05,1
17.983120441436768,2e-05,1
17.983120441436768,2e-05,1
17.984338521957397,2e-05,1
17.984338521957397,2e-05,1
17.984338521957397,2e-05,1
17.984338521957397,0.0,1
17.984338521957397,0.0,1
17.985633373260498,1e-05,1
17.985633373260498,0.0,1
17.985633373260498,0.0,1
17.985633373260498,0.0,1
17.986629724502563,0.0,1
17.986629724502563,0.0,1
17.986629724502563,0.0,1
17.986629724502563,0.0,1
17.986629724502563,0.0,1
17.986629724502563,0.0,1
17.986629724502563,0.0,1
17.986629724502563,0.0,1
17.986629724502563,0.0,1
17.986629724502563,0.0,1
17.987632274627686,0.0,1
17.987632274627686,0.0,1
17.987632274627686,0.0,1
17.987632274627686,0.0,1
17.987632274627686,0.0,1
17.987632274627686,0.0,1
17.987632274627686,0.0,1
17.987632274627686,0.0,1
17.987632274627686,0.0,1
17.987632274627686,0.0,1
17.988627910614014,0.0,1
17.988627910614014,0.0,1
17.988627910614014,0.0,1
17.988627910614014,0.0,1
17.988627910614014,0.0,1
17.988627910614014,0.0,1
17.988627910614014,0.0,1
17.988627910614014,0.0,1
17.988627910614014,0.0,1
17.988627910614014,0.0,1
17.989630222320557,1e-05,1
17.989630222320557,1e-05,1
17.989630222320557,1e-05,1
17.989630222320557,1e-05,1
17.989630222320557,1e-05,1
17.989630222320557,1e-05,1
17.989630222320557,1e-05,1
17.989630222320557,1e-05,1
17.99062943458557,1e-05,1
17.99062943458557,1e-05,1
17.99062943458557,1e-05,1
17.99062943458557,1e-05,1
17.991631507873535,1e-05,1
17.991631507873535,1e-05,1
17.991631507873535,1e-05,1
17.991631507873535,1e-05,1
17.992635011672974,1e-05,1
17.992635011672974,1e-05,1
17.992635011672974,1e-05,1
17.992635011672974,1e-05,1
17.992635011672974,0.0,1
17.992635011672974,0.0,1
17.994090795516968,0.0,1
17.994090795516968,0.0,1
17.994090795516968,0.0,1
17.994090795516968,0.0,1
17.994090795516968,0.0,1
17.994090795516968,0.0,1
17.995170831680298,0.0,1
17.995170831680298,0.0,1
17.995170831680298,0.0,1
17.995170831680298,0.0,1
17.995170831680298,0.0,1
17.995170831680298,0.0,1
17.995170831680298,0.0,1
17.996163845062256,0.0,1
17.997156858444214,0.0,1
17.998157739639282,0.0,1
17.999197959899902,0.0,1
18.00140380859375,0.0,1
18.00140380859375,0.0,1
18.00443148612976,0.0,1
18.00443148612976,0.0,1
18.00443148612976,0.0,1
18.005434036254883,0.0,1
18.006446361541748,0.0,1
18.00742530822754,0.0,1
18.008450031280518,0.0,1
18.012446880340576,0.0,1
18.012446880340576,0.0,1
18.012446880340576,0.0,1
18.012446880340576,0.0,1
18.013432025909424,0.0,1
18.01441788673401,0.0,1
18.015517950057983,0.0,1
18.016510248184204,0.0,1
18.017483472824097,0.0,1
18.018524646759033,0.0,1
18.01952815055847,0.0,1
18.020522117614746,0.0,1
18.02252507209778,0.0,1
18.02252507209778,0.0,1
18.02352738380432,0.0,1
18.024526357650757,0.0,1
18.025524854660034,0.0,1
18.02652335166931,0.0,1
18.027523517608643,0.0,1
18.028531789779663,0.0,1
18.029525756835938,0.0,1
18.030523777008057,0.0,1
18.03152847290039,0.0,1
18.032528400421143,0.0,1
18.03552508354187,0.0,1
18.036524772644043,0.0,1
18.03754997253418,0.0,1
18.03754997253418,0.0,1
18.03754997253418,0.0,1
18.03852343559265,0.0,1
18.039527416229248,0.0,1
18.041544198989868,0.0,1
18.042572736740112,0.0,1
18.043556213378906,0.0,1
18.043556213378906,0.0,1
18.044564723968506,0.0,1
18.045541763305664,0.0,1
18.05111861228943,0.0,1
18.060102939605713,0.0,1
18.065687656402588,0.0,1
18.06982922554016,0.0,1
18.0708167552948,0.0,1
18.07280707359314,0.0,1
18.07481288909912,0.0,1
18.081830501556396,0.0,1
18.082808256149292,0.0,1
18.084810495376587,0.0,1
18.086807250976562,0.0,1
18.086807250976562,0.0,1
18.087804555892944,0.0,1
18.088810920715332,0.0,1
18.089807510375977,0.0,1
18.100934743881226,0.0,1
18.100934743881226,0.0,1
18.101945877075195,0.0,1
18.10491442680359,0.0,1
18.10491442680359,0.0,1
18.106929302215576,0.0,1
18.108924388885498,0.0,1
18.113913774490356,0.0,1
18.114919424057007,0.0,1
18.114919424057007,0.0,1
18.114919424057007,0.0,1
18.115941762924194,0.0,1
18.116919994354248,0.0,1
18.117948532104492,0.0,1
18.117948532104492,0.0,1
18.117948532104492,0.0,1
18.118935346603394,0.0,1
18.118935346603394,0.0,1
18.11991238594055,0.0,1
18.124918699264526,0.0,1
18.124918699264526,0.0,1
18.124918699264526,0.0,1
18.124918699264526,0.0,1
18.126319408416748,0.0,1
18.126319408416748,0.0,1
18.13540530204773,0.0,1
18.136404991149902,0.0,1
18.136404991149902,0.0,1
18.136404991149902,0.0,1
18.138401985168457,0.0,1
18.138401985168457,0.0,1
18.138401985168457,0.0,1
18.138401985168457,0.0,1
18.138401985168457,0.0,1
18.138401985168457,0.0,1
18.138401985168457,0.0,1
18.138401985168457,0.0,1
18.138401985168457,0.0,1
18.138401985168457,0.0,1
18.13939881324768,0.0,1
18.13939881324768,0.0,1
18.13939881324768,0.0,1
18.13939881324768,0.0,1
18.13939881324768,0.0,1
18.13939881324768,0.0,1
18.13939881324768,0.0,1
18.13939881324768,0.0,1
18.13939881324768,0.0,1
18.13939881324768,0.0,1
18.140395402908325,0.0,1
18.140395402908325,0.0,1
18.140395402908325,0.0,1
18.1414155960083,0.0,1
18.1414155960083,0.0,1
18.1414155960083,0.0,1
18.14238739013672,0.0,1
18.14238739013672,0.0,1
18.14238739013672,0.0,1
18.14238739013672,0.0,1
18.143381357192993,0.0,1
18.143381357192993,0.0,1
18.143381357192993,0.0,1
18.143381357192993,0.0,1
18.143381357192993,0.0,1
18.143381357192993,0.0,1
18.144384622573853,0.0,1
18.144384622573853,0.0,1
18.144384622573853,0.0,1
18.144384622573853,0.0,1
18.144384622573853,0.0,1
18.144384622573853,0.0,1
18.144384622573853,0.0,1
18.144384622573853,0.0,1
18.144384622573853,0.0,1
18.14543128013611,0.0,1
18.14543128013611,0.0,1
18.14543128013611,0.0,1
18.14543128013611,0.0,1
18.14543128013611,0.0,1
18.14543128013611,0.0,1
18.14543128013611,0.0,1
18.14543128013611,0.0,1
18.14543128013611,0.0,1
18.14543128013611,0.0,1
18.14543128013611,0.0,1
18.1464421749115,0.0,1
18.147499799728394,0.0,1
18.14848256111145,0.0,1
18.149420022964478,0.0,1
18.150580406188965,0.0,1
18.151700258255005,0.0,1
18.152671337127686,0.0,1
18.152671337127686,0.0,1
18.15467095375061,0.0,1
18.15567111968994,0.0,1
18.156676530838013,0.0,1
18.157697200775146,0.0,1
18.158687114715576,0.0,1
18.15967631340027,0.0,1
18.16329550743103,0.0,1
18.16329550743103,0.0,1
18.16329550743103,0.0,1
18.16329550743103,0.0,1
18.164790868759155,0.0,1
18.165295839309692,0.0,1
18.16655397415161,0.0,1
18.167645692825317,0.0,1
18.177643537521362,0.0,1
18.178688287734985,0.0,1
18.178688287734985,0.0,1
18.178688287734985,0.0,1
18.178688287734985,0.0,1
18.17965841293335,0.0,1
18.17965841293335,0.0,1
18.17965841293335,0.0,1
18.17965841293335,0.0,1
18.17965841293335,0.0,1
18.180641174316406,0.0,1
18.180641174316406,0.0,1
18.180641174316406,0.0,1
18.180641174316406,0.0,1
18.182129621505737,0.0,1
18.183109283447266,0.0,1
18.18416118621826,0.0,1
18.18548035621643,0.0,1
18.186455488204956,0.0,1
18.187334537506104,0.0,1
18.188387870788574,0.0,1
18.18936061859131,0.0,1
18.190366506576538,0.0,1
18.191351175308228,0.0,1
18.192933797836304,0.0,1
18.193963050842285,0.0,1
18.193963050842285,0.0,1
18.195950984954834,0.0,1
18.195950984954834,0.0,1
18.197956800460815,0.0,1
18.198983430862427,0.0,1
18.198983430862427,0.0,1
18.200194835662842,0.0,1
18.20119619369507,0.0,1
18.20219922065735,0.0,1
18.203184366226196,0.0,1
18.204184532165527,0.0,1
18.20889163017273,0.0,1
18.20889163017273,0.0,1
18.20989203453064,0.0,1
18.20989203453064,0.0,1
18.21090316772461,0.0,1
18.21090316772461,0.0,1
18.21187424659729,0.0,1
18.212895154953003,0.0,1
18.212895154953003,0.0,1
18.216896295547485,1e-05,1
18.216896295547485,1e-05,1
18.216896295547485,0.0,1
18.216896295547485,0.0,1
18.218522548675537,0.0,1
18.21944546699524,0.0,1
18.220500230789185,0.0,1
18.22150206565857,0.0,1
18.222496509552002,0.0,1
18.22372841835022,0.0,1
18.22372841835022,0.0,1
18.225215673446655,0.0,1
18.22629165649414,0.0,1
18.227296352386475,0.0,1
18.228249549865723,0.0,1
18.229246139526367,0.0,1
18.2303524017334,0.0,1
18.231382608413696,0.0,1
18.232381343841553,0.0,1
18.233409643173218,0.0,1
18.234407424926758,0.0,1
18.23541522026062,0.0,1
18.236602306365967,0.0,1
18.240615606307983,0.0,1
18.241640090942383,0.0,1
18.241640090942383,0.0,1
18.242621183395386,0.0,1
18.24361562728882,0.0,1
18.244620323181152,0.0,1
18.244620323181152,0.0,1
18.245618104934692,0.0,1
18.246615648269653,0.0,1
18.246615648269653,0.0,1
18.246615648269653,0.0,1
18.251758098602295,0.0,1
18.251758098602295,0.0,1
18.251758098602295,1e-05,1
18.251758098602295,0.0,1
18.25252342224121,0.0,1
18.253562211990356,0.0,1
18.253562211990356,0.0,1
18.254769563674927,0.0,1
18.25678062438965,0.0,1
18.257786989212036,0.0,1
18.257786989212036,0.0,1
18.259021997451782,0.0,1
18.259993314743042,0.0,1
18.260995864868164,0.0,1
18.261995315551758,0.0,1
18.262994050979614,0.0,1
18.264039278030396,0.0,1
18.265583753585815,0.0,1
18.265583753585815,0.0,1
18.26682734489441,0.0,1
18.26784348487854,0.0,1
18.26884436607361,0.0,1
18.26983952522278,0.0,1
18.27088165283203,0.0,1
18.271891117095947,0.0,1
18.273074626922607,0.0,1
18.27516770362854,0.0,1
18.27516770362854,0.0,1
18.276098251342773,0.0,1
18.27708411216736,0.0,1
18.278545141220093,0.0,1
18.279547929763794,0.0,1
18.280567407608032,0.0,1
18.28573489189148,0.0,1
18.28573489189148,0.0,1
18.28677225112915,0.0,1
18.28773045539856,0.0,1
18.28773045539856,0.0,1
18.288966417312622,0.0,1
18.2901451587677,0.0,1
18.2901451587677,0.0,1
18.291556358337402,0.0,1
18.29260802268982,0.0,1
18.29366111755371,0.0,1
18.294711351394653,0.0,1
18.294711351394653,0.0,1
18.29584789276123,0.0,1
18.29784846305847,0.0,1
18.304516315460205,0.0,1
18.305495023727417,0.0,1
18.305495023727417,0.0,1
18.305495023727417,0.0,1
18.305495023727417,0.0,1
18.305495023727417,0.0,1
18.305495023727417,0.0,1
18.305495023727417,0.0,1
18.305495023727417,0.0,1
18.305495023727417,0.0,1
18.30649161338806,0.0,1
18.307512521743774,0.0,1
18.308489084243774,0.0,1
18.310385704040527,1e-05,1
18.310385704040527,1e-05,1
18.311415910720825,1e-05,1
18.31250500679016,1e-05,1
18.31250500679016,1e-05,1
18.313803672790527,1e-05,1
18.314806938171387,1e-05,1
18.315810680389404,1e-05,1
18.316806077957153,1e-05,1
18.31880784034729,1e-05,1
18.31880784034729,1e-05,1
18.319806814193726,1e-05,1
18.32080626487732,1e-05,1
18.321821689605713,1e-05,1
18.322806358337402,1e-05,1
18.324827671051025,1e-05,1
18.3258113861084,1e-05,1
18.33002257347107,1e-05,1
18.334333896636963,1e-05,1
18.335496187210083,1e-05,1
18.335496187210083,0.0,1
18.335496187210083,0.0,1
18.33649253845215,0.0,1
18.33649253845215,0.0,1
18.337782621383667,0.0,1
18.337782621383667,0.0,1
18.338787078857422,0.0,1
18.338787078857422,0.0,1
18.33989691734314,0.0,1
18.33989691734314,0.0,1
18.340898990631104,0.0,1
18.341934204101562,0.0,1
18.350767850875854,0.0,1
18.355296850204468,0.0,1
18.355296850204468,0.0,1
18.355296850204468,0.0,1
18.355296850204468,0.0,1
18.355296850204468,0.0,1
18.355296850204468,0.0,1
18.356699228286743,0.0,1
18.356699228286743,0.0,1
18.358018398284912,0.0,1
18.358018398284912,0.0,1
18.358018398284912,0.0,1
18.35899591445923,0.0,1
18.36132001876831,0.0,1
18.36132001876831,0.0,1
18.36233353614807,0.0,1
18.36233353614807,0.0,1
18.36233353614807,0.0,1
18.36233353614807,0.0,1
18.36233353614807,0.0,1
18.36332058906555,0.0,1
18.36332058906555,0.0,1
18.363688945770264,0.0,1
18.363688945770264,0.0,1
18.364699363708496,0.0,1
18.366764307022095,0.0,1
18.367486238479614,0.0,1
18.36806559562683,0.0,1
18.36917018890381,0.0,1
18.37017798423767,0.0,1
18.37112307548523,0.0,1
18.37217402458191,0.0,1
18.37312412261963,0.0,1
18.387490272521973,0.0,1
18.38849186897278,0.0,1
18.38849186897278,0.0,1
18.391568422317505,0.0,1
18.39366340637207,0.0,1
18.3946590423584,0.0,1
18.40220069885254,0.0,1
18.40220069885254,0.0,1
18.40220069885254,0.0,1
18.403285026550293,0.0,1
18.403285026550293,0.0,1
18.40616512298584,0.0,1
18.40616512298584,0.0,1
18.4073646068573,0.0,1
18.40859866142273,0.0,1
18.40859866142273,0.0,1
18.409708738327026,0.0,1
18.409708738327026,0.0,1
18.409708738327026,0.0,1
18.41092014312744,0.0,1
18.41092014312744,0.0,1
18.417222023010254,0.0,1
18.41956329345703,5e-05,1
18.420564889907837,0.00022,1
18.424654245376587,0.00022,1
18.425654649734497,0.00022,1
18.429649829864502,0.00022,1
18.429649829864502,0.00022,1
18.430644989013672,0.00022,1
18.430644989013672,0.00022,1
18.431673049926758,0.00022,1
18.43272852897644,0.00022,1
18.43370771408081,0.00022,1
18.43370771408081,0.00022,1
18.43370771408081,0.00022,1
18.43470811843872,0.00022,1
18.44071078300476,0.00022,1
18.444199323654175,0.00022,1
18.444199323654175,0.00022,1
18.444199323654175,0.00022,1
18.444199323654175,0.00022,1
18.444199323654175,0.00022,1
18.445218324661255,0.00022,1
18.445218324661255,0.00022,1
18.445218324661255,0.00022,1
18.447465658187866,0.00013,1
18.447465658187866,0.0,1
18.447465658187866,0.0,1
18.447465658187866,0.0,1
18.447465658187866,0.0,1
18.448843479156494,0.0,1
18.448843479156494,0.0,1
18.448843479156494,0.0,1
18.448843479156494,0.0,1
18.448843479156494,0.0,1
18.448843479156494,0.0,1
18.449833869934082,0.0,1
18.449833869934082,0.0,1
18.449833869934082,0.0,1
18.449833869934082,0.0,1
18.449833869934082,0.0,1
18.449833869934082,0.0,1
18.449833869934082,0.0,1
18.449833869934082,0.0,1
18.449833869934082,0.0,1
18.450833320617676,0.0,1
18.450833320617676,0.0,1
18.450833320617676,0.0,1
18.450833320617676,0.0,1
18.450833320617676,0.0,1
18.450833320617676,0.0,1
18.450833320617676,0.0,1
18.450833320617676,0.0,1
18.450833320617676,0.0,1
18.45189666748047,0.0,1
18.45189666748047,0.00046,1
18.45285201072693,0.00046,1
18.453856706619263,0.00046,1
18.453856706619263,0.00046,1
18.45696449279785,0.00046,1
18.45797872543335,0.00046,1
18.45797872543335,0.00019,1
18.45797872543335,0.0,1
18.45797872543335,0.0,1
18.45797872543335,0.0,1
18.458974361419678,0.0,1
18.46098232269287,0.0,1
18.46202325820923,0.0,1
18.462981462478638,0.0,1
18.462981462478638,0.0,1
18.4725923538208,0.0,1
18.4725923538208,0.0,1
18.4725923538208,0.0,1
18.473630905151367,0.0,1
18.47570252418518,0.0,1
18.47770094871521,0.0,1
18.478695392608643,0.0,1
18.47968316078186,0.0,1
18.47968316078186,0.0,1
18.480681657791138,0.0,1
18.480681657791138,0.0,1
18.480681657791138,0.0,1
18.481682538986206,0.0,1
18.481682538986206,0.0,1
18.4867045879364,9e-05,1
18.4867045879364,9e-05,1
18.488908529281616,9e-05,1
18.488908529281616,9e-05,1
18.489978790283203,9e-05,1
18.489978790283203,9e-05,1
18.489978790283203,9e-05,1
18.490919589996338,0.0,1
18.490919589996338,0.0,1
18.490919589996338,0.0,1
18.490919589996338,0.0,1
18.490919589996338,0.0,1
18.491918563842773,0.0,1
18.491918563842773,0.0,1
18.49247980117798,0.0,1
18.495489835739136,0.0,1
18.495489835739136,0.0,1
18.495489835739136,0.0,1
18.496445417404175,0.0,1
18.497562646865845,0.0,1
18.497562646865845,0.0,1
18.499708652496338,0.00023,1
18.499708652496338,0.0,1
18.50293517112732,0.0,1
18.50293517112732,0.0,1
18.50293517112732,0.0,1
18.50392723083496,0.0,1
18.504935264587402,0.0,1
18.50697088241577,0.0,1
18.507951974868774,0.0,1
18.508968591690063,0.0,1
18.509984254837036,0.0,1
18.513174533843994,0.0,1
18.514186143875122,0.0,1
18.514186143875122,0.0,1
18.514186143875122,0.0,1
18.514186143875122,2e-05,1
18.52099370956421,2e-05,1
18.52192735671997,2e-05,1
18.52192735671997,2e-05,1
18.52298331260681,2e-05,1
18.52398657798767,2e-05,1
18.52398657798767,2e-05,1
18.528083562850952,0.00076,1
18.52932834625244,0.00076,1
18.530336380004883,0.00076,1
18.53226947784424,0.00076,1
18.534311771392822,0.00076,1
18.539741039276123,0.00076,1
18.539741039276123,0.00076,1
18.54075026512146,0.00076,1
18.54075026512146,0.00076,1
18.541738986968994,0.00076,1
18.541738986968994,0.00076,1
18.54476571083069,0.00076,1
18.54476571083069,0.00076,1
18.54476571083069,0.00076,1
18.54476571083069,0.00076,1
18.54476571083069,0.0,1
18.54476571083069,0.0,1
18.54476571083069,0.0,1
18.54476571083069,0.0,1
18.545758724212646,0.0,1
18.545758724212646,0.0,1
18.545758724212646,0.0,1
18.545758724212646,0.0,1
18.545758724212646,0.0,1
18.545758724212646,0.0,1
18.545758724212646,0.0,1
18.547468185424805,0.0,1
18.548532724380493,0.0,1
18.548532724380493,0.0,1
18.550763607025146,0.0,1
18.550763607025146,0.0,1
18.55176854133606,0.0,1
18.553182363510132,0.0,1
18.554193019866943,0.0,1
18.554193019866943,0.0,1
18.556694746017456,0.0,1
18.561699867248535,0.0,1
18.565895318984985,0.0,1
18.566906452178955,0.0,1
18.566906452178955,0.0,1
18.566906452178955,0.0,1
18.56791925430298,0.0,1
18.56791925430298,0.0,1
18.568949699401855,0.0,1
18.568949699401855,0.0,1
18.569950342178345,0.0,1
18.569950342178345,0.0,1
18.570948123931885,0.0,1
18.570948123931885,0.0,1
18.570948123931885,0.0,1
18.570948123931885,0.0,1
18.577411890029907,0.0,1
18.577411890029907,0.0,1
18.577411890029907,0.0,1
18.57852339744568,0.0,1
18.58057951927185,0.0,1
18.58057951927185,0.0,1
18.58057951927185,0.0,1
18.58057951927185,0.0,1
18.58057951927185,0.0,1
18.581604480743408,0.0,1
18.582518815994263,0.0,1
18.582730770111084,0.0,1
18.58375120162964,0.0,1
18.58475136756897,0.0,1
18.58575463294983,0.0,1
18.586750745773315,0.0,1
18.587766408920288,0.0,1
18.589752197265625,0.0,1
18.590752124786377,0.0,1
18.597429752349854,0.0,1
18.59845781326294,0.0,1
18.59845781326294,0.0,1
18.599427461624146,0.0,1
18.60144019126892,0.0,1
18.60144019126892,0.0,1
18.60144019126892,0.0,1
18.60144019126892,0.0,1
18.60144019126892,0.0,1
18.60144019126892,0.00011,1
18.60144019126892,0.00015,1
18.602423191070557,0.00015,1
18.603471040725708,0.00015,1
18.604510068893433,0.00015,1
18.615410089492798,0.00015,1
18.622788667678833,0.00015,1
18.624788522720337,0.00015,1
18.625805616378784,0.00015,1
18.6277916431427,0.00015,1
18.62880539894104,0.00015,1
18.630239248275757,0.00015,1
18.630239248275757,0.00015,1
18.63130831718445,0.00015,1
18.63530659675598,0.00015,1
18.636305570602417,0.0,1
18.637288093566895,0.0,1
18.637288093566895,0.0,1
18.637288093566895,0.0,1
18.637288093566895,0.0,1
18.637288093566895,0.0,1
18.637288093566895,0.0,1
18.637288093566895,0.0,1
18.63828992843628,0.0,1
18.640711307525635,0.0,1
18.641709566116333,0.0,1
18.641709566116333,0.0,1
18.641709566116333,0.0,1
18.641709566116333,0.0,1
18.641709566116333,0.0,1
18.641709566116333,8e-05,1
18.642711639404297,0.0,1
18.642711639404297,0.0,1
18.642711639404297,0.0,1
18.64372730255127,0.0,1
18.64372730255127,0.0,1
18.64471745491028,0.0,1
18.64471745491028,0.0,1
18.64471745491028,0.0,1
18.645718812942505,0.0,1
18.645718812942505,0.0,1
18.64670991897583,0.0,1
18.64670991897583,0.0,1
18.651736736297607,0.0,1
18.651736736297607,0.0,1
18.65274691581726,0.0,1
18.65274691581726,0.0,1
18.65274691581726,0.0,1
18.653738260269165,0.0,1
18.653738260269165,0.0,1
18.653738260269165,0.0,1
18.653738260269165,0.0,1
18.66112232208252,0.00027,1
18.664302110671997,0.00033,1
18.664302110671997,0.00033,1
18.664302110671997,0.00033,1
18.665807962417603,0.00033,1
18.665807962417603,0.00033,1
18.666812419891357,0.00033,1
18.666812419891357,0.00033,1
18.66882300376892,0.00033,1
18.66882300376892,0.00033,1
18.66982340812683,0.00033,1
18.670851469039917,0.00033,1
18.670851469039917,0.00033,1
18.672141313552856,0.00033,1
18.67881441116333,0.00033,1
18.67881441116333,0.00033,1
18.681228160858154,0.00033,1
18.681228160858154,0.00033,1
18.681228160858154,0.00033,1
18.681228160858154,0.00033,1
18.6822772026062,0.00033,1
18.6822772026062,0.00033,1
18.6822772026062,0.00033,1
18.6822772026062,0.0,1
18.6822772026062,0.0,1
18.6822772026062,0.0,1
18.6822772026062,0.0,1
18.6822772026062,0.0,1
18.6822772026062,0.0,1
18.683276414871216,0.0,1
18.683276414871216,0.0,1
18.683276414871216,0.0,1
18.684454917907715,0.0,1
18.685158252716064,0.0,1
18.687790870666504,0.0,1
18.687790870666504,0.0,1
18.687790870666504,0.0,1
18.689129114151,0.0,1
18.690330266952515,0.0,1
18.691327333450317,0.0,1
18.69235897064209,0.0,1
18.693377256393433,0.0,1
18.698179244995117,0.0,1
18.698179244995117,0.0,1
18.698179244995117,0.0,1
18.698179244995117,0.0,1
18.698179244995117,0.0,1
18.699127674102783,0.0,1
18.70015811920166,0.0,1
18.70114040374756,0.0,1
18.70315933227539,0.0,1
18.70315933227539,0.0,1
18.70893120765686,0.0,1
18.71099042892456,0.0,1
18.712029695510864,0.0,1
18.71304440498352,0.0,1
18.714224100112915,0.0,1
18.71531867980957,0.0,1
18.7179856300354,0.0,1
18.719000577926636,0.0,1
18.719000577926636,0.0,1
18.719000577926636,0.0,1
18.719000577926636,0.0,1
18.720278024673462,0.0,1
18.72135591506958,0.0,1
18.72135591506958,0.0,1
18.72135591506958,0.0,1
18.722733974456787,0.0,1
18.73001766204834,0.0,1
18.73001766204834,0.0,1
18.73001766204834,0.0,1
18.734440565109253,0.0,1
18.734440565109253,0.0,1
18.734440565109253,0.0,1
18.734440565109253,0.0,1
18.735628843307495,0.0,1
18.735628843307495,0.0,1
18.735628843307495,0.0,1
18.73765230178833,0.0,1
18.73765230178833,0.0,1
18.73765230178833,0.00015,1
18.73765230178833,8e-05,1
18.73765230178833,0.0,1
18.73765230178833,0.0,1
18.73765230178833,0.0,1
18.73862886428833,0.0,1
18.73862886428833,0.0,1
18.739320278167725,0.0,1
18.74055242538452,0.0,1
18.7415554523468,0.0,1
18.74255347251892,0.0,1
18.743555784225464,0.0,1
18.74448871612549,0.0,1
18.745455503463745,0.0,1
18.746583700180054,0.0,1
18.747594833374023,0.0,1
18.747594833374023,0.0,1
18.748913764953613,0.0,1
18.752294301986694,0.0,1
18.75529456138611,0.0,1
18.75529456138611,0.0,1
18.756282329559326,0.0,1
18.75732731819153,0.0,1
18.75828719139099,0.00026,1
18.759276151657104,0.00026,1
18.759276151657104,0.00026,1
18.760269165039062,0.00026,1
18.762269735336304,0.00026,1
18.762269735336304,0.00026,1
18.76326894760132,0.00026,1
18.76448678970337,0.00026,1
18.770493984222412,0.00026,1
18.770493984222412,0.00026,1
18.770493984222412,0.00026,1
18.776000499725342,0.00026,1
18.776000499725342,0.00026,1
18.777015924453735,0.00026,1
18.78122591972351,0.00026,1
18.78122591972351,0.0,1
18.78222346305847,0.0,1
18.78222346305847,0.0,1
18.78222346305847,0.0,1
18.78222346305847,0.0,1
18.78222346305847,0.0,1
18.78222346305847,0.0,1
18.78222346305847,0.0,1
18.78222346305847,0.0,1
18.783249378204346,0.0,1
18.783249378204346,0.0,1
18.783249378204346,0.0,1
18.783249378204346,0.0,1
18.783249378204346,0.0,1
18.784223079681396,0.0,1
18.785245418548584,0.0,1
18.78624677658081,0.0,1
18.787243604660034,0.0,1
18.788243293762207,0.0,1
18.79027509689331,0.0,1
18.79027509689331,0.0,1
18.798542499542236,0.0,1
18.80448889732361,0.00013,1
18.80448889732361,9e-05,1
18.805463314056396,9e-05,1
18.80646300315857,9e-05,1
18.807466506958008,9e-05,1
18.807466506958008,9e-05,1
18.808496475219727,9e-05,1
18.81047821044922,9e-05,1
18.81047821044922,9e-05,1
18.81047821044922,9e-05,1
18.811959266662598,9e-05,1
18.813005447387695,9e-05,1
18.813005447387695,9e-05,1
18.814361572265625,0.0,1
18.819385290145874,0.0,1
18.819385290145874,0.0,1
18.82041072845459,0.0,1
18.823968648910522,0.0,1
18.82628107070923,0.0,1
18.827738285064697,0.0,1
18.827738285064697,0.0,1
18.827738285064697,0.0,1
18.827738285064697,6e-05,1
18.827738285064697,6e-05,1
18.829720973968506,6e-05,1
18.830738067626953,6e-05,1
18.830738067626953,6e-05,1
18.830738067626953,6e-05,1
18.830738067626953,6e-05,1
18.832744598388672,6e-05,1
18.832744598388672,6e-05,1
18.832744598388672,6e-05,1
18.832744598388672,6e-05,1
18.833772897720337,6e-05,1
18.833772897720337,6e-05,1
18.833772897720337,6e-05,1
18.833772897720337,0.0,1
18.833772897720337,0.00014,1
18.833772897720337,0.00014,1
18.833772897720337,0.00014,1
18.83473801612854,0.00014,1
18.83473801612854,0.00014,1
18.83473801612854,0.00014,1
18.835739850997925,0.00014,1
18.836737871170044,0.00014,1
18.837735652923584,0.00014,1
18.840740203857422,0.00014,1
18.840740203857422,0.00014,1
18.840740203857422,0.00014,1
18.84173846244812,0.00014,1
18.843002796173096,0.00014,1
18.844074964523315,0.00014,1
18.845028400421143,0.00014,1
18.84619402885437,0.00014,1
18.84619402885437,0.00014,1
18.85327458381653,0.00014,1
18.854291915893555,0.00014,1
18.854291915893555,0.00014,1
18.855321645736694,0.00014,1
18.8572735786438,0.00014,1
18.859719276428223,0.00044,1
18.86080765724182,0.0,1
18.86080765724182,0.0,1
18.86182403564453,0.0,1
18.86182403564453,0.0,1
18.86282467842102,0.0,1
18.866356372833252,0.0,1
18.866356372833252,0.0,1
18.869377851486206,0.0,1
18.870389699935913,0.0,1
18.870389699935913,0.0,1
18.870389699935913,0.0,1
18.871392965316772,0.00011,1
18.871392965316772,0.00011,1
18.874377489089966,0.00011,1
18.875441789627075,0.00011,1
18.875441789627075,0.00011,1
18.87637686729431,0.00011,1
18.87637686729431,0.00011,1
18.87637686729431,0.00011,1
18.87637686729431,0.00011,1
18.87637686729431,5e-05,1
18.87637686729431,5e-05,1
18.87637686729431,5e-05,1
18.877368211746216,5e-05,1
18.87953495979309,5e-05,1
18.87953495979309,5e-05,1
18.87953495979309,5e-05,1
18.880496501922607,5e-05,1
18.881488800048828,5e-05,1
18.88254404067993,5e-05,1
18.883561611175537,5e-05,1
18.88450574874878,5e-05,1
18.88554573059082,5e-05,1
18.887543201446533,5e-05,1
18.887543201446533,5e-05,1
18.88854455947876,5e-05,1
18.889575004577637,5e-05,1
18.890855312347412,5e-05,1
18.89193367958069,5e-05,1
18.89193367958069,5e-05,1
18.89340305328369,5e-05,1
18.901841163635254,5e-05,1
18.90282154083252,0.0,1
18.903845071792603,0.00038,1
18.904877185821533,0.00038,1
18.906845092773438,0.00038,1
18.907886505126953,0.00038,1
18.90985679626465,0.00038,1
18.91186261177063,0.00038,1
18.918174982070923,0.00038,1
18.919190883636475,0.00038,1
18.919190883636475,0.00038,1
18.919190883636475,0.00038,1
18.919190883636475,0.00038,1
18.919190883636475,0.00038,1
18.920477151870728,0.00038,1
18.920477151870728,0.0,1
18.920477151870728,0.0,1
18.920477151870728,0.0,1
18.920477151870728,0.0,1
18.92098331451416,0.0,1
18.92098331451416,0.0,1
18.92098331451416,0.0,1
18.92098331451416,0.0,1
18.92098331451416,0.0,1
18.92098331451416,0.0,1
18.92098331451416,0.0,1
18.92098331451416,0.0,1
18.92098331451416,0.0,1
18.92201566696167,0.0,1
18.92303228378296,0.0,1
18.92399263381958,7e-05,1
18.924989700317383,7e-05,1
18.92602252960205,7e-05,1
18.926992177963257,7e-05,1
18.928130865097046,7e-05,1
18.92917513847351,7e-05,1
18.93053936958313,7e-05,1
18.93165946006775,0.0,1
18.9326753616333,0.0,1
18.9326753616333,0.0,1
18.93367338180542,0.0,1
18.934673309326172,0.0,1
18.935900688171387,0.0,1
18.93691873550415,0.0,1
18.937939643859863,0.0,1
18.938936710357666,0.0,1
18.939924716949463,0.0,1
18.940953493118286,0.0,1
18.942922830581665,0.0,1
18.94392728805542,0.0,1
18.94392728805542,0.0,1
18.94501519203186,0.0,1
18.94612145423889,0.00026,1
18.94721746444702,0.00026,1
18.948230504989624,0.00026,1
18.949273586273193,0.00026,1
18.955283164978027,0.00026,1
18.955283164978027,0.00026,1
18.95635175704956,0.00026,1
18.95740032196045,0.00026,1
18.95740032196045,0.0,1
18.95868229866028,0.0,1
18.95868229866028,0.0,1
18.960806131362915,0.0,1
18.960806131362915,0.0,1
18.961968183517456,0.0,1
18.962971925735474,0.0,1
18.96426773071289,0.0,1
18.96426773071289,0.0,1
18.96426773071289,0.0,1
18.965282678604126,0.0,1
18.967819213867188,0.0,1
18.96881914138794,0.0,1
18.96881914138794,0.0,1
18.96881914138794,0.0,1
18.969499588012695,0.00046,1
18.969499588012695,0.00046,1
18.971558809280396,0.00046,1
18.972803354263306,0.00046,1
18.97380232810974,0.00046,1
18.97380232810974,0.00046,1
18.97619652748108,0.00046,1
18.97721290588379,0.00046,1
18.97721290588379,0.00046,1
18.979192972183228,0.00046,1
18.980341911315918,0.00046,1
18.980341911315918,1e-05,1
18.981367826461792,1e-05,1
18.982617616653442,1e-05,1
18.983689069747925,1e-05,1
18.983689069747925,1e-05,1
18.985169410705566,1e-05,1
18.986190795898438,1e-05,1
18.987194061279297,1e-05,1
18.988197803497314,1e-05,1
18.98893928527832,0.0,1
18.98999333381653,0.0,1
18.991252899169922,0.0,1
18.99222707748413,0.0,1
18.993249654769897,0.0,1
18.994238138198853,0.0,1
18.995238065719604,0.0,1
18.996427059173584,0.0,1
18.997464656829834,0.0,1
18.99843144416809,0.0,1
18.99943733215332,0.0,1
19.000559091567993,0.0,1
19.001548767089844,0.0,1
19.002548217773438,0.0,1
19.003548860549927,0.0,1
19.00454807281494,7e-05,1
19.005544185638428,6e-05,1
19.006548643112183,0.0,1
19.007548332214355,0.0,1
19.008968114852905,0.0,1
19.010401248931885,0.0,1
19.010401248931885,0.0,1
19.0117506980896,0.0,1
19.01305079460144,0.0,1
19.02019691467285,0.0,1
19.02119731903076,0.0,1
19.02119731903076,0.0,1
19.0221951007843,0.0,1
19.0221951007843,0.0,1
19.023200035095215,0.0,1
19.025347471237183,0.0,1
19.026291370391846,0.0,1
19.026291370391846,0.0,1
19.026291370391846,0.0,1
19.027290105819702,0.0,1
19.027290105819702,0.0,1
19.028294563293457,0.00013,1
19.03127121925354,0.0,1
19.032271146774292,0.0,1
19.032271146774292,0.0,1
19.032271146774292,0.0,1
19.032271146774292,0.0,1
19.032271146774292,0.0,1
19.032271146774292,0.0,1
19.03352665901184,0.0,1
19.034451484680176,0.0,1
19.0355007648468,0.0,1
19.036492347717285,0.0,1
19.03751492500305,0.0,1
19.038492441177368,0.0,1
19.039528131484985,6e-05,1
19.04049563407898,6e-05,1
19.041521310806274,6e-05,1
19.042521476745605,6e-05,1
19.04387593269348,6e-05,1
19.044843673706055,6e-05,1
19.045856475830078,6e-05,1
19.045856475830078,6e-05,1
19.049089193344116,6e-05,1
19.049089193344116,6e-05,1
19.049089193344116,0.00047,1
19.050512313842773,0.00047,1
19.051557064056396,0.00047,1
19.052565336227417,0.00047,1
19.05366849899292,0.00047,1
19.0545437335968,0.00047,1
19.05555248260498,0.00047,1
19.056554555892944,0.00047,1
19.057557344436646,0.00047,1
19.058555603027344,0.00047,1
19.059552669525146,0.00047,1
19.06058669090271,0.00047,1
19.06155252456665,0.00047,1
19.062551498413086,4e-05,1
19.063612699508667,4e-05,1
19.064613580703735,0.00022,1
19.06561851501465,0.00022,1
19.06658148765564,0.00022,1
19.06658148765564,0.00022,1
19.067856311798096,0.00022,1
19.068944931030273,0.00022,1
19.070064783096313,0.00022,1
19.071078062057495,0.00022,1
19.072077751159668,0.00022,1
19.073079824447632,0.00022,1
19.074079513549805,0.00022,1
19.07931160926819,0.00022,1
19.081321239471436,0.00022,1
19.081321239471436,0.00022,1
19.082311153411865,0.00022,1
19.082311153411865,0.00022,1
19.08331561088562,0.00022,1
19.08331561088562,0.00022,1
19.084306955337524,0.00022,1
19.084306955337524,0.00022,1
19.089292526245117,0.00022,1
19.089292526245117,0.00022,1
19.089292526245117,0.00022,1
19.090290784835815,0.00022,1
19.090290784835815,0.00022,1
19.090290784835815,0.00022,1
19.091291427612305,0.00022,1
19.09147071838379,0.0,1
19.09251070022583,0.0,1
19.09355401992798,0.0,1
19.094736576080322,0.0,1
19.094736576080322,0.0,1
19.095706939697266,0.0,1
19.0967116355896,0.0,1
19.09770679473877,0.0,1
19.098738193511963,0.0,1
19.100736379623413,0.0,1
19.100736379623413,0.0,1
19.102705240249634,0.0,1
19.102705240249634,0.0,1
19.10370945930481,0.0,1
19.104739665985107,0.0,1
19.107758045196533,0.00042,1
19.107758045196533,0.00042,1
19.108743906021118,0.00042,1
19.10972023010254,0.00042,1
19.110751390457153,0.00042,1
19.111713409423828,0.00042,1
19.112720012664795,0.00042,1
19.113717794418335,0.00042,1
19.11471700668335,0.00042,1
19.11471700668335,0.00042,1
19.11614990234375,0.00042,1
19.117470741271973,0.00042,1
19.11851930618286,0.00042,1
19.11953043937683,0.00042,1
19.120548486709595,0.00042,1
19.126981258392334,0.00042,1
19.128963947296143,0.00042,1
19.129988193511963,0.00042,1
19.131980180740356,0.00042,1
19.133995056152344,0.00042,1
19.13667893409729,0.00042,1
19.13819408416748,2e-05,1
19.138700008392334,0.0,1
19.138700008392334,0.0,1
19.13971781730652,0.0,1
19.140875101089478,0.0,1
19.145227909088135,0.0,1
19.145227909088135,0.0,1
19.145227909088135,0.0,1
19.145227909088135,0.0,1
19.145227909088135,0.0,1
19.145227909088135,0.0,1
19.145227909088135,0.0,1
19.146210193634033,0.0,1
19.146210193634033,0.0,1
19.146210193634033,0.0,1
19.146210193634033,0.0,1
19.146210193634033,0.0,1
19.146210193634033,0.0,1
19.146210193634033,0.0,1
19.146210193634033,0.0,1
19.147443771362305,0.0,1
19.148539304733276,0.0,1
19.149551153182983,0.0,1
19.149551153182983,0.0,1
19.150769233703613,0.0,1
19.151776552200317,0.0,1
19.15278172492981,0.0,1
19.153775215148926,0.0,1
19.155841588974,0.0,1
19.156787633895874,0.0,1
19.156787633895874,0.0,1
19.15881896018982,0.0,1
19.159826040267944,0.0,1
19.160812854766846,0.0,1
19.1618709564209,0.0,1
19.162817001342773,0.0,1
19.16418194770813,0.0,1
19.165196418762207,0.0,1
19.165196418762207,0.0,1
19.166708946228027,0.0,1
19.167494297027588,0.0,1
19.168506622314453,0.0,1
19.169508695602417,0.0,1
19.17051100730896,0.0,1
19.1715030670166,0.0,1
19.17250919342041,0.0,1
19.173547983169556,0.0,1
19.174509286880493,0.0,1
19.175516605377197,0.0,1
19.176506757736206,0.0,1
19.17750382423401,0.0,1
19.178592920303345,0.0,1
19.17959451675415,0.00029,1
19.180593967437744,0.0,1
19.181479454040527,0.0,1
19.182453632354736,0.0,1
19.182453632354736,0.0,1
19.188051223754883,0.0,1
19.188051223754883,0.0,1
19.188051223754883,0.0,1
19.189031839370728,0.0,1
19.189031839370728,0.0,1
19.190051794052124,0.0,1
19.191076517105103,0.0,1
19.191076517105103,0.0,1
19.192050218582153,0.0,1
19.196075677871704,0.0,1
19.196075677871704,0.0,1
19.196075677871704,0.0,1
19.196075677871704,0.0,1
19.197309017181396,0.0,1
19.198723793029785,0.0,1
19.198723793029785,0.0,1
19.20045304298401,0.0,1
19.20152759552002,0.0,1
19.202406883239746,0.0003,1
19.202406883239746,0.0,1
19.204755306243896,0.0,1
19.205745458602905,0.0,1
19.206756353378296,0.0,1
19.207786798477173,0.0,1
19.207786798477173,0.0,1
19.209776639938354,0.0,1
19.21074342727661,0.0,1
19.21177077293396,0.0,1
19.21177077293396,0.0,1
19.212996244430542,0.0,1
19.214043378829956,0.0,1
19.214994430541992,0.0,1
19.21604061126709,0.0,1
19.2171368598938,0.0,1
19.218465328216553,0.0,1
19.219563007354736,0.0,1
19.220569133758545,0.0,1
19.22157883644104,0.0,1
19.22269868850708,0.0,1
19.22370147705078,0.0,1
19.224700212478638,0.0,1
19.225733041763306,0.0,1
19.22675657272339,0.0,1
19.227697372436523,0.0,1
19.229738473892212,0.0,1
19.229738473892212,0.0,1
19.24016761779785,0.0,1
19.241151332855225,0.0,1
19.24227523803711,0.0,1
19.24227523803711,0.0,1
19.243295907974243,0.0,1
19.243295907974243,0.0,1
19.243295907974243,0.0,1
19.244292497634888,0.0,1
19.245293617248535,0.00026,1
19.24630093574524,0.00026,1
19.24630093574524,0.00069,1
19.247294187545776,0.00069,1
19.24829363822937,0.00069,1
19.25233793258667,0.00069,1
19.25233793258667,0.00069,1
19.25233793258667,0.00069,1
19.25233793258667,0.00069,1
19.25233793258667,0.00069,1
19.25233793258667,0.00069,1
19.253371238708496,0.00069,1
19.253371238708496,0.00069,1
19.253371238708496,0.00069,1
19.253371238708496,0.00069,1
19.253371238708496,0.00069,1
19.254497051239014,0.00069,1
19.25581979751587,0.00069,1
19.257007598876953,0.00069,1
19.257007598876953,0.00069,1
19.259087085723877,0.00069,1
19.260111331939697,0.00069,1
19.260111331939697,0.00069,1
19.262051820755005,0.00068,1
19.262051820755005,0.00068,1
19.26307439804077,0.00068,1
19.264050483703613,0.00068,1
19.265506982803345,0.00068,1
19.265506982803345,0.0,1
19.267053365707397,0.0,1
19.26806926727295,0.0,1
19.269070863723755,0.0,1
19.270125150680542,0.0,1
19.271111726760864,0.0,1
19.27207040786743,0.0,1
19.274081230163574,0.0,1
19.274081230163574,0.0,1
19.275102376937866,0.0,1
19.276100397109985,0.0,1
19.277070999145508,0.0,1
19.278077363967896,0.0,1
19.279424905776978,0.0,1
19.280555248260498,0.0,1
19.280555248260498,0.0,1
19.282453536987305,0.0,1
19.28342580795288,0.0,1
19.28446888923645,0.0,1
19.28548836708069,0.0,1
19.286452770233154,0.0,1
19.28749179840088,0.0,1
19.28848958015442,0.0,1
19.289490222930908,0.0,1
19.289490222930908,0.0,1
19.290755033493042,0.0,1
19.29366159439087,0.0,1
19.29366159439087,0.0,1
19.295162677764893,0.0,1
19.299274444580078,0.0,1
19.299274444580078,0.0,1
19.299274444580078,0.0,1
19.300270795822144,0.0,1
19.300270795822144,6e-05,1
19.301289319992065,6e-05,1
19.301289319992065,6e-05,1
19.302253246307373,6e-05,1
19.30327081680298,6e-05,1
19.308265209197998,6e-05,1
19.308265209197998,6e-05,1
19.308265209197998,6e-05,1
19.308265209197998,6e-05,1
19.309298992156982,6e-05,1
19.309298992156982,6e-05,1
19.31131863594055,6e-05,1
19.31131863594055,6e-05,1
19.313257455825806,6e-05,1
19.313257455825806,6e-05,1
19.31425452232361,6e-05,1
19.315277338027954,6e-05,1
19.317262649536133,6e-05,1
19.317262649536133,6e-05,1
19.31829333305359,0.0,1
19.319262981414795,0.0,1
19.32025456428528,0.0,1
19.321255683898926,0.0,1
19.322250366210938,0.0,1
19.323269367218018,0.0,1
19.324677228927612,0.0,1
19.32568359375,0.0,1
19.326680183410645,0.0,1
19.32770538330078,0.0,1
19.328702926635742,0.0,1
19.32971477508545,0.0,1
19.33070659637451,0.0,1
19.331732511520386,0.0,1
19.33270502090454,0.0,1
19.33270502090454,0.0,1
19.334704399108887,0.0,1
19.334704399108887,0.0,1
19.335701942443848,0.0,1
19.336702823638916,0.0,1
19.337702751159668,0.0,1
19.3461811542511,0.0,1
19.34752583503723,0.0,1
19.348586320877075,0.0,1
19.34967851638794,0.0,1
19.35200572013855,0.00025,1
19.3530056476593,0.00025,1
19.35400629043579,0.00025,1
19.35502338409424,0.00025,1
19.35502338409424,0.00025,1
19.35651421546936,0.00025,1
19.35651421546936,0.00025,1
19.357816219329834,0.00025,1
19.361933708190918,0.00025,1
19.361933708190918,0.00025,1
19.361933708190918,0.00025,1
19.361933708190918,0.00025,1
19.361933708190918,0.00025,1
19.361933708190918,0.00025,1
19.362950801849365,0.00025,1
19.362950801849365,0.00025,1
19.362950801849365,0.00025,1
19.362950801849365,0.00025,1
19.362950801849365,0.00025,1
19.362950801849365,0.00025,1
19.362950801849365,7e-05,1
19.363932132720947,0.00011,1
19.365471363067627,0.00011,1
19.36656379699707,0.00011,1
19.367040634155273,0.00011,1
19.368154048919678,0.00011,1
19.369157314300537,0.00011,1
19.370182991027832,0.00011,1
19.37119436264038,0.00011,1
19.372169256210327,0.00011,1
19.373197317123413,0.00011,1
19.37422227859497,0.00011,1
19.37524962425232,0.00011,1
19.376264572143555,0.00011,1
19.377238273620605,0.00062,1
19.378237009048462,0.00062,1
19.379265069961548,0.00026,1
19.380237340927124,0.00026,1
19.381266355514526,0.00026,1
19.382266759872437,0.00026,1
19.383492469787598,0.00026,1
19.384499073028564,0.00026,1
19.38548517227173,0.00026,1
19.386526346206665,0.00026,1
19.387446403503418,0.00026,1
19.3883216381073,0.00026,1
19.389336824417114,0.00026,1
19.39036202430725,0.00026,1
19.391337871551514,0.00026,1
19.392335891723633,0.00026,1
19.393336534500122,0.00026,1
19.394776105880737,0.00026,1
19.394776105880737,0.00026,1
19.39579153060913,0.00026,1
19.396775007247925,0.00026,1
19.397804260253906,0.00026,1
19.398799657821655,0.00026,1
19.40425205230713,0.0,1
19.40425205230713,0.0,1
19.40425205230713,8e-05,1
19.405251502990723,8e-05,1
19.406265258789062,8e-05,1
19.406265258789062,8e-05,1
19.407320261001587,8e-05,1
19.408321380615234,8e-05,1
19.408321380615234,8e-05,1
19.409319639205933,8e-05,1
19.413326501846313,8e-05,1
19.414317846298218,8e-05,1
19.414317846298218,8e-05,1
19.414317846298218,0.00029,1
19.414317846298218,0.00029,1
19.415319681167603,0.00029,1
19.41650104522705,0.00029,1
19.417489290237427,0.00029,1
19.41852116584778,0.00029,1
19.41951823234558,0.00029,1
19.42050266265869,0.0,1
19.421501874923706,0.0,1
19.422509908676147,0.0,1
19.423505783081055,0.0,1
19.42450189590454,0.0,1
19.425506591796875,0.0,1
19.426502227783203,0.0,1
19.42751145362854,0.0,1
19.428505182266235,0.0,1
19.42952585220337,0.0,1
19.430505990982056,0.0,1
19.43150568008423,0.0,1
19.43250584602356,0.0,1
19.43352961540222,0.0,1
19.434502124786377,0.0,1
19.43556785583496,0.00056,1
19.43650484085083,0.0,1
19.437568187713623,0.00016,1
19.43850588798523,0.00016,1
19.439559936523438,0.00016,1
19.440510034561157,0.00016,1
19.441527128219604,0.00016,1
19.44259023666382,0.00016,1
19.444514513015747,0.00016,1
19.444514513015747,0.00016,1
19.446518421173096,0.00016,1
19.450754165649414,0.00016,1
19.46132206916809,0.00016,1
19.463386297225952,0.00016,1
19.467361211776733,0.00016,1
19.47026014328003,0.00016,1
19.47414803504944,0.00016,1
19.475471019744873,0.00016,1
19.477723360061646,0.00016,1
19.487550973892212,0.00016,1
19.487550973892212,0.00016,1
19.487550973892212,0.00016,1
19.487550973892212,0.00016,1
19.4893696308136,0.00013,1
19.4893696308136,0.00013,1
19.4893696308136,5e-05,1
19.4893696308136,5e-05,1
19.4903883934021,5e-05,1
19.4903883934021,5e-05,1
19.4903883934021,5e-05,1
19.4903883934021,5e-05,1
19.4903883934021,5e-05,1
19.4903883934021,5e-05,1
19.491602182388306,5e-05,1
19.491602182388306,5e-05,1
19.491602182388306,5e-05,1
19.491602182388306,0.0,1
19.493654251098633,0.0,1
19.493654251098633,0.0,1
19.493654251098633,0.0,1
19.494698524475098,0.0,1
19.494698524475098,0.0,1
19.49571919441223,0.00031,1
19.49571919441223,0.00031,1
19.49571919441223,0.00031,1
19.49571919441223,0.00031,1
19.49571919441223,0.00031,1
19.497102975845337,0.00031,1
19.497102975845337,0.00031,1
19.49855947494507,0.00031,1
19.49959945678711,0.00031,1
19.49959945678711,0.00031,1
19.49959945678711,0.00031,1
19.500659704208374,0.00031,1
19.500659704208374,0.00031,1
19.50160002708435,0.00031,1
19.50262475013733,0.00031,1
19.503594398498535,0.00031,1
19.503594398498535,0.00031,1
19.503594398498535,0.00031,1
19.504616737365723,0.00031,1
19.504616737365723,0.00031,1
19.50561285018921,0.00031,1
19.50561285018921,0.00031,1
19.506630420684814,0.00031,1
19.506630420684814,0.00031,1
19.506630420684814,0.0,1
19.506630420684814,0.0,1
19.50773811340332,0.0,1
19.50773811340332,0.0,1
19.50773811340332,0.0,1
19.50773811340332,0.0,1
19.50773811340332,0.0,1
19.50876545906067,0.0,1
19.509763717651367,0.0,1
19.51044249534607,0.0,1
19.51167106628418,0.0,1
19.51245665550232,0.0,1
19.513495683670044,0.0,1
19.51449489593506,0.0,1
19.515483140945435,1e-05,1
19.516454935073853,0.0,1
19.517507314682007,0.0,1
19.51850414276123,0.0,1
19.519508838653564,0.0,1
19.520504236221313,0.0,1
19.52151131629944,0.0,1
19.522510290145874,0.0,1
19.52350378036499,0.0,1
19.524513244628906,0.0,1
19.533515214920044,0.0,1
19.534505128860474,0.0,1
19.534505128860474,0.0,1
19.535504817962646,0.0,1
19.535504817962646,0.0,1
19.536503076553345,0.0,1
19.537502765655518,0.0,1
19.537502765655518,0.0,1
19.538506746292114,0.0,1
19.539504766464233,0.0,1
19.539504766464233,0.0,1
19.539504766464233,0.0,1
19.540510654449463,0.0,1
19.540510654449463,0.0,1
19.540510654449463,0.0,1
19.541733026504517,0.0,1
19.54474925994873,0.0,1
19.54474925994873,0.0,1
19.54474925994873,0.0,1
19.54474925994873,0.0,1
19.54474925994873,0.0,1
19.5457501411438,0.0,1
19.547543048858643,0.0,1
19.547918558120728,0.0,1
19.54892659187317,0.0,1
19.550467014312744,0.0,1
19.551459789276123,0.0,1
19.552417278289795,0.0,1
19.553504943847656,0.0,1
19.554514169692993,0.0,1
19.555511474609375,0.0,1
19.556513786315918,0.0,1
19.556513786315918,0.0,1
19.55775260925293,0.0,1
19.55975103378296,0.0,1
19.55975103378296,0.0,1
19.560750007629395,0.0,1
19.562751531600952,0.0,1
19.562751531600952,0.0,1
19.564470291137695,0.0,1
19.565529108047485,0.0,1
19.566668272018433,0.0,1
19.567667484283447,0.0,1
19.568236827850342,0.0,1
19.568236827850342,0.0,1
19.570722341537476,0.0,1
19.570722341537476,0.0,1
19.579084396362305,0.0,1
19.579084396362305,0.0,1
19.58053731918335,0.0,1
19.58053731918335,0.0,1
19.58053731918335,0.0,1
19.581557512283325,0.0,1
19.581557512283325,0.0,1
19.581557512283325,0.0,1
19.58258557319641,0.0,1
19.58258557319641,0.0,1
19.583595275878906,0.0,1
19.583595275878906,0.0,1
19.583595275878906,0.0,1
19.584904432296753,0.0,1
19.589526414871216,0.0,1
19.589526414871216,0.0,1
19.589526414871216,0.0,1
19.589526414871216,0.0,1
19.590616941452026,0.0,1
19.59148406982422,0.0,1
19.59256100654602,0.0,1
19.592941761016846,0.0,1
19.594032287597656,0.0,1
19.59533667564392,0.0,1
19.595845222473145,0.0,1
19.596864938735962,0.0001,1
19.597858428955078,0.0001,1
19.598859310150146,0.0001,1
19.600860118865967,0.0001,1
19.601856231689453,0.0001,1
19.601856231689453,0.0001,1
19.602875232696533,0.0,1
19.604310274124146,0.0,1
19.605326414108276,0.0,1
19.606311321258545,0.0,1
19.60731339454651,0.0,1
19.609424114227295,0.0,1
19.609424114227295,0.0,1
19.610334873199463,0.0,1
19.61130690574646,0.0,1
19.61233949661255,0.0,1
19.613317728042603,0.00028,1
19.61432194709778,0.00028,1
19.615310192108154,0.00028,1
19.61654567718506,0.00028,1
19.617557287216187,0.00028,1
19.62056040763855,0.00028,1
19.622565507888794,0.00028,1
19.624560832977295,0.00028,1
19.625557899475098,0.00028,1
19.627554178237915,0.00028,1
19.628554344177246,0.00028,1
19.628554344177246,0.00028,1
19.629555225372314,0.00028,1
19.629555225372314,0.00028,1
19.633986473083496,0.00028,1
19.633986473083496,0.00028,1
19.633986473083496,0.00028,1
19.634960412979126,0.00028,1
19.634960412979126,0.00028,1
19.634960412979126,0.00028,1
19.634960412979126,0.00046,1
19.634960412979126,0.00046,1
19.634960412979126,0.0,1
19.635961055755615,0.0,1
19.636958122253418,0.0,1
19.638974905014038,0.0,1
19.639416456222534,0.0,1
19.64046597480774,0.0,1
19.641480207443237,0.0,1
19.642478227615356,0.0,1
19.643479824066162,0.0,1
19.64447808265686,0.0,1
19.645477533340454,0.0,1
19.646496295928955,0.0,1
19.647515058517456,0.00021,1
19.648524522781372,0.00021,1
19.649478435516357,0.00021,1
19.650514364242554,0.00021,1
19.651524543762207,0.00021,1
19.652478218078613,0.00021,1
19.653523683547974,0.00021,1
19.65448570251465,7e-05,1
19.655492544174194,7e-05,1
19.656482934951782,7e-05,1
19.65850019454956,7e-05,1
19.65850019454956,7e-05,1
19.660093307495117,7e-05,1
19.661109447479248,7e-05,1
19.662171840667725,7e-05,1
19.662689208984375,7e-05,1
19.66867470741272,7e-05,1
19.669642448425293,7e-05,1
19.67165994644165,7e-05,1
19.67264413833618,7e-05,1
19.67264413833618,7e-05,1
19.673645496368408,7e-05,1
19.673645496368408,0.0,1
19.673645496368408,0.0,1
19.674644470214844,9e-05,1
19.674644470214844,9e-05,1
19.67764663696289,9e-05,1
19.67764663696289,9e-05,1
19.67864227294922,9e-05,1
19.67864227294922,9e-05,1
19.67864227294922,9e-05,1
19.67864227294922,9e-05,1
19.679418087005615,0.0,1
19.680503606796265,0.0,1
19.680503606796265,0.0,1
19.682641744613647,0.0,1
19.682641744613647,0.0,1
19.684685468673706,0.0,1
19.684685468673706,0.0,1
19.685741186141968,0.0,1
19.686738967895508,0.0,1
19.6877498626709,0.0,1
19.689741134643555,0.0,1
19.689741134643555,0.0,1
19.691749095916748,0.0,1
19.691749095916748,0.0,1
19.69281578063965,0.0,1
19.693828105926514,0.0,1
19.694833755493164,0.0,1
19.695828914642334,0.0,1
19.697427988052368,0.0,1
19.69821000099182,0.0,1
19.69933819770813,0.0,1
19.70056176185608,0.0,1
19.701565742492676,0.0,1
19.70256495475769,0.0,1
19.703567504882812,0.0,1
19.704565048217773,0.0,1
19.705570697784424,0.0,1
19.706591367721558,0.0,1
19.707568407058716,0.0,1
19.7086021900177,0.0,1
19.709571361541748,0.0,1
19.71415138244629,0.0,1
19.71564483642578,0.0,1
19.71564483642578,0.0,1
19.71564483642578,0.0,1
19.717715978622437,0.0,1
19.717715978622437,0.0,1
19.717715978622437,0.0,1
19.717715978622437,0.0,1
19.71897268295288,0.0,1
19.71897268295288,0.0,1
19.724079370498657,0.0,1
19.724079370498657,0.0,1
19.72512912750244,0.0,1
19.72512912750244,2e-05,1
19.72512912750244,2e-05,1
19.726149320602417,2e-05,1
19.726149320602417,2e-05,1
19.727113962173462,2e-05,1
19.728096961975098,2e-05,1
19.72910475730896,2e-05,1
19.730470418930054,2e-05,1
19.731166124343872,2e-05,1
19.732717752456665,2e-05,1
19.73373579978943,2e-05,1
19.73373579978943,2e-05,1
19.73495101928711,2e-05,1
19.73700189590454,2e-05,1
19.73799729347229,2e-05,1
19.738980054855347,2e-05,1
19.739990234375,2e-05,1
19.739990234375,2e-05,1
19.740981101989746,2e-05,1
19.742428064346313,2e-05,1
19.743473529815674,0.0,1
19.74451780319214,0.0,1
19.746517419815063,0.0,1
19.746517419815063,0.0,1
19.747506141662598,0.0,1
19.74846887588501,0.0,1
19.749547719955444,0.0,1
19.750422716140747,0.0,1
19.75222396850586,0.0,1
19.75222396850586,0.0,1
19.753317832946777,0.0,1
19.75445032119751,0.0,1
19.75445032119751,0.0,1
19.7560772895813,0.0,1
19.76545786857605,0.0,1
19.767513036727905,0.0,1
19.767513036727905,0.0,1
19.76803684234619,0.0,1
19.76803684234619,0.0,1
19.769047260284424,0.0,1
19.769047260284424,0.0,1
19.77043056488037,0.0,1
19.771442413330078,0.0,1
19.771442413330078,0.0,1
19.771442413330078,0.0,1
19.7754225730896,0.0,1
19.7754225730896,0.0,1
19.7754225730896,0.0,1
19.7764413356781,0.0,1
19.7764413356781,0.0,1
19.7764413356781,0.0,1
19.7764413356781,0.0,1
19.7764413356781,0.0,1
19.7764413356781,0.0,1
19.777459383010864,0.0,1
19.778483152389526,0.0,1
19.77942657470703,0.0,1
19.780534029006958,0.0,1
19.780534029006958,0.0,1
19.7816743850708,0.0,1
19.78270721435547,0.0,1
19.783692836761475,0.0,1
19.784698486328125,0.0,1
19.7856924533844,0.0,1
19.78669500350952,0.0,1
19.78869938850403,0.0,1
19.789697885513306,0.0,1
19.79075336456299,0.0,1
19.79075336456299,0.0,1
19.792693853378296,0.0,1
19.792693853378296,0.0,1
19.793829917907715,0.0,1
19.79484510421753,0.0,1
19.795849323272705,0.0,1
19.796842575073242,0.0,1
19.798464059829712,0.0,1
19.79943060874939,0.0,1
19.80046057701111,0.0,1
19.80146837234497,0.0,1
19.80247449874878,1e-05,1
19.803468227386475,1e-05,1
19.81344962120056,1e-05,1
19.81444525718689,1e-05,1
19.81544303894043,1e-05,1
19.816482305526733,1e-05,1
19.816482305526733,1e-05,1
19.817480325698853,1e-05,1
19.817480325698853,1e-05,1
19.818483591079712,1e-05,1
19.818483591079712,1e-05,1
19.8194899559021,1e-05,1
19.8194899559021,1e-05,1
19.8194899559021,0.0,1
19.82048225402832,0.0,1
19.82048225402832,0.0,1
19.82048225402832,0.0,1
19.821481943130493,0.0,1
19.828494548797607,0.0,1
19.828494548797607,0.0,1
19.828494548797607,0.0,1
19.829503059387207,0.0,1
19.829503059387207,1e-05,1
19.830501079559326,0.0,1
19.830501079559326,0.0,1
19.830501079559326,0.0,1
19.830501079559326,0.0,1
19.830501079559326,0.0,1
19.831512451171875,0.0,1
19.831512451171875,0.0,1
19.832496404647827,0.0,1
19.833487510681152,0.0,1
19.834489583969116,0.0,1
19.835482597351074,0.0,1
19.836697578430176,0.0,1
19.83771800994873,0.0,1
19.838743209838867,0.0,1
19.839728355407715,0.0,1
19.839728355407715,0.0,1
19.841710090637207,0.0,1
19.842460870742798,0.0,1
19.84358549118042,0.0,1
19.844420909881592,0.0,1
19.845460176467896,0.0,1
19.846469402313232,0.0,1
19.847432136535645,0.0,1
19.848636388778687,0.0,1
19.848636388778687,0.0,1
19.85064959526062,0.0,1
19.85064959526062,0.0,1
19.85190224647522,0.0,1
19.85291337966919,0.0,1
19.854132413864136,0.0,1
19.855170965194702,0.0,1
19.856171369552612,0.0,1
19.85827374458313,0.0,1
19.8592267036438,0.0,1
19.8592267036438,0.0,1
19.861158847808838,0.0,1
19.861158847808838,0.0,1
19.86324167251587,1e-05,1
19.86324167251587,1e-05,1
19.864471912384033,1e-05,1
19.866087675094604,1e-05,1
19.871376991271973,1e-05,1
19.871376991271973,1e-05,1
19.87240195274353,1e-05,1
19.87240195274353,1e-05,1
19.87340021133423,1e-05,1
19.87340021133423,1e-05,1
19.874391794204712,1e-05,1
19.875372409820557,1e-05,1
19.875372409820557,1e-05,1
19.87640953063965,1e-05,1
19.87640953063965,1e-05,1
19.883400440216064,1e-05,1
19.883400440216064,1e-05,1
19.883400440216064,1e-05,1
19.883400440216064,1e-05,1
19.883400440216064,1e-05,1
19.883400440216064,0.0,1
19.883400440216064,0.0,1
19.884442567825317,0.0,1
19.885451793670654,0.0,1
19.88636541366577,0.0,1
19.887428283691406,0.0,1
19.88840103149414,0.0,1
19.889410257339478,0.0,1
19.8904128074646,0.0,1
19.892447471618652,0.0,1
19.892447471618652,0.0,1
19.89341711997986,0.0,1
19.894445657730103,0.0,1
19.895410537719727,0.0,1
19.896456718444824,0.0,1
19.89747452735901,0.0,1
19.898633241653442,0.0,1
19.898633241653442,0.0,1
19.900762796401978,0.0,1
19.900762796401978,0.0,1
19.902178287506104,0.0,1
19.9034206867218,0.0,1
19.904441118240356,0.0,1
19.905736207962036,0.0,1
19.90674376487732,0.0,1
19.9077467918396,0.0,1
19.908775806427002,0.0,1
19.909677267074585,0.0,1
19.909677267074585,0.0,1
19.911694765090942,0.0,1
19.911694765090942,0.0,1
19.91674542427063,0.0,1
19.91674542427063,0.0,1
19.91674542427063,0.0,1
19.917688608169556,0.0,1
19.917688608169556,0.0,1
19.917688608169556,0.0,1
19.918729305267334,0.0,1
19.92401957511902,0.0,1
19.92401957511902,0.0,1
19.92401957511902,0.0,1
19.92401957511902,1e-05,1
19.92401957511902,1e-05,1
19.92511296272278,1e-05,1
19.92607283592224,1e-05,1
19.927083730697632,1e-05,1
19.929024696350098,1e-05,1
19.929024696350098,1e-05,1
19.93041181564331,1e-05,1
19.93159246444702,1e-05,1
19.93217635154724,1e-05,1
19.9332332611084,1e-05,1
19.934232711791992,1e-05,1
19.93523859977722,1e-05,1
19.936216354370117,1e-05,1
19.93723154067993,1e-05,1
19.939197063446045,1e-05,1
19.939197063446045,1e-05,1
19.94021463394165,1e-05,1
19.941219568252563,0.0,1
19.942343711853027,0.0,1
19.943498373031616,0.0,1
19.94441032409668,0.0,1
19.945400953292847,0.0,1
19.94645929336548,0.0,1
19.94743037223816,0.0,1
19.948429822921753,0.0,1
19.94943404197693,0.0,1
19.950335264205933,0.0,1
19.951478242874146,0.0,1
19.9524929523468,0.0,1
19.953501224517822,0.0,1
19.95450234413147,0.0,1
19.955506324768066,0.0,1
19.956507921218872,0.0,1
19.957506895065308,0.0,1
19.958504915237427,0.0,1
19.96050214767456,0.0,1
19.963500499725342,0.0,1
19.963500499725342,0.0,1
19.964499711990356,0.0,1
19.964499711990356,0.0,1
19.964499711990356,0.0,1
19.965505361557007,0.0,1
19.966500520706177,0.0,1
19.966500520706177,0.0,1
19.971060514450073,0.0,1
19.971060514450073,0.0,1
19.971060514450073,0.0,1
19.971060514450073,0.0,1
19.97239589691162,0.0,1
19.973503351211548,0.0,1
19.974576234817505,0.0,1
19.974576234817505,0.0,1
19.975738763809204,0.0,1
19.976701736450195,0.0,1
19.977717876434326,0.0,1
19.97972869873047,0.0,1
19.97972869873047,0.0,1
19.98082160949707,0.0,1
19.981815814971924,0.0,1
19.983829498291016,0.0,1
19.983829498291016,0.0,1
19.984817504882812,0.0,1
19.98581838607788,0.0,1
19.987818717956543,0.0,1
19.987818717956543,0.0,1
19.98997187614441,0.0,1
19.990955114364624,0.0,1
19.99195146560669,0.0,1
19.99195146560669,0.0,1
19.993476390838623,0.0,1
19.994493007659912,0.0,1
19.995495796203613,0.0,1
19.996516942977905,0.0,1
19.997490644454956,0.0,1
19.998533248901367,0.0,1
19.99957299232483,0.0,1
20.00052285194397,0.0,1
20.00088143348694,0.0,1
20.001911401748657,0.0,1
20.002914667129517,0.0,1
20.003909826278687,0.0,1
20.00498652458191,0.0,1
20.0069637298584,0.0,1
20.0069637298584,0.0,1
20.016183137893677,0.0,1
20.017396688461304,0.0,1
20.018476247787476,0.0,1
20.018476247787476,0.0,1
20.019614219665527,0.0,1
20.019614219665527,0.0,1
20.020691633224487,1e-05,1
20.020691633224487,1e-05,1
20.022186756134033,1e-05,1
20.022186756134033,1e-05,1
20.022186756134033,1e-05,1
20.023614406585693,1e-05,1
20.023614406585693,2e-05,1
20.027777910232544,2e-05,1
20.027777910232544,2e-05,1
20.027777910232544,2e-05,1
20.027777910232544,2e-05,1
20.027777910232544,2e-05,1
20.02873396873474,2e-05,1
20.02873396873474,2e-05,1
20.02873396873474,2e-05,1
20.02949333190918,2e-05,1
20.030547857284546,2e-05,1
20.031524896621704,2e-05,1
20.032068014144897,2e-05,1
20.033082485198975,2e-05,1
20.034082174301147,2e-05,1
20.035088300704956,2e-05,1
20.03608226776123,0.0,1
20.03708505630493,0.0,1
20.038188219070435,0.0,1
20.039382934570312,0.0,1
20.0403950214386,0.0,1
20.041398525238037,0.0,1
20.042400121688843,0.0,1
20.04372215270996,0.0,1
20.044721126556396,0.0,1
20.044721126556396,0.0,1
20.04579448699951,0.0,1
20.046782732009888,0.0,1
20.048484086990356,0.0,1
20.049493551254272,0.0,1
20.05050778388977,0.0,1
20.05148220062256,0.0,1
20.05224585533142,0.0,1
20.05349349975586,0.0,1
20.055933713912964,0.0,1
20.06101155281067,0.0,1
20.06101155281067,0.0,1
20.062012672424316,0.0,1
20.062012672424316,0.0,1
20.062012672424316,0.0,1
20.06300663948059,0.0,1
20.06300663948059,0.0,1
20.064054489135742,0.0,1
20.064054489135742,0.0,1
20.064054489135742,0.0,1
20.06500506401062,0.0,1
20.066014051437378,0.0,1
20.070749282836914,0.0,1
20.070749282836914,0.0,1
20.070749282836914,0.0,1
20.070749282836914,0.0,1
20.0718891620636,0.0,1
20.07275676727295,0.0,1
20.07275676727295,0.0,1
20.074522256851196,0.0,1
20.075483560562134,0.0,1
20.07649564743042,0.0,1
20.077507972717285,0.0,1
20.07850742340088,0.0,1
20.079508304595947,0.0,1
20.080516576766968,0.0,1
20.081507444381714,0.0,1
20.08250880241394,0.0,1
20.083508491516113,0.0,1
20.084506034851074,0.0,1
20.085505723953247,0.0,1
20.085505723953247,0.0,1
20.08690595626831,0.0,1
20.087907552719116,0.0,1
20.08991527557373,0.0,1
20.090906858444214,0.0,1
20.090906858444214,0.0,1
20.092963933944702,0.0,1
20.092963933944702,0.0,1
20.093916416168213,0.0,1
20.095167636871338,0.0,1
20.096709966659546,0.0,1
20.096709966659546,0.0,1
20.09850263595581,0.0,1
20.099512338638306,0.0,1
20.100512742996216,0.0,1
20.101935148239136,0.0,1
20.10490345954895,0.0,1
20.10912013053894,0.0,1
20.10912013053894,0.0,1
20.110039949417114,0.0,1
20.110039949417114,0.0,1
20.110039949417114,0.0,1
20.111125469207764,0.0,1
20.111125469207764,0.0,1
20.111125469207764,0.0,1
20.11234211921692,0.0,1
20.11234211921692,0.0,1
20.113389492034912,0.0,1
20.114408016204834,0.0,1
20.116947650909424,0.0,1
20.116947650909424,0.0,1
20.118427991867065,0.0,1
20.118427991867065,0.0,1
20.11949372291565,0.0,1
20.120651483535767,0.0,1
20.120964527130127,0.0,1
20.122003078460693,0.0,1
20.12400221824646,0.0,1
20.12498426437378,0.0,1
20.126017332077026,0.0,1
20.126017332077026,0.0,1
20.127986431121826,0.0,1
20.12926173210144,0.0,1
20.12926173210144,0.0,1
20.130263805389404,0.0,1
20.13269567489624,0.0,1
20.13269567489624,0.0,1
20.13367247581482,0.0,1
20.13367247581482,0.0,1
20.134836435317993,0.0,1
20.135830402374268,0.0,1
20.137829065322876,0.0,1
20.13882851600647,0.0,1
20.139822483062744,0.0,1
20.140835762023926,0.0,1
20.141348361968994,0.0,1
20.142672300338745,0.0,1
20.1437029838562,0.0,1
20.144458293914795,0.0,1
20.14547324180603,0.0,1
20.14633870124817,0.0,1
20.147461414337158,0.0,1
20.148500680923462,0.0,1
20.150005340576172,0.0,1
20.153000116348267,0.0,1
20.153000116348267,0.0,1
20.154008626937866,0.0,1
20.154008626937866,0.0,1
20.154008626937866,0.0,1
20.157421588897705,0.0,1
20.158493518829346,0.0,1
20.15987491607666,0.0,1
20.160921573638916,0.0,1
20.160921573638916,0.0,1
20.161873817443848,0.0,1
20.162980318069458,0.0,1
20.164406061172485,0.0,1
20.165897369384766,0.0,1
20.166900634765625,0.0,1
20.166900634765625,0.0,1
20.170591831207275,0.0,1
20.170591831207275,0.0,1
20.170591831207275,0.0,1
20.170591831207275,0.0,1
20.172088146209717,0.0,1
20.172088146209717,0.0,1
20.172088146209717,0.0,1
20.173207759857178,0.0,1
20.174458742141724,0.0,1
20.175440311431885,0.0,1
20.176470279693604,0.0,1
20.177462577819824,0.0,1
20.17846703529358,0.0,1
20.17945957183838,0.0,1
20.180464029312134,0.0,1
20.181462287902832,0.0,1
20.182461977005005,0.0,1
20.183461904525757,0.0,1
20.184462070465088,0.0,1
20.185470581054688,0.0,1
20.18646240234375,0.0,1
20.18744730949402,0.0,1
20.188472509384155,0.0,1
20.188472509384155,0.0,1
20.19096088409424,0.0,1
20.19096088409424,0.0,1
20.192423105239868,0.0,1
20.193487405776978,0.0,1
20.194430828094482,0.0,1
20.195429801940918,0.0,1
20.19643211364746,0.0,1
20.197450399398804,0.0,1
20.198430061340332,0.0,1
20.199435710906982,0.0,1
20.20043444633484,0.0,1
20.201446533203125,0.0,1
20.202432870864868,0.0,1
20.203452825546265,0.0,1
20.20499062538147,0.0,1
20.20499062538147,0.0,1
20.205990076065063,0.0,1
20.20703649520874,0.0,1
20.207993030548096,0.0,1
20.209046125411987,0.0,1
20.210028409957886,0.0,1
20.21429419517517,0.0,1
20.215296506881714,1e-05,1
20.215296506881714,0.0,1
20.215296506881714,0.0,1
20.21631669998169,0.0,1
20.21631669998169,0.0,1
20.218289375305176,0.0,1
20.218289375305176,0.0,1
20.219300270080566,0.0,1
20.2239830493927,0.0,1
20.2239830493927,0.0,1
20.225000143051147,0.0,1
20.225000143051147,0.0,1
20.22599720954895,0.0,1
20.227002143859863,0.0,1
20.228020191192627,0.0,1
20.228020191192627,0.0,1
20.228020191192627,0.0,1
20.2289936542511,0.0,1
20.230308532714844,0.0,1
20.231388568878174,0.0,1
20.232529163360596,0.0,1
20.233424425125122,0.0,1
20.234431505203247,0.0,1
20.235470056533813,0.0,1
20.236456871032715,0.0,1
20.237428903579712,0.0,1
20.238450527191162,0.0,1
20.239153385162354,0.0,1
20.240472555160522,0.0,1
20.241462469100952,0.0,1
20.24245834350586,0.0,1
20.243452310562134,0.0,1
20.24447250366211,0.0,1
20.245462894439697,0.0,1
20.246461391448975,0.0,1
20.247485876083374,0.0,1
20.248469352722168,0.0,1
20.249452590942383,0.0,1
20.250449895858765,0.0,1
20.251455783843994,0.0,1
20.252452850341797,0.0,1
20.253451824188232,0.0,1
20.25446128845215,0.0,1
20.255460500717163,0.0,1
20.2564594745636,0.0,1
20.25755000114441,0.0,1
20.259562969207764,0.0,1
20.26354146003723,0.0,1
20.26454496383667,0.0,1
20.26454496383667,0.0,1
20.265544652938843,0.0,1
20.265544652938843,0.0,1
20.265544652938843,0.0,1
20.265544652938843,0.0,1
20.266544580459595,0.0,1
20.26728391647339,0.0,1
20.268348217010498,0.0,1
20.27220106124878,0.0,1
20.27220106124878,0.0,1
20.27220106124878,0.0,1
20.27220106124878,0.0,1
20.274232149124146,0.0,1
20.274232149124146,0.0,1
20.27630853652954,0.0,1
20.27630853652954,0.0,1
20.277323961257935,0.0,1
20.27832293510437,0.0,1
20.279710054397583,0.0,1
20.280789375305176,0.0,1
20.280789375305176,0.0,1
20.282248735427856,0.0,1
20.283442735671997,0.0,1
20.284454584121704,0.0,1
20.285447359085083,0.0,1
20.286460161209106,0.0,1
20.28743004798889,0.0,1
20.288503408432007,0.0,1
20.28947877883911,0.0,1
20.29047393798828,0.0,1
20.291476488113403,0.0,1
20.292475700378418,0.0,1
20.29347515106201,0.0,1
20.29449462890625,1e-05,1
20.295495986938477,1e-05,1
20.29649043083191,1e-05,1
20.29748773574829,1e-05,1
20.298489809036255,1e-05,1
20.299487352371216,1e-05,1
20.30049777030945,1e-05,1
20.301496982574463,1e-05,1
20.30247735977173,1e-05,1
20.30347466468811,1e-05,1
20.304481506347656,1e-05,1
20.307488679885864,1e-05,1
20.3118736743927,0.0,1
20.3118736743927,0.0,1
20.3118736743927,0.0,1
20.312901496887207,0.0,1
20.312901496887207,0.0,1
20.31392502784729,0.0,1
20.31392502784729,1e-05,1
20.3149197101593,1e-05,1
20.315923929214478,1e-05,1
20.315923929214478,1e-05,1
20.316913604736328,1e-05,1
20.320902585983276,1e-05,1
20.320902585983276,1e-05,1
20.320902585983276,1e-05,1
20.320902585983276,1e-05,1
20.322315454483032,1e-05,1
20.322315454483032,1e-05,1
20.32339906692505,1e-05,1
20.324487686157227,1e-05,1
20.325536489486694,1e-05,1
20.325536489486694,1e-05,1
20.326739072799683,1e-05,1
20.327733993530273,1e-05,1
20.328736305236816,0.0,1
20.329741716384888,0.0,1
20.331733226776123,0.0,1
20.331733226776123,0.0,1
20.332802295684814,0.0,1
20.333829641342163,0.0,1
20.334829568862915,0.0,1
20.33583164215088,0.0,1
20.33695077896118,0.0,1
20.337969064712524,0.0,1
20.339959144592285,0.0,1
20.340963125228882,0.0,1
20.340963125228882,0.0,1
20.342981576919556,0.0,1
20.343963623046875,0.0,1
20.343963623046875,0.0,1
20.344958305358887,0.0,1
20.34595775604248,0.0,1
20.34699511528015,0.0,1
20.348981857299805,0.0,1
20.348981857299805,0.0,1
20.35007095336914,0.0,1
20.35236430168152,0.0,1
20.35236430168152,0.0,1
20.3558189868927,0.0,1
20.357922315597534,0.0,1
20.358802556991577,0.0,1
20.35985493659973,0.0,1
20.360801696777344,0.0,1
20.360801696777344,0.0,1
20.36187434196472,0.0,1
20.362958669662476,0.0,1
20.36396622657776,0.0,1
20.364965200424194,0.0,1
20.36634397506714,0.0,1
20.367553234100342,1e-05,1
20.367553234100342,1e-05,1
20.368548154830933,1e-05,1
20.369157552719116,1e-05,1
20.369157552719116,1e-05,1
20.369157552719116,1e-05,1
20.37330651283264,1e-05,1
20.37428116798401,1e-05,1
20.37428116798401,0.0,1
20.37428116798401,0.0,1
20.37428116798401,0.0,1
20.375488758087158,0.0,1
20.37648344039917,0.0,1
20.37749743461609,0.0,1
20.378503561019897,0.0,1
20.379502534866333,0.0,1
20.38051199913025,0.0,1
20.38154363632202,0.0,1
20.382545948028564,0.0,1
20.383557558059692,0.0,1
20.38466787338257,0.0,1
20.385671615600586,0.0,1
20.386675357818604,0.0,1
20.387674570083618,0.0,1
20.388672351837158,2e-05,1
20.389675855636597,2e-05,1
20.390671968460083,2e-05,1
20.391672372817993,2e-05,1
20.392690658569336,2e-05,1
20.393553256988525,2e-05,1
20.39422845840454,2e-05,1
20.395318508148193,2e-05,1
20.396333932876587,2e-05,1
20.40134072303772,2e-05,1
20.402268886566162,2e-05,1
20.403249263763428,2e-05,1
20.403249263763428,2e-05,1
20.404250383377075,2e-05,1
20.406254291534424,2e-05,1
20.408252954483032,2e-05,1
20.41028380393982,2e-05,1
20.412249088287354,2e-05,1
20.415006399154663,2e-05,1
20.418105840682983,2e-05,1
20.421929359436035,2e-05,1
20.43765902519226,0.0,1
20.43765902519226,0.0,1
20.43765902519226,1e-05,1
20.43765902519226,0.0,1
20.43765902519226,0.0,1
20.438688278198242,0.0,1
20.438688278198242,0.0,1
20.439229726791382,0.0,1
20.439783573150635,0.0,1
20.439783573150635,0.0,1
20.439783573150635,0.0,1
20.439783573150635,0.0,1
20.439783573150635,0.0,1
20.439783573150635,0.0,1
20.440811157226562,0.0,1
20.440811157226562,0.0,1
20.440811157226562,0.0,1
20.441328763961792,0.0,1
20.441328763961792,0.0,1
20.441863775253296,0.0,1
20.441863775253296,0.0,1
20.443493604660034,0.0,1
20.443493604660034,0.0,1
20.443493604660034,0.0,1
20.443493604660034,0.0,1
20.444574117660522,0.0,1
20.444574117660522,0.0,1
20.444574117660522,0.0,1
20.444574117660522,0.0,1
20.444574117660522,0.0,1
20.444574117660522,0.0,1
20.444574117660522,0.0,1
20.446256160736084,0.0,1
20.446256160736084,0.0,1
20.446256160736084,0.0,1
20.447299003601074,0.0,1
20.448415279388428,1e-05,1
20.448415279388428,1e-05,1
20.44946527481079,1e-05,1
20.44946527481079,1e-05,1
20.44946527481079,1e-05,1
20.450562953948975,1e-05,1
20.45157742500305,1e-05,1
20.45157742500305,1e-05,1
20.453787803649902,1e-05,1
20.453787803649902,1e-05,1
20.45598578453064,1e-05,1
20.45649743080139,1e-05,1
20.45754098892212,1e-05,1
20.458529233932495,1e-05,1
20.458529233932495,1e-05,1
20.45996904373169,1e-05,1
20.46098303794861,1e-05,1
20.461982488632202,1e-05,1
20.462982416152954,1e-05,1
20.4639835357666,1e-05,1
20.464988470077515,0.0,1
20.465982675552368,0.0,1
20.4669828414917,0.0,1
20.46849012374878,0.0,1
20.46949863433838,0.0,1
20.470497846603394,0.0,1
20.471558570861816,0.0,1
20.472519874572754,0.0,1
20.473516702651978,0.0,1
20.474502086639404,0.0,1
20.480158805847168,0.0,1
20.481160640716553,0.0,1
20.481160640716553,0.0,1
20.482200145721436,0.0,1
20.482200145721436,0.0,1
20.483267307281494,0.0,1
20.483267307281494,0.0,1
20.484278917312622,0.0,1
20.484278917312622,0.0,1
20.484278917312622,0.0,1
20.48641586303711,0.0,1
20.48641586303711,0.0,1
20.48641586303711,0.0,1
20.491847038269043,0.0,1
20.49284291267395,0.0,1
20.49284291267395,0.0,1
20.49284291267395,0.0,1
20.49284291267395,0.0,1
20.49284291267395,0.0,1
20.493841886520386,0.0,1
20.49483847618103,0.0,1
20.495838165283203,0.0,1
20.496838569641113,0.0,1
20.497838258743286,0.0,1
20.498838663101196,0.0,1
20.499842643737793,0.0,1
20.500839710235596,0.0,1
20.501837968826294,0.0,1
20.5028395652771,0.0,1
20.503838062286377,0.0,1
20.504849433898926,0.0,1
20.505842924118042,0.0,1
20.507325649261475,0.0,1
20.5083487033844,0.0,1
20.509387731552124,0.0,1
20.510385274887085,0.0,1
20.511386156082153,0.0,1
20.512383699417114,0.0,1
20.51338267326355,0.0,1
20.514386653900146,0.0,1
20.515433073043823,0.0,1
20.516518592834473,0.0,1
20.51740050315857,0.0,1
20.518462657928467,0.0,1
20.51943612098694,0.0,1
20.520437240600586,0.0,1
20.523417949676514,0.0,1
20.528419733047485,0.0,1
20.529418468475342,0.0,1
20.529418468475342,0.0,1
20.529418468475342,0.0,1
20.529418468475342,0.0,1
20.530662298202515,0.0,1
20.530662298202515,0.0,1
20.53167986869812,0.0,1
20.53167986869812,0.0,1
20.53167986869812,0.0,1
20.53267765045166,0.0,1
20.53367829322815,0.0,1
20.538002014160156,0.0,1
20.538002014160156,0.0,1
20.538002014160156,0.0,1
20.538002014160156,0.0,1
20.538002014160156,0.0,1
20.539527654647827,0.0,1
20.54053497314453,0.0,1
20.541539669036865,0.0,1
20.542538166046143,0.0,1
20.543416500091553,0.0,1
20.5444655418396,0.0,1
20.545422792434692,0.0,1
20.54642152786255,0.0,1
20.54746699333191,0.0,1
20.54843807220459,0.0,1
20.549466848373413,0.0,1
20.550425052642822,0.0,1
20.551469802856445,0.0,1
20.552422285079956,0.0,1
20.553438186645508,0.0,1
20.554503917694092,0.0,1
20.554503917694092,0.0,1
20.555968761444092,0.0,1
20.556966543197632,0.0,1
20.55801224708557,0.0,1
20.559010982513428,0.0,1
20.56048560142517,0.0,1
20.561509132385254,0.0,1
20.561509132385254,0.0,1
20.562674283981323,0.0,1
20.563698530197144,0.0,1
20.56467318534851,0.0,1
20.565704345703125,0.0,1
20.566673517227173,0.0,1
20.56867790222168,0.0,1
20.573756217956543,0.0,1
20.573756217956543,0.0,1
20.573756217956543,0.0,1
20.575154066085815,0.0,1
20.575154066085815,0.0,1
20.57619881629944,0.0,1
20.57619881629944,0.0,1
20.57619881629944,0.0,1
20.578303337097168,0.0,1
20.578303337097168,0.0,1
20.58152151107788,0.0,1
20.58152151107788,0.0,1
20.582523345947266,0.0,1
20.582523345947266,0.0,1
20.583543300628662,0.0,1
20.58441472053528,0.0,1
20.585445404052734,0.0,1
20.585901737213135,0.0,1
20.586966514587402,0.0,1
20.588959217071533,0.0,1
20.588959217071533,0.0,1
20.58991289138794,0.0,1
20.590959310531616,0.0,1
20.5919668674469,0.0,1
20.59292697906494,0.0,1
20.593929052352905,0.0,1
20.594910621643066,0.0,1
20.595957279205322,0.0,1
20.59695529937744,0.0,1
20.597960710525513,0.0,1
20.598955631256104,0.0,1
20.599953174591064,0.0,1
20.60102343559265,0.0,1
20.60209631919861,0.0,1
20.60309338569641,0.0,1
20.604184865951538,0.0,1
20.605114459991455,0.0,1
20.606539249420166,0.0,1
20.607611894607544,0.0,1
20.608710289001465,0.0,1
20.609392642974854,0.0,1
20.6104154586792,0.0,1
20.61192798614502,0.0,1
20.61192798614502,0.0,1
20.61297869682312,0.0,1
20.613951206207275,0.0,1
20.617196083068848,0.0,1
20.622209310531616,0.0,1
20.62325167655945,0.0,1
20.625205516815186,0.0,1
20.628222465515137,0.0,1
20.63021945953369,0.0,1
20.631269454956055,0.0,1
20.632211923599243,0.0,1
20.63326144218445,0.0,1
20.63441801071167,0.0,1
20.635432720184326,0.0,1
20.635432720184326,0.0,1
20.635432720184326,0.0,1
20.63659167289734,0.0,1
20.63659167289734,0.0,1
20.64459729194641,0.0,1
20.64459729194641,0.0,1
20.646229028701782,0.0,1
20.646229028701782,0.0,1
20.646229028701782,0.0,1
20.646229028701782,0.0,1
20.647369146347046,0.0,1
20.647369146347046,0.0,1
20.647369146347046,0.0,1
20.647369146347046,0.0,1
20.647369146347046,0.0,1
20.647369146347046,0.0,1
20.64853811264038,0.0,1
20.64853811264038,0.0,1
20.64853811264038,0.0,1
20.64853811264038,0.0,1
20.64853811264038,0.0,1
20.64853811264038,0.0,1
20.64853811264038,0.0,1
20.64853811264038,0.0,1
20.6501681804657,0.0,1
20.65130090713501,0.0,1
20.652568340301514,0.0,1
20.652568340301514,0.0,1
20.653643369674683,0.0,1
20.654982566833496,0.0,1
20.65612244606018,0.0,1
20.65743637084961,0.0,1
20.65843152999878,0.0,1
20.65944194793701,0.0,1
20.660439014434814,0.0,1
20.661452770233154,0.0,1
20.66245746612549,0.0,1
20.66245746612549,0.0,1
20.663809299468994,0.0,1
20.66483473777771,0.0,1
20.66580843925476,0.0,1
20.666808366775513,0.0,1
20.667808294296265,0.0,1
20.66880965232849,0.0,1
20.66996741294861,0.0,1
20.672001123428345,0.0,1
20.672982692718506,0.0,1
20.672982692718506,0.0,1
20.675048828125,0.0,1
20.675048828125,0.0,1
20.676039695739746,0.0,1
20.680347442626953,0.0,1
20.684398651123047,0.0,1
20.684398651123047,0.0,1
20.68538546562195,0.0,1
20.68538546562195,0.0,1
20.68538546562195,0.0,1
20.68640422821045,0.0,1
20.68640422821045,0.0,1
20.68640422821045,0.0,1
20.687370538711548,0.0,1
20.688374280929565,0.0,1
20.68940830230713,0.0,1
20.691409587860107,0.0,1
20.692400217056274,0.0,1
20.693381309509277,0.0,1
20.694663763046265,0.0,1
20.695662260055542,0.0,1
20.701651573181152,0.0,1
20.701651573181152,0.0,1
20.701651573181152,0.0,1
20.701651573181152,0.0,1
20.701651573181152,1e-05,1
20.701651573181152,1e-05,1
20.701651573181152,0.0,1
20.701651573181152,0.0,1
20.70265030860901,0.0,1
20.703508853912354,0.0,1
20.704787492752075,0.0,1
20.705431938171387,0.0,1
20.706441640853882,0.0,1
20.707444429397583,0.0,1
20.708441972732544,0.0,1
20.70945119857788,0.0,1
20.71045207977295,0.0,1
20.711448669433594,0.0,1
20.71244716644287,0.0,1
20.713449001312256,0.0,1
20.714402437210083,0.0,1
20.715440273284912,0.0,1
20.716443300247192,0.0,1
20.71744179725647,0.0,1
20.718438386917114,0.0,1
20.719441413879395,0.0,1
20.720444917678833,0.0,1
20.721445322036743,0.0,1
20.722439527511597,0.0,1
20.73245096206665,0.0,1
20.733897924423218,0.0,1
20.733897924423218,0.0,1
20.733897924423218,0.0,1
20.735374450683594,0.0,1
20.73656129837036,0.0,1
20.73756742477417,0.0,1
20.738565921783447,0.0,1
20.738565921783447,0.0,1
20.738565921783447,0.0,1
20.739657878875732,0.0,1
20.739657878875732,1e-05,1
20.74091672897339,0.0,1
20.74393367767334,0.0,1
20.74393367767334,0.0,1
20.74393367767334,0.0,1
20.74393367767334,0.0,1
20.744927406311035,0.0,1
20.74649715423584,0.0,1
20.746788263320923,0.0,1
20.74782109260559,0.0,1
20.748820304870605,0.0,1
20.749820470809937,0.0,1
20.750820636749268,0.0,1
20.75182032585144,0.0,1
20.752838850021362,0.0,1
20.754836082458496,0.0,1
20.754836082458496,0.0,1
20.756134510040283,0.0,1
20.757936477661133,0.0,1
20.758986234664917,0.0,1
20.758986234664917,0.0,1
20.759989500045776,0.0,1
20.760980367660522,0.0,1
20.76298236846924,0.0,1
20.763998985290527,0.0,1
20.763998985290527,0.0,1
20.76497459411621,0.0,1
20.765971660614014,0.0,1
20.767394304275513,0.0,1
20.768399715423584,0.0,1
20.76939845085144,0.0,1
20.76939845085144,0.0,1
20.774311304092407,0.0,1
20.777296781539917,0.0,1
20.77831268310547,0.0,1
20.77831268310547,0.0,1
20.779316902160645,0.0,1
20.779316902160645,0.0,1
20.779316902160645,0.0,1
20.780332326889038,0.0,1
20.780332326889038,0.0,1
20.781337022781372,0.0,1
20.781337022781372,0.0,1
20.785339832305908,0.0,1
20.785339832305908,0.0,1
20.785339832305908,0.0,1
20.786332368850708,0.0,1
20.786332368850708,0.0,1
20.787315130233765,0.0,1
20.788389921188354,0.0,1
20.789398670196533,0.0,1
20.790437936782837,0.0,1
20.79144310951233,0.0,1
20.79248881340027,0.0,1
20.79341173171997,0.0,1
20.79445743560791,0.0,1
20.79544425010681,0.0,1
20.796435832977295,0.0,1
20.79744791984558,0.0,1
20.798458099365234,1e-05,1
20.799429178237915,1e-05,1
20.80042862892151,1e-05,1
20.801459074020386,1e-05,1
20.80241370201111,1e-05,1
20.803418159484863,1e-05,1
20.804414749145508,1e-05,1
20.805443048477173,1e-05,1
20.80642819404602,1e-05,1
20.807456731796265,1e-05,1
20.808471202850342,1e-05,1
20.80946636199951,1e-05,1
20.810465574264526,1e-05,1
20.810465574264526,1e-05,1
20.81244158744812,1e-05,1
20.81347417831421,1e-05,1
20.814497232437134,1e-05,1
20.815449714660645,1e-05,1
20.815449714660645,1e-05,1
20.820021867752075,1e-05,1
20.821022748947144,0.0,1
20.821022748947144,0.0,1
20.822148084640503,0.0,1
20.822148084640503,0.0,1
20.822148084640503,0.0,1
20.82321047782898,0.0,1
20.82444143295288,0.0,1
20.82897162437439,0.0,1
20.82897162437439,0.0,1
20.82897162437439,0.0,1
20.829978227615356,0.0,1
20.829978227615356,0.0,1
20.83038902282715,0.0,1
20.83092474937439,0.0,1
20.832139253616333,0.0,1
20.833739757537842,0.0,1
20.833739757537842,0.0,1
20.83475637435913,0.0,1
20.836867094039917,0.0,1
20.837970733642578,0.0,1
20.837970733642578,0.0,1
20.839061498641968,0.0,1
20.84000301361084,0.0,1
20.84098505973816,0.0,1
20.84198498725891,0.0,1
20.842985153198242,0.0,1
20.843984842300415,0.0,1
20.84498429298401,0.0,1
20.845986127853394,0.0,1
20.84698486328125,0.0,1
20.848262071609497,0.0,1
20.849260807037354,0.0,1
20.850260734558105,0.0,1
20.851277828216553,0.0,1
20.85227632522583,0.0,1
20.853277444839478,0.0,1
20.85428500175476,0.0,1
20.855285167694092,0.0,1
20.856311559677124,0.0,1
20.85832667350769,0.0,1
20.85832667350769,0.0,1
20.85936737060547,0.0,1
20.860321044921875,0.0,1
20.861331939697266,0.0,1
20.865309238433838,0.0,1
20.865309238433838,0.0,1
20.865309238433838,0.0,1
20.8687903881073,0.0,1
20.870160341262817,0.0,1
20.870160341262817,0.0,1
20.87115478515625,0.0,1
20.8721706867218,0.0,1
20.874286651611328,0.0,1
20.875412464141846,0.0,1
20.876436710357666,0.0,1
20.880406618118286,0.0,1
20.880406618118286,0.0,1
20.880406618118286,0.0,1
20.881881952285767,0.0,1
20.881881952285767,0.0,1
20.881881952285767,0.0,1
20.881881952285767,0.0,1
20.881881952285767,0.0,1
20.881881952285767,0.0,1
20.881881952285767,0.0,1
20.882935047149658,0.0,1
20.88449001312256,0.0,1
20.885310411453247,5e-05,1
20.886387825012207,0.00022,1
20.88737988471985,0.00022,1
20.888370037078857,0.00022,1
20.8893883228302,0.00022,1
20.89144539833069,0.00022,1
20.89144539833069,0.00022,1
20.89337921142578,0.00022,1
20.89337921142578,0.00022,1
20.895421743392944,0.00022,1
20.895421743392944,0.00022,1
20.896363496780396,0.00022,1
20.897350311279297,0.00022,1
20.89835524559021,0.00022,1
20.89937448501587,0.00022,1
20.900389909744263,0.00022,1
20.901426076889038,0.00022,1
20.90257740020752,0.00022,1
20.903409004211426,0.00022,1
20.90452480316162,0.00022,1
20.905457258224487,0.00022,1
20.90650701522827,0.00022,1
20.907451391220093,0.00022,1
20.908450841903687,0.00013,1
20.9094557762146,0.0,1
20.911450386047363,0.0,1
20.91444730758667,0.0,1
20.91444730758667,0.0,1
20.91444730758667,0.0,1
20.915919542312622,0.0,1
20.916959524154663,0.0,1
20.916959524154663,0.0,1
20.917973518371582,0.0,1
20.91897988319397,0.0,1
20.91897988319397,0.0,1
20.923597812652588,0.0,1
20.923597812652588,0.0,1
20.923597812652588,0.0,1
20.923597812652588,0.0,1
20.924591064453125,0.0,1
20.924591064453125,0.0,1
20.926591634750366,0.0,1
20.92750597000122,0.0,1
20.928428173065186,0.0,1
20.929436206817627,0.0,1
20.9304358959198,0.0,1
20.93143582344055,0.0,1
20.93243384361267,0.0,1
20.933435440063477,0.0,1
20.93443512916565,0.0,1
20.93543577194214,0.0,1
20.936460733413696,0.0,1
20.937453746795654,0.0,1
20.938438653945923,0.00046,1
20.939480304718018,0.00046,1
20.940478324890137,0.00046,1
20.941478490829468,0.00046,1
20.94248390197754,0.00046,1
20.943477630615234,0.00046,1
20.944482803344727,0.00019,1
20.945439100265503,0.0,1
20.946398735046387,0.0,1
20.94739866256714,0.0,1
20.948495149612427,0.0,1
20.94962787628174,0.0,1
20.94962787628174,0.0,1
20.950719833374023,0.0,1
20.951713800430298,0.0,1
20.952720403671265,0.0,1
20.954720497131348,0.0,1
20.955754041671753,0.0,1
20.956724166870117,0.0,1
20.9622802734375,0.0,1
20.9622802734375,0.0,1
20.963234186172485,0.0,1
20.963234186172485,0.0,1
20.963234186172485,0.0,1
20.964232683181763,0.0,1
20.964232683181763,0.0,1
20.964232683181763,0.0,1
20.965232849121094,0.0,1
20.966234922409058,0.0,1
20.971799850463867,9e-05,1
20.971799850463867,9e-05,1
20.971799850463867,9e-05,1
20.971799850463867,9e-05,1
20.971799850463867,9e-05,1
20.971799850463867,9e-05,1
20.973487854003906,9e-05,1
20.97449517250061,0.0,1
20.975178480148315,0.0,1
20.976620197296143,0.0,1
20.97761869430542,0.0,1
20.97761869430542,0.0,1
20.978782653808594,0.0,1
20.979779481887817,0.0,1
20.980785846710205,0.0,1
20.981779098510742,0.0,1
20.98278522491455,0.0,1
20.984805822372437,0.0,1
20.984805822372437,0.0,1
20.986786127090454,0.0,1
20.986786127090454,0.0,1
20.98810839653015,0.00023,1
20.989416122436523,0.0,1
20.990446090698242,0.0,1
20.991714239120483,0.0,1
20.992773294448853,0.0,1
20.992773294448853,0.0,1
20.994098663330078,0.0,1
20.995428562164307,0.0,1
20.996482610702515,0.0,1
20.99739980697632,0.0,1
20.998445987701416,0.0,1
20.99944305419922,0.0,1
21.00044322013855,0.0,1
21.001442909240723,0.0,1
21.002443552017212,0.0,1
21.01077437400818,2e-05,1
21.011818408966064,2e-05,1
21.014338731765747,2e-05,1
21.014338731765747,2e-05,1
21.014338731765747,2e-05,1
21.015379667282104,2e-05,1
21.016340970993042,2e-05,1
21.017338514328003,0.00076,1
21.018374919891357,0.00076,1
21.02388882637024,0.00076,1
21.02388882637024,0.00076,1
21.02388882637024,0.00076,1
21.02388882637024,0.00076,1
21.02492356300354,0.00076,1
21.02492356300354,0.00076,1
21.02492356300354,0.00076,1
21.02492356300354,0.00076,1
21.02492356300354,0.00076,1
21.02492356300354,0.00076,1
21.02592372894287,0.00076,1
21.02592372894287,0.00076,1
21.02592372894287,0.00076,1
21.02592372894287,0.0,1
21.02592372894287,0.0,1
21.027906894683838,0.0,1
21.027906894683838,0.0,1
21.02938985824585,0.0,1
21.030144929885864,0.0,1
21.03139901161194,0.0,1
21.032444953918457,0.0,1
21.03343176841736,0.0,1
21.03343176841736,0.0,1
21.034748554229736,0.0,1
21.03582191467285,0.0,1
21.036916494369507,0.0,1
21.03793716430664,0.0,1
21.039886951446533,0.0,1
21.040890216827393,0.0,1
21.041912317276,0.0,1
21.042891263961792,0.0,1
21.042891263961792,0.0,1
21.044895887374878,0.0,1
21.0458984375,0.0,1
21.04688811302185,0.0,1
21.04688811302185,0.0,1
21.048991918563843,0.0,1
21.050291299819946,0.0,1
21.053340911865234,0.0,1
21.054667472839355,0.0,1
21.055843830108643,0.0,1
21.056862831115723,0.0,1
21.056862831115723,0.0,1
21.057861328125,0.0,1
21.057861328125,0.0,1
21.057861328125,0.0,1
21.059889554977417,0.0,1
21.059889554977417,0.0,1
21.059889554977417,0.0,1
21.06087851524353,0.0,1
21.065643310546875,0.0,1
21.065643310546875,0.0,1
21.06664228439331,0.0,1
21.06664228439331,0.0,1
21.06664228439331,0.0,1
21.067640781402588,0.0,1
21.067640781402588,0.0,1
21.069151401519775,0.0,1
21.070165395736694,0.0,1
21.071165800094604,0.0,1
21.072389364242554,0.0,1
21.073403120040894,0.0,1
21.074431896209717,0.0,1
21.075441360473633,0.0,1
21.07643747329712,0.0,1
21.077447652816772,0.0,1
21.078439474105835,0.0,1
21.079442262649536,0.0,1
21.08043932914734,0.0,1
21.081444025039673,0.0,1
21.08244037628174,0.0,1
21.083438873291016,0.0,1
21.084438800811768,0.0,1
21.08543825149536,0.0,1
21.086512088775635,0.0,1
21.087512016296387,0.0,1
21.08850932121277,0.0,1
21.08951473236084,0.00011,1
21.090525150299072,0.00015,1
21.091511011123657,0.00015,1
21.0925555229187,0.00015,1
21.093520641326904,0.00015,1
21.094515085220337,0.00015,1
21.09595227241516,0.00015,1
21.10323715209961,0.00015,1
21.10323715209961,0.00015,1
21.10431933403015,0.00015,1
21.10431933403015,0.00015,1
21.10531973838806,0.00015,1
21.10633897781372,0.00015,1
21.107393264770508,0.00015,1
21.10839033126831,0.00015,1
21.10839033126831,0.0,1
21.10839033126831,0.0,1
21.10839033126831,0.0,1
21.109904766082764,0.0,1
21.109904766082764,0.0,1
21.113295316696167,0.0,1
21.113295316696167,0.0,1
21.113295316696167,0.0,1
21.113295316696167,0.0,1
21.113295316696167,0.0,1
21.11469841003418,0.0,1
21.115699291229248,0.0,1
21.115699291229248,0.0,1
21.116703271865845,0.0,1
21.117698907852173,0.0,1
21.119325876235962,8e-05,1
21.120592832565308,0.0,1
21.1215603351593,0.0,1
21.1224102973938,0.0,1
21.123398303985596,0.0,1
21.12443780899048,0.0,1
21.125447034835815,0.0,1
21.12643575668335,0.0,1
21.12743878364563,0.0,1
21.128442525863647,0.0,1
21.129441499710083,0.0,1
21.13057255744934,0.0,1
21.13157081604004,0.0,1
21.13257098197937,0.0,1
21.133570671081543,0.0,1
21.134571313858032,0.0,1
21.135571479797363,0.0,1
21.136571645736694,0.0,1
21.137573719024658,0.0,1
21.137573719024658,0.0,1
21.140075206756592,0.0,1
21.14109206199646,0.0,1
21.14109206199646,0.00027,1
21.14304494857788,0.00033,1
21.150841236114502,0.00033,1
21.150841236114502,0.00033,1
21.152087450027466,0.00033,1
21.153141498565674,0.00033,1
21.153141498565674,0.00033,1
21.154921531677246,0.00033,1
21.155949354171753,0.00033,1
21.155949354171753,0.00033,1
21.155949354171753,0.00033,1
21.15695071220398,0.00033,1
21.15993356704712,0.00033,1
21.15993356704712,0.00033,1
21.160948991775513,0.00033,1
21.160948991775513,0.00033,1
21.160948991775513,0.00033,1
21.160948991775513,0.00033,1
21.160948991775513,0.00033,1
21.160948991775513,0.00033,1
21.161948919296265,0.00033,1
21.161948919296265,0.00033,1
21.16295027732849,0.00033,1
21.163960456848145,0.0,1
21.16551375389099,0.0,1
21.166526556015015,0.0,1
21.16753339767456,0.0,1
21.16753339767456,0.0,1
21.16909956932068,0.0,1
21.17012095451355,0.0,1
21.171285152435303,0.0,1
21.171285152435303,0.0,1
21.17363929748535,0.0,1
21.17363929748535,0.0,1
21.174660444259644,0.0,1
21.175659656524658,0.0,1
21.17663860321045,0.0,1
21.177679777145386,0.0,1
21.178674936294556,0.0,1
21.17967939376831,0.0,1
21.18067479133606,0.0,1
21.18247365951538,0.0,1
21.18349552154541,0.0,1
21.18349552154541,0.0,1
21.184629917144775,0.0,1
21.186657905578613,0.0,1
21.187659740447998,0.0,1
21.188695669174194,0.0,1
21.18970012664795,0.0,1
21.19066047668457,0.0,1
21.195825338363647,0.0,1
21.195825338363647,0.0,1
21.196805477142334,0.0,1
21.198806285858154,0.0,1
21.198806285858154,0.0,1
21.198806285858154,0.0,1
21.199808359146118,0.0,1
21.199808359146118,0.0,1
21.199808359146118,0.0,1
21.20080065727234,0.0,1
21.204864263534546,0.0,1
21.204864263534546,0.0,1
21.204864263534546,0.0,1
21.204864263534546,0.0,1
21.204864263534546,0.0,1
21.205933570861816,0.0,1
21.20745301246643,0.0,1
21.208398580551147,0.0,1
21.20944118499756,0.0,1
21.210439920425415,0.0,1
21.211439847946167,0.0,1
21.21243977546692,0.0,1
21.213439226150513,0.0,1
21.214497804641724,0.0,1
21.215497970581055,0.0,1
21.216497898101807,0.0,1
21.2174973487854,0.0,1
21.218499422073364,0.0,1
21.2194983959198,0.0,1
21.220499753952026,0.0,1
21.221508026123047,0.00015,1
21.22249937057495,8e-05,1
21.22249937057495,0.0,1
21.223819971084595,0.0,1
21.225477933883667,0.0,1
21.22639799118042,0.0,1
21.227397918701172,0.0,1
21.22844433784485,0.0,1
21.22943353652954,0.0,1
21.230433225631714,0.0,1
21.231438875198364,0.0,1
21.232433080673218,0.0,1
21.23343324661255,0.0,1
21.2344331741333,0.0,1
21.23543906211853,0.0,1
21.236433506011963,0.0,1
21.23743772506714,0.0,1
21.239849090576172,0.0,1
21.24714422225952,0.0,1
21.249117136001587,0.0,1
21.249117136001587,0.0,1
21.250108242034912,0.0,1
21.250108242034912,0.0,1
21.251184463500977,0.00026,1
21.252257108688354,0.00026,1
21.25586175918579,0.00026,1
21.256860494613647,0.00026,1
21.257991552352905,0.00026,1
21.259177923202515,0.00026,1
21.259177923202515,0.00026,1
21.26018214225769,0.00026,1
21.26339864730835,0.00026,1
21.26339864730835,0.00026,1
21.26339864730835,0.00026,1
21.26436948776245,0.00026,1
21.26436948776245,0.00026,1
21.26436948776245,0.00026,1
21.26436948776245,0.00026,1
21.26436948776245,0.0,1
21.26436948776245,0.0,1
21.26436948776245,0.0,1
21.26436948776245,0.0,1
21.26538872718811,0.0,1
21.26538872718811,0.0,1
21.26538872718811,0.0,1
21.26639676094055,0.0,1
21.266915798187256,0.0,1
21.268161296844482,0.0,1
21.269213676452637,0.0,1
21.2702534198761,0.0,1
21.27122688293457,0.0,1
21.272244215011597,0.0,1
21.27431082725525,0.0,1
21.27431082725525,0.0,1
21.27525019645691,0.0,1
21.276304006576538,0.0,1
21.27724266052246,0.0,1
21.27827525138855,0.0,1
21.27932047843933,0.0,1
21.28039574623108,0.0,1
21.28133797645569,0.00013,1
21.282339572906494,9e-05,1
21.283361196517944,9e-05,1
21.284348249435425,9e-05,1
21.28972554206848,9e-05,1
21.290762901306152,9e-05,1
21.29171395301819,9e-05,1
21.29171395301819,9e-05,1
21.292981147766113,9e-05,1
21.292981147766113,9e-05,1
21.292981147766113,9e-05,1
21.29447364807129,9e-05,1
21.295592546463013,9e-05,1
21.295592546463013,0.0,1
21.295592546463013,0.0,1
21.29658794403076,0.0,1
21.300790071487427,0.0,1
21.300790071487427,0.0,1
21.300790071487427,0.0,1
21.300790071487427,0.0,1
21.300790071487427,0.0,1
21.30246925354004,0.0,1
21.3029522895813,6e-05,1
21.30444025993347,6e-05,1
21.305485725402832,6e-05,1
21.306491374969482,6e-05,1
21.307481050491333,6e-05,1
21.308423280715942,6e-05,1
21.30947494506836,6e-05,1
21.31047248840332,6e-05,1
21.31148600578308,6e-05,1
21.31249737739563,6e-05,1
21.31348991394043,6e-05,1
21.314472675323486,6e-05,1
21.314472675323486,6e-05,1
21.31580662727356,6e-05,1
21.31690287590027,0.0,1
21.318395853042603,0.00014,1
21.31939673423767,0.00014,1
21.32041573524475,0.00014,1
21.321367025375366,0.00014,1
21.32235550880432,0.00014,1
21.323352575302124,0.00014,1
21.324355840682983,0.00014,1
21.325350761413574,0.00014,1
21.326351404190063,0.00014,1
21.32735848426819,0.00014,1
21.328752756118774,0.00014,1
21.328752756118774,0.00014,1
21.33020853996277,0.00014,1
21.33624291419983,0.00014,1
21.33725094795227,0.00014,1
21.338354349136353,0.00014,1
21.341023206710815,0.00014,1
21.342034578323364,0.00014,1
21.346039295196533,0.00014,1
21.34702157974243,0.00014,1
21.348050117492676,0.00014,1
21.349505186080933,0.00014,1
21.349505186080933,0.00014,1
21.3535053730011,0.00044,1
21.3535053730011,0.0,1
21.3545081615448,0.0,1
21.3545081615448,0.0,1
21.3545081615448,0.0,1
21.3545081615448,0.0,1
21.3545081615448,0.0,1
21.3545081615448,0.0,1
21.3545081615448,0.0,1
21.3545081615448,0.0,1
21.3545081615448,0.0,1
21.3545081615448,0.0,1
21.3545081615448,0.00011,1
21.355517148971558,0.00011,1
21.355517148971558,0.00011,1
21.356426000595093,0.00011,1
21.35749650001526,0.00011,1
21.35852575302124,0.00011,1
21.35932445526123,0.00011,1
21.36035466194153,0.00011,1
21.36138367652893,0.00011,1
21.362354516983032,5e-05,1
21.363696575164795,5e-05,1
21.363696575164795,5e-05,1
21.364798545837402,5e-05,1
21.36626958847046,5e-05,1
21.367268800735474,5e-05,1
21.368268251419067,5e-05,1
21.369824409484863,5e-05,1
21.369824409484863,5e-05,1
21.3721022605896,5e-05,1
21.3721022605896,5e-05,1
21.373087167739868,5e-05,1
21.37413477897644,5e-05,1
21.375547647476196,5e-05,1
21.37643003463745,5e-05,1
21.377492904663086,5e-05,1
21.38078808784485,5e-05,1
21.38177180290222,5e-05,1
21.38177180290222,5e-05,1
21.382766723632812,5e-05,1
21.382766723632812,5e-05,1
21.38376808166504,5e-05,1
21.384785413742065,0.0,1
21.385766744613647,0.00038,1
21.392778396606445,0.00038,1
21.392778396606445,0.00038,1
21.392778396606445,0.00038,1
21.392778396606445,0.00038,1
21.39431595802307,0.00038,1
21.39431595802307,0.00038,1
21.39531660079956,0.00038,1
21.39531660079956,0.00038,1
21.39531660079956,0.00038,1
21.396711349487305,0.00038,1
21.396711349487305,0.00038,1
21.39740228652954,0.00038,1
21.39849543571472,0.0,1
21.399468421936035,0.0,1
21.399468421936035,0.0,1
21.40139937400818,0.0,1
21.402666330337524,0.0,1
21.403670072555542,0.0,1
21.404666900634766,0.0,1
21.404666900634766,0.0,1
21.405666828155518,0.0,1
21.406666040420532,0.0,1
21.40766477584839,0.0,1
21.408670663833618,0.0,1
21.409663677215576,0.0,1
21.410690784454346,0.0,1
21.411665439605713,0.0,1
21.413665533065796,7e-05,1
21.413665533065796,7e-05,1
21.41566276550293,7e-05,1
21.41666579246521,7e-05,1
21.41666579246521,7e-05,1
21.418583154678345,7e-05,1
21.418583154678345,7e-05,1
21.420839071273804,0.0,1
21.421794414520264,0.0,1
21.422833919525146,0.0,1
21.423819303512573,0.0,1
21.428862810134888,0.0,1
21.42986273765564,0.0,1
21.42986273765564,0.0,1
21.43085765838623,0.0,1
21.432348012924194,0.0,1
21.432348012924194,0.0,1
21.432348012924194,0.0,1
21.43337368965149,0.0,1
21.434491395950317,0.0,1
21.434491395950317,0.0,1
21.434491395950317,0.0,1
21.435576677322388,0.00026,1
21.436800479888916,0.00026,1
21.437848567962646,0.00026,1
21.446381330490112,0.00026,1
21.446381330490112,0.00026,1
21.446381330490112,0.00026,1
21.447360038757324,0.00026,1
21.447360038757324,0.00026,1
21.447360038757324,0.0,1
21.448364734649658,0.0,1
21.448364734649658,0.0,1
21.448364734649658,0.0,1
21.448364734649658,0.0,1
21.448364734649658,0.0,1
21.449376821517944,0.0,1
21.45037269592285,0.0,1
21.45139980316162,0.0,1
21.45205855369568,0.0,1
21.453094244003296,0.0,1
21.454097747802734,0.0,1
21.45514941215515,0.0,1
21.456376314163208,0.0,1
21.4574875831604,0.0,1
21.458476305007935,0.00046,1
21.459475994110107,0.00046,1
21.460474729537964,0.00046,1
21.461475372314453,0.00046,1
21.462475061416626,0.00046,1
21.463475227355957,0.00046,1
21.464475631713867,0.00046,1
21.46548080444336,0.00046,1
21.466490268707275,0.00046,1
21.467475414276123,0.00046,1
21.468474864959717,0.00046,1
21.469480752944946,1e-05,1
21.473016500473022,1e-05,1
21.476133346557617,1e-05,1
21.47713327407837,1e-05,1
21.47713327407837,1e-05,1
21.478130102157593,1e-05,1
21.479154348373413,1e-05,1
21.479154348373413,1e-05,1
21.480189561843872,1e-05,1
21.480189561843872,0.0,1
21.48120617866516,0.0,1
21.48120617866516,0.0,1
21.482289791107178,0.0,1
21.482289791107178,0.0,1
21.488770484924316,0.0,1
21.488770484924316,0.0,1
21.488770484924316,0.0,1
21.489768743515015,0.0,1
21.489768743515015,0.0,1
21.489768743515015,0.0,1
21.489768743515015,0.0,1
21.490769863128662,0.0,1
21.490769863128662,0.0,1
21.49177098274231,0.0,1
21.49337363243103,7e-05,1
21.494441986083984,6e-05,1
21.495389223098755,0.0,1
21.49602961540222,0.0,1
21.49709415435791,0.0,1
21.498094081878662,0.0,1
21.49909496307373,0.0,1
21.50009512901306,0.0,1
21.5010986328125,0.0,1
21.5020534992218,0.0,1
21.503105640411377,0.0,1
21.504077911376953,0.0,1
21.50507140159607,0.0,1
21.50711154937744,0.0,1
21.50711154937744,0.0,1
21.50907301902771,0.0,1
21.50907301902771,0.0,1
21.511099576950073,0.0,1
21.511099576950073,0.0,1
21.512398719787598,0.0,1
21.513390064239502,0.0,1
21.514506340026855,0.00013,1
21.515523195266724,0.0,1
21.516518354415894,0.0,1
21.521058797836304,0.0,1
21.522030115127563,0.0,1
21.523045301437378,0.0,1
21.523045301437378,0.0,1
21.52425980567932,0.0,1
21.52425980567932,0.0,1
21.525251865386963,0.0,1
21.52625036239624,0.0,1
21.527249097824097,0.0,1
21.527249097824097,0.0,1
21.527249097824097,0.0,1
21.52845072746277,6e-05,1
21.53144860267639,6e-05,1
21.53144860267639,6e-05,1
21.53144860267639,6e-05,1
21.53244400024414,6e-05,1
21.53342318534851,6e-05,1
21.53446054458618,6e-05,1
21.535414934158325,6e-05,1
21.536017179489136,6e-05,1
21.537067651748657,6e-05,1
21.53805923461914,0.00047,1
21.53909969329834,0.00047,1
21.540058851242065,0.00047,1
21.541123151779175,0.00047,1
21.54210376739502,0.00047,1
21.54305672645569,0.00047,1
21.544059991836548,0.00047,1
21.545058727264404,0.00047,1
21.546109437942505,0.00047,1
21.547059059143066,0.00047,1
21.548466682434082,0.00047,1
21.549532651901245,0.00047,1
21.550613164901733,0.00047,1
21.550613164901733,4e-05,1
21.551725149154663,4e-05,1
21.553098678588867,0.00022,1
21.55513858795166,0.00022,1
21.55513858795166,0.00022,1
21.556390523910522,0.00022,1
21.558483600616455,0.00022,1
21.558483600616455,0.00022,1
21.559421062469482,0.00022,1
21.56044292449951,0.00022,1
21.56242847442627,0.00022,1
21.564443111419678,0.00022,1
21.569459438323975,0.00022,1
21.56999373435974,0.00022,1
21.5710027217865,0.00022,1
21.572023391723633,0.00022,1
21.57430863380432,0.00022,1
21.57861018180847,0.00022,1
21.580113887786865,0.00022,1
21.581160306930542,0.00022,1
21.585395336151123,0.00022,1
21.585395336151123,0.00022,1
21.585395336151123,0.00022,1
21.586399793624878,0.00022,1
21.586399793624878,0.00022,1
21.586399793624878,0.00022,1
21.586399793624878,0.00022,1
21.58739972114563,0.00022,1
21.58739972114563,0.00022,1
21.58739972114563,0.0,1
21.58739972114563,0.0,1
21.58739972114563,0.0,1
21.58739972114563,0.0,1
21.58739972114563,0.0,1
21.58739972114563,0.0,1
21.58739972114563,0.0,1
21.588412523269653,0.0,1
21.588412523269653,0.0,1
21.589377880096436,0.0,1
21.590422868728638,0.0,1
21.590928316116333,0.0,1
21.591994285583496,0.0,1
21.59298038482666,0.0,1
21.594360828399658,0.0,1
21.595112800598145,0.00042,1
21.5961492061615,0.00042,1
21.59717631340027,0.00042,1
21.59817671775818,0.00042,1
21.599175453186035,0.00042,1
21.60013723373413,0.00042,1
21.601163148880005,0.00042,1
21.602140188217163,0.00042,1
21.603185653686523,0.00042,1
21.604217290878296,0.00042,1
21.60614800453186,0.00042,1
21.60614800453186,0.00042,1
21.607190132141113,0.00042,1
21.609194040298462,0.00042,1
21.609194040298462,0.00042,1
21.614192008972168,0.00042,1
21.615190267562866,0.00042,1
21.61618947982788,0.00042,1
21.61618947982788,0.00042,1
21.61723494529724,0.00042,1
21.61821222305298,0.00042,1
21.619216442108154,2e-05,1
21.619216442108154,0.0,1
21.619216442108154,0.0,1
21.62019443511963,0.0,1
21.621198415756226,0.0,1
21.62919330596924,0.0,1
21.62919330596924,0.0,1
21.62919330596924,0.0,1
21.62919330596924,0.0,1
21.62919330596924,0.0,1
21.6302649974823,0.0,1
21.6302649974823,0.0,1
21.6302649974823,0.0,1
21.631199598312378,0.0,1
21.631199598312378,0.0,1
21.631199598312378,0.0,1
21.63221764564514,0.0,1
21.633220911026,0.0,1
21.63425588607788,0.0,1
21.63536524772644,0.0,1
21.63595151901245,0.0,1
21.637117624282837,0.0,1
21.638141632080078,0.0,1
21.63918924331665,0.0,1
21.640183925628662,0.0,1
21.64116907119751,0.0,1
21.64214015007019,0.0,1
21.643170833587646,0.0,1
21.6442232131958,0.0,1
21.64516830444336,0.0,1
21.64616894721985,0.0,1
21.647170543670654,0.0,1
21.64826488494873,0.0,1
21.649176359176636,0.0,1
21.650169372558594,0.0,1
21.650169372558594,0.0,1
21.65263080596924,0.0,1
21.65263080596924,0.0,1
21.654656887054443,0.0,1
21.658674955368042,0.0,1
21.6637864112854,0.0,1
21.664735078811646,0.0,1
21.664735078811646,0.0,1
21.665883541107178,0.0,1
21.665883541107178,0.0,1
21.666885375976562,0.0,1
21.666885375976562,0.0,1
21.666885375976562,0.0,1
21.668135404586792,0.0,1
21.668135404586792,0.0,1
21.66959524154663,0.0,1
21.670649766921997,0.0,1
21.670649766921997,0.00029,1
21.674588441848755,0.0,1
21.674588441848755,0.0,1
21.674588441848755,0.0,1
21.674588441848755,0.0,1
21.674588441848755,0.0,1
21.674588441848755,0.0,1
21.675586462020874,0.0,1
21.67658495903015,0.0,1
21.677366733551025,0.0,1
21.678412199020386,0.0,1
21.6794114112854,0.0,1
21.68049454689026,0.0,1
21.681371927261353,0.0,1
21.68241024017334,0.0,1
21.683414459228516,0.0,1
21.684386253356934,0.0,1
21.68538475036621,0.0,1
21.686437368392944,0.0,1
21.687400102615356,0.0,1
21.688721895217896,0.0,1
21.688721895217896,0.0,1
21.689734935760498,0.0,1
21.691734552383423,0.0003,1
21.691734552383423,0.0,1
21.69273614883423,0.0,1
21.694206476211548,0.0,1
21.69526720046997,0.0,1
21.69626259803772,0.0,1
21.697261095046997,0.0,1
21.698453187942505,0.0,1
21.699469566345215,0.0,1
21.70007085800171,0.0,1
21.701111793518066,0.0,1
21.702111959457397,0.0,1
21.706114768981934,0.0,1
21.710114240646362,0.0,1
21.710114240646362,0.0,1
21.71159815788269,0.0,1
21.71159815788269,0.0,1
21.712775945663452,0.0,1
21.712775945663452,0.0,1
21.712775945663452,0.0,1
21.713787078857422,0.0,1
21.713787078857422,0.0,1
21.714779376983643,0.0,1
21.714779376983643,0.0,1
21.714779376983643,0.0,1
21.719757318496704,0.0,1
21.719757318496704,0.0,1
21.720808506011963,0.0,1
21.720808506011963,0.0,1
21.720808506011963,0.0,1
21.721768617630005,0.0,1
21.7227840423584,0.0,1
21.7227840423584,0.0,1
21.72455620765686,0.0,1
21.725574016571045,0.0,1
21.726662635803223,0.0,1
21.72745704650879,0.00026,1
21.728185176849365,0.00026,1
21.729414224624634,0.00069,1
21.730512619018555,0.00069,1
21.73151707649231,0.00069,1
21.732459783554077,0.00069,1
21.73298692703247,0.00069,1
21.733996152877808,0.00069,1
21.735623836517334,0.00069,1
21.73663353919983,0.00069,1
21.73663353919983,0.00069,1
21.73812484741211,0.00069,1
21.739192247390747,0.00069,1
21.740233898162842,0.00069,1
21.74144148826599,0.00069,1
21.742451906204224,0.00069,1
21.742451906204224,0.00069,1
21.74406862258911,0.00069,1
21.745668649673462,0.00069,1
21.746678113937378,0.00069,1
21.746678113937378,0.00069,1
21.747838735580444,0.00069,1
21.75309944152832,0.00069,1
21.75415062904358,0.00068,1
21.757402896881104,0.00068,1
21.760884046554565,0.00068,1
21.766847848892212,0.00068,1
21.7678484916687,0.00068,1
21.769049644470215,0.0,1
21.770580530166626,0.0,1
21.770580530166626,0.0,1
21.770580530166626,0.0,1
21.771941661834717,0.0,1
21.771941661834717,0.0,1
21.773141145706177,0.0,1
21.776625394821167,0.0,1
21.776625394821167,0.0,1
21.777629852294922,0.0,1
21.777629852294922,0.0,1
21.777629852294922,0.0,1
21.777629852294922,0.0,1
21.777629852294922,0.0,1
21.777629852294922,0.0,1
21.777629852294922,0.0,1
21.777629852294922,0.0,1
21.777629852294922,0.0,1
21.778629779815674,0.0,1
21.778629779815674,0.0,1
21.778629779815674,0.0,1
21.778629779815674,0.0,1
21.778629779815674,0.0,1
21.778629779815674,0.0,1
21.778629779815674,0.0,1
21.7797794342041,0.0,1
21.781085968017578,0.0,1
21.78208613395691,0.0,1
21.78308892250061,0.0,1
21.78410267829895,0.0,1
21.785078048706055,0.0,1
21.78607988357544,0.0,1
21.788097620010376,0.0,1
21.788097620010376,6e-05,1
21.78912043571472,6e-05,1
21.791160821914673,6e-05,1
21.791160821914673,6e-05,1
21.793081998825073,6e-05,1
21.794116973876953,6e-05,1
21.794116973876953,6e-05,1
21.79613208770752,6e-05,1
21.79613208770752,6e-05,1
21.797935485839844,6e-05,1
21.79836106300354,6e-05,1
21.79942488670349,6e-05,1
21.800312757492065,6e-05,1
21.801382064819336,6e-05,1
21.802385807037354,6e-05,1
21.803373336791992,6e-05,1
21.805423736572266,6e-05,1
21.805423736572266,6e-05,1
21.807358741760254,6e-05,1
21.807358741760254,0.0,1
21.808350801467896,0.0,1
21.809404850006104,0.0,1
21.811630487442017,0.0,1
21.820548057556152,0.0,1
21.820548057556152,0.0,1
21.82204842567444,0.0,1
21.82204842567444,0.0,1
21.82204842567444,0.0,1
21.82307004928589,0.0,1
21.82307004928589,0.0,1
21.82307004928589,0.0,1
21.824100971221924,0.0,1
21.825100660324097,0.0,1
21.825100660324097,0.0,1
21.825100660324097,0.0,1
21.826131343841553,0.0,1
21.826131343841553,0.0,1
21.826131343841553,0.0,1
21.827529668807983,0.0,1
21.830520153045654,0.0,1
21.830520153045654,0.0,1
21.830520153045654,0.0,1
21.83152413368225,0.0,1
21.83152413368225,0.0,1
21.832424879074097,0.00025,1
21.833507299423218,0.00025,1
21.83442521095276,0.00025,1
21.83442521095276,0.00025,1
21.836808681488037,0.00025,1
21.836808681488037,0.00025,1
21.83810019493103,0.00025,1
21.840076684951782,0.00025,1
21.841102123260498,0.00025,1
21.84209179878235,0.00025,1
21.843090057373047,0.00025,1
21.84408664703369,0.00025,1
21.84507179260254,0.00025,1
21.846124172210693,0.00025,1
21.846124172210693,0.00025,1
21.847074031829834,0.00025,1
21.848071336746216,0.00025,1
21.84911823272705,0.00025,1
21.85052490234375,0.00025,1
21.851425409317017,0.00025,1
21.851425409317017,7e-05,1
21.853784561157227,0.00011,1
21.854734182357788,0.00011,1
21.855759620666504,0.00011,1
21.856433153152466,0.00011,1
21.85755753517151,0.00011,1
21.85755753517151,0.00011,1
21.858888864517212,0.00011,1
21.86037278175354,0.00011,1
21.861407995224,0.00011,1
21.86238694190979,0.00011,1
21.86343264579773,0.00011,1
21.86343264579773,0.00011,1
21.86473536491394,0.00011,1
21.865753650665283,0.00062,1
21.866734504699707,0.00062,1
21.86873483657837,0.00026,1
21.86873483657837,0.00026,1
21.870261430740356,0.00026,1
21.871320486068726,0.00026,1
21.87237572669983,0.00026,1
21.87680959701538,0.00026,1
21.87784433364868,0.00026,1
21.87784433364868,0.00026,1
21.878918170928955,0.00026,1
21.878918170928955,0.00026,1
21.878918170928955,0.00026,1
21.880366802215576,0.00026,1
21.8813579082489,0.00026,1
21.88236379623413,0.00026,1
21.88236379623413,0.00026,1
21.88336181640625,0.00026,1
21.887547731399536,0.00026,1
21.887547731399536,0.00026,1
21.887547731399536,0.00026,1
21.887547731399536,0.00026,1
21.887547731399536,0.00026,1
21.889341831207275,0.0,1
21.8901846408844,0.0,1
21.89124321937561,8e-05,1
21.892240524291992,8e-05,1
21.893245935440063,8e-05,1
21.894248485565186,8e-05,1
21.89524745941162,8e-05,1
21.896240949630737,8e-05,1
21.897228717803955,8e-05,1
21.89820647239685,8e-05,1
21.899203538894653,8e-05,1
21.900201320648193,8e-05,1
21.901201963424683,8e-05,1
21.90224862098694,0.00029,1
21.903525590896606,0.00029,1
21.90453290939331,0.00029,1
21.905526161193848,0.00029,1
21.905526161193848,0.00029,1
21.907455444335938,0.00029,1
21.908465147018433,0.00029,1
21.90937876701355,0.0,1
21.910468339920044,0.0,1
21.91160273551941,0.0,1
21.91160273551941,0.0,1
21.912655353546143,0.0,1
21.91364550590515,0.0,1
21.914645671844482,0.0,1
21.915645837783813,0.0,1
21.916667222976685,0.0,1
21.917645692825317,0.0,1
21.919647932052612,0.0,1
21.919647932052612,0.0,1
21.92564821243286,0.0,1
21.92564821243286,0.0,1
21.930671453475952,0.0,1
21.930671453475952,0.00056,1
21.931987047195435,0.0,1
21.931987047195435,0.00016,1
21.93297791481018,0.00016,1
21.93397617340088,0.00016,1
21.93497586250305,0.00016,1
21.93597674369812,0.00016,1
21.93731999397278,0.00016,1
21.941982984542847,0.00016,1
21.941982984542847,0.00016,1
21.941982984542847,0.00016,1
21.941982984542847,0.00016,1
21.941982984542847,0.00016,1
21.941982984542847,0.00016,1
21.943127155303955,0.00016,1
21.943127155303955,0.00016,1
21.943127155303955,0.00016,1
21.943127155303955,0.00016,1
21.943127155303955,0.00016,1
21.943127155303955,0.00016,1
21.944510221481323,0.00016,1
21.944865465164185,0.00016,1
21.94587469100952,0.00016,1
21.94689631462097,0.00013,1
21.947874069213867,0.00013,1
21.9488742351532,5e-05,1
21.949871301651,5e-05,1
21.95088028907776,5e-05,1
21.951874256134033,5e-05,1
21.953369617462158,5e-05,1
21.953369617462158,5e-05,1
21.9547336101532,5e-05,1
21.95579957962036,5e-05,1
21.956813097000122,5e-05,1
21.957812309265137,5e-05,1
21.958812713623047,5e-05,1
21.9598126411438,0.0,1
21.96081256866455,0.0,1
21.962450981140137,0.0,1
21.963410139083862,0.0,1
21.963410139083862,0.0,1
21.964820623397827,0.0,1
21.96618676185608,0.00031,1
21.967180252075195,0.00031,1
21.968164443969727,0.00031,1
21.96967577934265,0.00031,1
21.970688343048096,0.00031,1
21.9716899394989,0.00031,1
21.972699880599976,0.00031,1
21.973687171936035,0.00031,1
21.97468614578247,0.00031,1
21.97468614578247,0.00031,1
21.976068019866943,0.00031,1
21.977064609527588,0.00031,1
21.978132247924805,0.00031,1
21.979463577270508,0.00031,1
21.980525255203247,0.00031,1
21.981702089309692,0.00031,1
21.981702089309692,0.00031,1
21.98403763771057,0.00031,1
21.987119674682617,0.00031,1
21.988123416900635,0.00031,1
21.98912024497986,0.00031,1
21.990119695663452,0.00031,1
21.99212074279785,0.00031,1
21.99212074279785,0.00031,1
21.99311923980713,0.0,1
21.99311923980713,0.0,1
21.99311923980713,0.0,1
21.994149923324585,0.0,1
21.997167110443115,0.0,1
21.997167110443115,0.0,1
21.997167110443115,0.0,1
21.997167110443115,0.0,1
21.99811863899231,0.0,1
21.999174118041992,0.0,1
22.000400066375732,0.0,1
22.00136423110962,0.0,1
22.002371549606323,0.0,1
22.00344967842102,0.0,1
22.004461526870728,1e-05,1
22.004461526870728,0.0,1
22.00572967529297,0.0,1
22.00672745704651,0.0,1
22.007726907730103,0.0,1
22.009802103042603,0.0,1
22.009802103042603,0.0,1
22.011730909347534,0.0,1
22.012747764587402,0.0,1
22.01373791694641,0.0,1
22.01373791694641,0.0,1
22.015092134475708,0.0,1
22.016196489334106,0.0,1
22.017120599746704,0.0,1
22.018321752548218,0.0,1
22.019493341445923,0.0,1
22.020495653152466,0.0,1
22.02191400527954,0.0,1
22.02285385131836,0.0,1
22.023951530456543,0.0,1
22.023951530456543,0.0,1
22.0258686542511,0.0,1
22.026920318603516,0.0,1
22.02786684036255,0.0,1
22.028773069381714,0.0,1
22.02987813949585,0.0,1
22.035561323165894,0.0,1
22.03657054901123,0.0,1
22.03657054901123,0.0,1
22.037569999694824,0.0,1
22.037569999694824,0.0,1
22.037569999694824,0.0,1
22.038774728775024,0.0,1
22.038774728775024,0.0,1
22.040056467056274,0.0,1
22.040056467056274,0.0,1
22.04117488861084,0.0,1
22.04117488861084,0.0,1
22.045470237731934,0.0,1
22.045470237731934,0.0,1
22.045470237731934,0.0,1
22.045470237731934,0.0,1
22.045470237731934,0.0,1
22.047720193862915,0.0,1
22.048781156539917,0.0,1
22.04972505569458,0.0,1
22.050467491149902,0.0,1
22.051502466201782,0.0,1
22.052483081817627,0.0,1
22.053490161895752,0.0,1
22.05478000640869,0.0,1
22.05556607246399,0.0,1
22.056427717208862,0.0,1
22.05744194984436,0.0,1
22.058447122573853,0.0,1
22.059441089630127,0.0,1
22.060441493988037,0.0,1
22.061441659927368,0.0,1
22.062441110610962,0.0,1
22.063453912734985,0.0,1
22.063453912734985,0.0,1
22.065600633621216,0.0,1
22.066613912582397,0.0,1
22.06760334968567,0.0,1
22.068597078323364,0.0,1
22.069599390029907,0.0,1
22.071149587631226,0.0,1
22.071149587631226,0.0,1
22.072410345077515,0.0,1
22.073424816131592,0.0,1
22.074427366256714,0.0,1
22.07554030418396,0.0,1
22.07604670524597,0.0,1
22.08128809928894,0.0,1
22.08128809928894,0.0,1
22.082392692565918,0.0,1
22.08388376235962,0.0,1
22.08502459526062,0.0,1
22.086019277572632,0.0,1
22.086019277572632,0.0,1
22.087043523788452,0.0,1
22.087043523788452,0.0,1
22.08819270133972,0.0001,1
22.089197397232056,0.0001,1
22.089197397232056,0.0001,1
22.090210914611816,0.0001,1
22.09418821334839,0.0001,1
22.09418821334839,0.0001,1
22.09418821334839,0.0,1
22.09418821334839,0.0,1
22.09418821334839,0.0,1
22.09527039527893,0.0,1
22.096311569213867,0.0,1
22.097364902496338,0.0,1
22.098360538482666,0.0,1
22.09940791130066,0.0,1
22.10059905052185,0.0,1
22.10059905052185,0.0,1
22.10262107849121,0.00028,1
22.10359835624695,0.00028,1
22.104642152786255,0.00028,1
22.10662531852722,0.00028,1
22.10662531852722,0.00028,1
22.10760998725891,0.00028,1
22.108604907989502,0.00028,1
22.109606504440308,0.00028,1
22.11059880256653,0.00028,1
22.111603498458862,0.00028,1
22.112603425979614,0.00028,1
22.113633155822754,0.00028,1
22.11460018157959,0.00028,1
22.11545181274414,0.00028,1
22.116689920425415,0.00028,1
22.11741590499878,0.00028,1
22.11832904815674,0.00028,1
22.120421648025513,0.00028,1
22.120421648025513,0.00028,1
22.121413469314575,0.00028,1
22.12251567840576,0.00046,1
22.123438358306885,0.00046,1
22.124422788619995,0.0,1
22.12841820716858,0.0,1
22.129425287246704,0.0,1
22.129425287246704,0.0,1
22.13041877746582,0.0,1
22.13041877746582,0.0,1
22.13041877746582,0.0,1
22.131418466567993,0.0,1
22.1324200630188,0.0,1
22.133423805236816,0.0,1
22.136420011520386,0.0,1
22.137444496154785,0.0,1
22.137444496154785,0.00021,1
22.137444496154785,0.00021,1
22.138424158096313,0.00021,1
22.138424158096313,0.00021,1
22.140413999557495,0.00021,1
22.14166784286499,0.00021,1
22.14166784286499,0.00021,1
22.143049240112305,7e-05,1
22.144062757492065,7e-05,1
22.14506244659424,7e-05,1
22.14605736732483,7e-05,1
22.147061347961426,7e-05,1
22.14810061454773,7e-05,1
22.14908456802368,7e-05,1
22.15008807182312,7e-05,1
22.151063680648804,7e-05,1
22.15306854248047,7e-05,1
22.15306854248047,7e-05,1
22.154277801513672,7e-05,1
22.156633615493774,7e-05,1
22.15967297554016,7e-05,1
22.16065001487732,7e-05,1
22.16065001487732,0.0,1
22.16169261932373,0.0,1
22.16169261932373,9e-05,1
22.162691116333008,9e-05,1
22.162691116333008,9e-05,1
22.163692951202393,9e-05,1
22.16492772102356,9e-05,1
22.168007373809814,9e-05,1
22.169548749923706,9e-05,1
22.169548749923706,9e-05,1
22.170065879821777,0.0,1
22.170065879821777,0.0,1
22.170065879821777,0.0,1
22.171217679977417,0.0,1
22.17229723930359,0.0,1
22.174224376678467,0.0,1
22.175262689590454,0.0,1
22.175262689590454,0.0,1
22.17623209953308,0.0,1
22.178287506103516,0.0,1
22.178287506103516,0.0,1
22.179227113723755,0.0,1
22.18134307861328,0.0,1
22.18134307861328,0.0,1
22.183253526687622,0.0,1
22.183253526687622,0.0,1
22.184258937835693,0.0,1
22.186245918273926,0.0,1
22.186245918273926,0.0,1
22.188241958618164,0.0,1
22.188241958618164,0.0,1
22.189239978790283,0.0,1
22.190231323242188,0.0,1
22.191250562667847,0.0,1
22.192235708236694,0.0,1
22.19324278831482,0.0,1
22.1943461894989,0.0,1
22.19548463821411,0.0,1
22.195878267288208,0.0,1
22.196884393692017,0.0,1
22.197920560836792,0.0,1
22.19896149635315,0.0,1
22.199975728988647,0.0,1
22.207801580429077,0.0,1
22.208795309066772,0.0,1
22.211047172546387,0.0,1
22.21205163002014,0.0,1
22.213048696517944,0.0,1
22.214102268218994,0.0,1
22.215120553970337,0.0,1
22.215120553970337,0.0,1
22.215120553970337,0.0,1
22.216160774230957,0.0,1
22.220359086990356,0.0,1
22.221341133117676,2e-05,1
22.221341133117676,2e-05,1
22.221341133117676,2e-05,1
22.221341133117676,2e-05,1
22.221341133117676,2e-05,1
22.221341133117676,2e-05,1
22.221341133117676,2e-05,1
22.221341133117676,2e-05,1
22.22242832183838,2e-05,1
22.22242832183838,2e-05,1
22.22242832183838,2e-05,1
22.223514795303345,2e-05,1
22.224421977996826,2e-05,1
22.225465059280396,2e-05,1
22.22646474838257,2e-05,1
22.227477550506592,2e-05,1
22.228461980819702,2e-05,1
22.229467391967773,2e-05,1
22.230462074279785,2e-05,1
22.231462001800537,2e-05,1
22.232487201690674,0.0,1
22.233462810516357,0.0,1
22.23446226119995,0.0,1
22.23568630218506,0.0,1
22.237103700637817,0.0,1
22.237103700637817,0.0,1
22.238218784332275,0.0,1
22.23922038078308,0.0,1
22.240227460861206,0.0,1
22.24130868911743,0.0,1
22.242509365081787,0.0,1
22.243524074554443,0.0,1
22.24437713623047,0.0,1
22.245370149612427,0.0,1
22.246370553970337,0.0,1
22.24740767478943,0.0,1
22.24840998649597,0.0,1
22.24940776824951,0.0,1
22.250408172607422,0.0,1
22.251419067382812,0.0,1
22.252410411834717,0.0,1
22.253409147262573,0.0,1
22.254414558410645,0.0,1
22.25646448135376,0.0,1
22.25646448135376,0.0,1
22.25842308998108,0.0,1
22.25842308998108,0.0,1
22.25943636894226,0.0,1
22.26042890548706,0.0,1
22.261441230773926,0.0,1
22.261441230773926,0.0,1
22.27003502845764,0.0,1
22.271064519882202,0.0,1
22.272053718566895,0.0,1
22.272053718566895,0.0,1
22.273051023483276,0.0,1
22.274043798446655,0.0,1
22.274043798446655,0.0,1
22.275310039520264,0.0,1
22.275310039520264,0.0,1
22.276355743408203,0.0,1
22.276355743408203,0.0,1
22.276355743408203,0.0,1
22.276355743408203,0.0,1
22.277353048324585,0.0,1
22.277353048324585,0.0,1
22.278705835342407,0.0,1
22.28210973739624,0.0,1
22.28210973739624,0.0,1
22.28309392929077,0.0,1
22.28309392929077,0.0,1
22.28338122367859,0.0,1
22.28401231765747,0.0,1
22.285118579864502,0.0,1
22.28611993789673,0.0,1
22.287113428115845,0.0,1
22.289143085479736,0.0,1
22.290177822113037,0.0,1
22.290177822113037,0.0,1
22.291135787963867,1e-05,1
22.292114973068237,1e-05,1
22.293134450912476,1e-05,1
22.295178413391113,1e-05,1
22.295178413391113,1e-05,1
22.297160863876343,1e-05,1
22.297160863876343,1e-05,1
22.298113107681274,1e-05,1
22.299109935760498,1e-05,1
22.300412893295288,1e-05,1
22.301398754119873,1e-05,1
22.302666664123535,1e-05,1
22.302666664123535,1e-05,1
22.303943634033203,0.0,1
22.304962873458862,0.0,1
22.305983066558838,0.0,1
22.30697774887085,0.0,1
22.307969331741333,0.0,1
22.3089497089386,0.0,1
22.310015201568604,0.0,1
22.311139822006226,0.0,1
22.312162399291992,0.0,1
22.3131422996521,1e-05,1
22.314140558242798,0.0,1
22.315135717391968,0.0,1
22.31614065170288,0.0,1
22.31614065170288,0.0,1
22.31757616996765,0.0,1
22.319589376449585,0.0,1
22.320544004440308,0.0,1
22.321370363235474,0.0,1
22.32240605354309,0.0,1
22.323371171951294,0.0,1
22.324409008026123,0.0,1
22.3254075050354,0.0,1
22.329408407211304,0.0,1
22.329408407211304,0.0,1
22.330411672592163,0.0,1
22.330411672592163,0.0,1
22.330411672592163,0.0,1
22.331408500671387,0.0,1
22.332407236099243,0.0,1
22.333407402038574,0.0,1
22.337407112121582,0.0,1
22.337407112121582,0.0,1
22.337407112121582,0.0,1
22.337407112121582,0.0,1
22.338409185409546,0.0,1
22.339451551437378,0.0,1
22.340370893478394,0.0,1
22.341407537460327,0.0,1
22.34241008758545,0.0,1
22.34337329864502,0.0,1
22.344237565994263,0.0,1
22.345602989196777,0.0,1
22.345602989196777,0.0,1
22.346603393554688,0.0,1
22.347602128982544,0.0,1
22.349599599838257,0.0,1
22.349599599838257,0.0,1
22.351630687713623,1e-05,1
22.352640390396118,1e-05,1
22.35361957550049,1e-05,1
22.35463237762451,1e-05,1
22.35463237762451,1e-05,1
22.356651067733765,1e-05,1
22.358012437820435,1e-05,1
22.358012437820435,1e-05,1
22.35944175720215,1e-05,1
22.36045503616333,1e-05,1
22.361450910568237,1e-05,1
22.362730026245117,1e-05,1
22.363397359848022,1e-05,1
22.364627361297607,1e-05,1
22.365634202957153,1e-05,1
22.366637468338013,1e-05,1
22.367636680603027,1e-05,1
22.368637323379517,1e-05,1
22.369640111923218,1e-05,1
22.370171308517456,1e-05,1
22.371204137802124,0.0,1
22.382301568984985,0.0,1
22.3832905292511,0.0,1
22.3832905292511,0.0,1
22.384294509887695,0.0,1
22.384294509887695,0.0,1
22.384294509887695,0.0,1
22.384294509887695,0.0,1
22.38573384284973,0.0,1
22.38675045967102,0.0,1
22.38675045967102,0.0,1
22.38775134086609,0.0,1
22.38775134086609,0.0,1
22.38775134086609,0.0,1
22.38775134086609,0.0,1
22.38775134086609,0.0,1
22.389021635055542,0.0,1
22.389021635055542,0.0,1
22.390032291412354,0.0,1
22.394272089004517,0.0,1
22.394272089004517,0.0,1
22.394272089004517,0.0,1
22.394272089004517,0.0,1
22.394272089004517,0.0,1
22.395282983779907,0.0,1
22.39627456665039,0.0,1
22.39727473258972,0.0,1
22.398270845413208,0.0,1
22.399373292922974,0.0,1
22.400471925735474,0.0,1
22.401386737823486,0.0,1
22.402410745620728,0.0,1
22.40340518951416,0.0,1
22.40446162223816,0.0,1
22.40540885925293,0.0,1
22.406466245651245,0.0,1
22.408405780792236,0.0,1
22.408405780792236,0.0,1
22.409904718399048,0.0,1
22.41089391708374,0.0,1
22.411927938461304,0.0,1
22.41236710548401,1e-05,1
22.41348171234131,1e-05,1
22.414406299591064,1e-05,1
22.41542887687683,1e-05,1
22.41641879081726,1e-05,1
22.41741967201233,1e-05,1
22.418376207351685,1e-05,1
22.41938042640686,1e-05,1
22.420464277267456,1e-05,1
22.42179250717163,1e-05,1
22.42277455329895,1e-05,1
22.42277455329895,1e-05,1
22.42376708984375,1e-05,1
22.425269603729248,1e-05,1
22.42645525932312,1e-05,1
22.427685260772705,1e-05,1
22.427685260772705,1e-05,1
22.429633378982544,1e-05,1
22.43036937713623,0.0,1
22.43140721321106,0.0,1
22.43237042427063,0.0,1
22.43237042427063,0.0,1
22.433780670166016,0.0,1
22.43974757194519,0.0,1
22.43974757194519,0.0,1
22.43974757194519,0.0,1
22.44072651863098,0.0,1
22.44072651863098,0.0,1
22.44072651863098,0.0,1
22.44072651863098,0.0,1
22.44272494316101,0.0,1
22.44272494316101,0.0,1
22.446725845336914,0.0,1
22.446725845336914,0.0,1
22.446725845336914,0.0,1
22.446725845336914,0.0,1
22.448243618011475,0.0,1
22.44958233833313,0.0,1
22.44958233833313,0.0,1
22.451370000839233,0.0,1
22.452624320983887,0.0,1
22.453362226486206,0.0,1
22.453362226486206,0.0,1
22.454778909683228,0.0,1
22.455787420272827,0.0,1
22.456787109375,0.0,1
22.45778751373291,0.0,1
22.458787202835083,0.0,1
22.459787607192993,0.0,1
22.460787296295166,0.0,1
22.461788177490234,0.0,1
22.46278691291809,0.0,1
22.46378755569458,0.0,1
22.464786767959595,0.0,1
22.466169595718384,0.0,1
22.467384338378906,0.0,1
22.46846580505371,0.0,1
22.46846580505371,0.0,1
22.471090078353882,0.0,1
22.471090078353882,0.0,1
22.47211456298828,0.0,1
22.47332763671875,0.0,1
22.474364280700684,0.0,1
22.47538709640503,0.0,1
22.476385593414307,0.0,1
22.477371215820312,0.0,1
22.47836923599243,0.0,1
22.47836923599243,0.0,1
22.479661464691162,0.0,1
22.480658531188965,0.0,1
22.48566174507141,0.0,1
22.487905740737915,0.0,1
22.488941431045532,0.0,1
22.489928483963013,0.0,1
22.49117159843445,0.0,1
22.493242740631104,0.0,1
22.494261264801025,0.0,1
22.49652624130249,0.0,1
22.501832723617554,0.0,1
22.503201484680176,0.0,1
22.503201484680176,0.0,1
22.504202127456665,0.0,1
22.504202127456665,0.0,1
22.505205154418945,0.0,1
22.505205154418945,0.0,1
22.505205154418945,0.0,1
22.505205154418945,0.0,1
22.50623893737793,0.0,1
22.50623893737793,0.0,1
22.50623893737793,0.0,1
22.509249210357666,0.0,1
22.509249210357666,1e-05,1
22.510245084762573,1e-05,1
22.510245084762573,1e-05,1
22.510245084762573,1e-05,1
22.510245084762573,1e-05,1
22.510245084762573,1e-05,1
22.510245084762573,2e-05,1
22.510245084762573,2e-05,1
22.511242389678955,2e-05,1
22.512280464172363,2e-05,1
22.5132839679718,2e-05,1
22.51424503326416,2e-05,1
22.51539635658264,2e-05,1
22.516456127166748,2e-05,1
22.517479419708252,2e-05,1
22.518855094909668,2e-05,1
22.519875049591064,2e-05,1
22.52104640007019,2e-05,1
22.522600412368774,2e-05,1
22.522600412368774,2e-05,1
22.523589849472046,2e-05,1
22.52506923675537,2e-05,1
22.52506923675537,0.0,1
22.527050018310547,0.0,1
22.527050018310547,0.0,1
22.528040170669556,0.0,1
22.529051780700684,0.0,1
22.53033185005188,0.0,1
22.53033185005188,0.0,1
22.53165340423584,0.0,1
22.532641410827637,0.0,1
22.534374952316284,0.0,1
22.534862995147705,0.0,1
22.536885261535645,0.0,1
22.536885261535645,0.0,1
22.53787922859192,0.0,1
22.539416551589966,0.0,1
22.54043173789978,0.0,1
22.541430234909058,0.0,1
22.541430234909058,0.0,1
22.542752504348755,0.0,1
22.543764352798462,0.0,1
22.54604721069336,0.0,1
22.549526691436768,0.0,1
22.549526691436768,0.0,1
22.549526691436768,0.0,1
22.55052351951599,0.0,1
22.55052351951599,0.0,1
22.551520347595215,0.0,1
22.55252480506897,0.0,1
22.556535720825195,0.0,1
22.556535720825195,0.0,1
22.556535720825195,0.0,1
22.55753183364868,0.0,1
22.55753183364868,0.0,1
22.55853509902954,0.0,1
22.559370279312134,0.0,1
22.56053352355957,0.0,1
22.561208963394165,0.0,1
22.561208963394165,0.0,1
22.562652826309204,0.0,1
22.563692331314087,0.0,1
22.56471276283264,0.0,1
22.565766096115112,0.0,1
22.56675362586975,0.0,1
22.568787813186646,0.0,1
22.568787813186646,0.0,1
22.57031798362732,0.0,1
22.57031798362732,0.0,1
22.572324514389038,0.0,1
22.572324514389038,0.0,1
22.573649644851685,0.0,1
22.57461428642273,0.0,1
22.57565426826477,0.0,1
22.57781195640564,0.0,1
22.581100940704346,0.0,1
22.581100940704346,0.0,1
22.58208465576172,0.0,1
22.58208465576172,0.0,1
22.58208465576172,0.0,1
22.584083557128906,0.0,1
22.59011459350586,0.0,1
22.591089963912964,0.0,1
22.591089963912964,0.0,1
22.591089963912964,0.0,1
22.591089963912964,0.0,1
22.592095613479614,0.0,1
22.5931077003479,0.0,1
22.5931077003479,0.0,1
22.5931077003479,0.0,1
22.5931077003479,0.0,1
22.59408688545227,0.0,1
22.595104932785034,0.0,1
22.59610080718994,0.0,1
22.597130298614502,0.0,1
22.598371505737305,0.0,1
22.59936285018921,0.0,1
22.600416660308838,0.0,1
22.601161241531372,0.0,1
22.602179527282715,0.0,1
22.60317850112915,0.0,1
22.60317850112915,0.0,1
22.604699850082397,0.0,1
22.60578465461731,0.0,1
22.606876373291016,0.0,1
22.60931372642517,0.0,1
22.60931372642517,0.0,1
22.611857891082764,0.0,1
22.611857891082764,0.0,1
22.61286973953247,0.0,1
22.61286973953247,0.0,1
22.614298582077026,0.0,1
22.61537456512451,0.0,1
22.6201114654541,0.0,1
22.6201114654541,0.0,1
22.6201114654541,0.0,1
22.6201114654541,0.0,1
22.621068000793457,0.0,1
22.621068000793457,0.0,1
22.62214708328247,0.0,1
22.623105764389038,0.0,1
22.624629020690918,0.0,1
22.624629020690918,0.0,1
22.62562608718872,0.0,1
22.627368688583374,0.0,1
22.628581762313843,0.0,1
22.629551887512207,0.0,1
22.630553483963013,0.0,1
22.630553483963013,0.0,1
22.632553100585938,0.0,1
22.633554697036743,0.0,1
22.63455295562744,0.0,1
22.635605335235596,0.0,1
22.636564016342163,0.0,1
22.637553453445435,0.0,1
22.638559103012085,0.0,1
22.639554977416992,0.0,1
22.640575408935547,0.0,1
22.640575408935547,0.0,1
22.64163613319397,0.0,1
22.642624139785767,0.0,1
22.64437198638916,0.0,1
22.645408153533936,0.0,1
22.646406888961792,0.0,1
22.64745545387268,0.0,1
22.648370027542114,0.0,1
22.649410486221313,0.0,1
22.650411128997803,0.0,1
22.651410579681396,0.0,1
22.652456760406494,0.0,1
22.653581857681274,0.0,1
22.654589414596558,0.0,1
22.660585403442383,0.0,1
22.662776947021484,0.0,1
22.663751363754272,0.0,1
22.665749073028564,0.0,1
22.665749073028564,0.0,1
22.665749073028564,0.0,1
22.666761875152588,0.0,1
22.666761875152588,0.0,1
22.667762279510498,0.0,1
22.667762279510498,0.0,1
22.668752670288086,0.0,1
22.67620062828064,0.0,1
22.677168369293213,0.0,1
22.677168369293213,0.0,1
22.677168369293213,0.0,1
22.67818856239319,0.0,1
22.67818856239319,0.0,1
22.67818856239319,0.0,1
22.67818856239319,0.0,1
22.67818856239319,0.0,1
22.67818856239319,0.0,1
22.679370403289795,0.0,1
22.679370403289795,0.0,1
22.679370403289795,0.0,1
22.679370403289795,0.0,1
22.680342197418213,0.0,1
22.68148446083069,0.0,1
22.682322025299072,0.0,1
22.68337321281433,0.0,1
22.684406280517578,0.0,1
22.685391187667847,0.0,1
22.68638324737549,0.0,1
22.68740439414978,0.0,1
22.688384532928467,0.0,1
22.689382791519165,0.0,1
22.690402269363403,0.0,1
22.69140362739563,0.0,1
22.692405700683594,0.0,1
22.693380117416382,0.0,1
22.694408893585205,0.0,1
22.695379734039307,0.0,1
22.696403741836548,0.0,1
22.697404384613037,0.0,1
22.698382139205933,0.0,1
22.69938087463379,0.0,1
22.70037055015564,0.0,1
22.701385259628296,1e-05,1
22.702398777008057,0.0,1
22.70366621017456,0.0,1
22.70366621017456,0.0,1
22.705788612365723,0.0,1
22.705788612365723,0.0,1
22.707226514816284,0.0,1
22.707226514816284,0.0,1
22.708523750305176,0.0,1
22.709712028503418,0.0,1
22.711378574371338,0.0,1
22.712443590164185,0.0,1
22.713442087173462,0.0,1
22.7144615650177,0.0,1
22.715441942214966,0.0,1
22.716449975967407,0.0,1
22.717442274093628,0.0,1
22.72204089164734,0.0,1
22.723535537719727,0.0,1
22.723535537719727,0.0,1
22.724621534347534,0.0,1
22.724621534347534,0.0,1
22.724621534347534,0.0,1
22.725620985031128,0.0,1
22.726619005203247,0.0,1
22.726619005203247,0.0,1
22.72961664199829,0.0,1
22.73161292076111,0.0,1
22.73161292076111,0.0,1
22.73161292076111,0.0,1
22.73161292076111,0.0,1
22.732616424560547,0.0,1
22.732616424560547,0.0,1
22.733954906463623,0.0,1
22.734971046447754,0.0,1
22.73599934577942,0.0,1
22.737979888916016,0.0,1
22.73897123336792,0.0,1
22.73897123336792,0.0,1
22.74070453643799,0.0,1
22.74070453643799,0.0,1
22.742160320281982,0.0,1
22.74338412284851,0.0,1
22.7444748878479,0.0,1
22.7444748878479,0.0,1
22.74561071395874,0.0,1
22.74718689918518,0.0,1
22.747694730758667,0.0,1
22.75603723526001,0.0,1
22.75704836845398,0.0,1
22.75755524635315,0.0,1
22.758060216903687,0.0,1
22.758060216903687,0.0,1
22.758060216903687,0.0,1
22.75907874107361,0.0,1
22.75958514213562,0.0,1
22.75958514213562,0.0,1
22.76008939743042,0.0,1
22.76008939743042,0.0,1
22.76109766960144,0.0,1
22.762157440185547,0.0,1
22.763168334960938,0.0,1
22.763168334960938,0.0,1
22.769214153289795,0.0,1
22.770722150802612,0.0,1
22.770722150802612,0.0,1
22.770722150802612,0.0,1
22.770722150802612,0.0,1
22.770722150802612,0.0,1
22.770722150802612,0.0,1
22.770722150802612,0.0,1
22.771746158599854,0.0,1
22.77375864982605,0.0,1
22.77375864982605,0.0,1
22.774739742279053,0.0,1
22.775740146636963,0.0,1
22.777745246887207,0.0,1
22.778359413146973,0.0,1
22.779338598251343,0.0,1
22.780317783355713,0.0,1
22.780317783355713,0.0,1
22.781809091567993,0.0,1
22.783108711242676,1e-05,1
22.784125328063965,1e-05,1
22.7851459980011,1e-05,1
22.786540508270264,1e-05,1
22.787545204162598,1e-05,1
22.78856611251831,1e-05,1
22.78955626487732,1e-05,1
22.79056143760681,1e-05,1
22.791561126708984,1e-05,1
22.79255700111389,1e-05,1
22.793554306030273,1e-05,1
22.79457402229309,1e-05,1
22.795546054840088,0.0,1
22.800047159194946,0.0,1
22.800047159194946,0.0,1
22.801061391830444,0.0,1
22.801061391830444,0.0,1
22.802081823349,0.0,1
22.80406403541565,1e-05,1
22.806249856948853,1e-05,1
22.808732986450195,1e-05,1
22.809714555740356,1e-05,1
22.81181788444519,1e-05,1
22.813254356384277,1e-05,1
22.8167667388916,1e-05,1
22.817753314971924,1e-05,1
22.817753314971924,1e-05,1
22.817753314971924,1e-05,1
22.81878685951233,1e-05,1
22.81878685951233,1e-05,1
22.81878685951233,1e-05,1
22.819822072982788,1e-05,1
22.819822072982788,1e-05,1
22.819822072982788,1e-05,1
22.819822072982788,1e-05,1
22.819822072982788,0.0,1
22.820823669433594,0.0,1
22.820823669433594,0.0,1
22.821852445602417,0.0,1
22.82285213470459,0.0,1
22.82381844520569,0.0,1
22.824855089187622,0.0,1
22.824855089187622,0.0,1
22.82680869102478,0.0,1
22.82680869102478,0.0,1
22.828999757766724,0.0,1
22.828999757766724,0.0,1
22.830368041992188,0.0,1
22.831270694732666,0.0,1
22.832407236099243,0.0,1
22.832859992980957,0.0,1
22.83387804031372,0.0,1
22.834896326065063,0.0,1
22.835896492004395,0.0,1
22.83790946006775,0.0,1
22.83790946006775,0.0,1
22.838934183120728,0.0,1
22.83987784385681,0.0,1
22.841382026672363,0.0,1
22.841382026672363,0.0,1
22.842890977859497,0.0,1
22.84390616416931,0.0,1
22.844906091690063,0.0,1
22.8459050655365,0.0,1
22.84690499305725,0.0,1
22.847905158996582,0.0,1
22.848904848098755,0.0,1
22.84990620613098,0.0,1
22.850904941558838,0.0,1
22.85190773010254,0.0,1
22.852907180786133,1e-05,1
22.857612371444702,1e-05,1
22.85878896713257,1e-05,1
22.859811067581177,1e-05,1
22.859811067581177,1e-05,1
22.860812187194824,1e-05,1
22.861812353134155,1e-05,1
22.861812353134155,1e-05,1
22.861812353134155,0.0,1
22.86282968521118,0.0,1
22.86282968521118,0.0,1
22.868818283081055,0.0,1
22.87000823020935,0.0,1
22.87000823020935,0.0,1
22.87000823020935,0.0,1
22.87000823020935,0.0,1
22.87000823020935,0.0,1
22.87103247642517,0.0,1
22.871559143066406,0.0,1
22.872575283050537,0.0,1
22.873597860336304,0.0,1
22.8744056224823,0.0,1
22.87535047531128,0.0,1
22.876394510269165,0.0,1
22.877392292022705,2e-05,1
22.87813377380371,2e-05,1
22.87813377380371,2e-05,1
22.87960171699524,2e-05,1
22.88163161277771,2e-05,1
22.88274312019348,2e-05,1
22.88274312019348,2e-05,1
22.883735418319702,2e-05,1
22.884729862213135,2e-05,1
22.886199951171875,2e-05,1
22.88759422302246,2e-05,1
22.888599157333374,2e-05,1
22.88959550857544,2e-05,1
22.890661478042603,2e-05,1
22.891592741012573,2e-05,1
22.893617868423462,2e-05,1
22.893617868423462,2e-05,1
22.894601345062256,2e-05,1
22.895597219467163,2e-05,1
22.89669179916382,2e-05,1
22.898152112960815,2e-05,1
22.898152112960815,0.0,1
22.9002628326416,0.0,1
22.9002628326416,1e-05,1
22.901297569274902,0.0,1
22.90235209465027,0.0,1
22.905661582946777,0.0,1
22.911436319351196,0.0,1
22.91294550895691,0.0,1
22.91456651687622,0.0,1
22.9151029586792,0.0,1
22.9151029586792,0.0,1
22.91611337661743,0.0,1
22.916621208190918,0.0,1
22.917125940322876,0.0,1
22.917125940322876,0.0,1
22.918148517608643,0.0,1
22.919209241867065,0.0,1
22.919209241867065,0.0,1
22.921989917755127,0.0,1
22.923001766204834,0.0,1
22.92351222038269,0.0,1
22.92556095123291,0.0,1
22.932180166244507,0.0,1
22.932180166244507,0.0,1
22.932180166244507,0.0,1
22.932180166244507,0.0,1
22.932180166244507,0.0,1
22.932180166244507,0.0,1
22.933149099349976,0.0,1
22.933149099349976,0.0,1
22.933149099349976,0.0,1
22.933149099349976,0.0,1
22.933149099349976,0.0,1
22.933149099349976,0.0,1
22.933149099349976,0.0,1
22.933149099349976,0.0,1
22.93412685394287,1e-05,1
22.935144186019897,1e-05,1
22.936439752578735,1e-05,1
22.93749737739563,1e-05,1
22.938668727874756,1e-05,1
22.938668727874756,1e-05,1
22.939698696136475,1e-05,1
22.940752744674683,1e-05,1
22.941737413406372,1e-05,1
22.942747354507446,1e-05,1
22.94420099258423,1e-05,1
22.945255517959595,1e-05,1
22.946288347244263,1e-05,1
22.947261095046997,1e-05,1
22.948256254196167,1e-05,1
22.949256896972656,1e-05,1
22.950591325759888,1e-05,1
22.951612949371338,1e-05,1
22.95264482498169,1e-05,1
22.953613996505737,1e-05,1
22.95398473739624,0.0,1
22.95500683784485,0.0,1
22.956042289733887,0.0,1
22.957188606262207,0.0,1
22.958218336105347,0.0,1
22.959380388259888,0.0,1
22.960392475128174,0.0,1
22.961594820022583,0.0,1
22.961594820022583,0.0,1
22.963159322738647,0.0,1
22.963666200637817,0.0,1
22.969123601913452,0.0,1
22.969123601913452,0.0,1
22.97015929222107,0.0,1
22.97015929222107,0.0,1
22.97067642211914,0.0,1
22.971211433410645,0.0,1
22.971211433410645,0.0,1
22.972249507904053,0.0,1
22.97331404685974,0.0,1
22.97741150856018,0.0,1
22.97741150856018,0.0,1
22.97741150856018,0.0,1
22.97741150856018,0.0,1
22.978421211242676,0.0,1
22.9793541431427,0.0,1
22.979737281799316,0.0,1
22.981405019760132,0.0,1
22.982348203659058,0.0,1
22.98339009284973,0.0,1
22.984386920928955,0.0,1
22.985404014587402,0.0,1
22.986436128616333,0.0,1
22.987384796142578,0.0,1
22.988388776779175,0.0,1
22.989389419555664,0.0,1
22.990386724472046,0.0,1
22.991393327713013,0.0,1
22.99238634109497,0.0,1
22.99338936805725,0.0,1
22.994385242462158,0.0,1
22.99538564682007,0.0,1
22.996383905410767,0.0,1
22.997386693954468,0.0,1
22.99846625328064,0.0,1
22.99948000907898,0.0,1
23.000348806381226,0.0,1
23.00114369392395,0.0,1
23.002048015594482,0.0,1
23.003674745559692,0.0,1
23.00472092628479,0.0,1
23.005688667297363,0.0,1
23.006977319717407,0.0,1
23.006977319717407,0.0,1
23.008979082107544,0.0,1
23.008979082107544,0.0,1
23.01045846939087,0.0,1
23.011422872543335,0.0,1
23.016709566116333,0.0,1
23.01771569252014,0.0,1
23.01771569252014,0.0,1
23.018712282180786,0.0,1
23.018712282180786,0.0,1
23.018712282180786,0.0,1
23.01971173286438,0.0,1
23.01971173286438,0.0,1
23.020714282989502,0.0,1
23.020714282989502,0.0,1
23.024715900421143,0.0,1
23.024715900421143,0.0,1
23.024715900421143,0.0,1
23.025742292404175,0.0,1
23.025742292404175,0.0,1
23.027753353118896,0.0,1
23.027753353118896,0.0,1
23.028714418411255,0.0,1
23.029710054397583,0.0,1
23.03172755241394,0.0,1
23.032360076904297,0.0,1
23.033430099487305,0.0,1
23.034470558166504,0.0,1
23.035444974899292,0.0,1
23.036449432373047,0.0,1
23.03744149208069,0.0,1
23.03844118118286,0.0,1
23.03944158554077,0.0,1
23.040441751480103,0.0,1
23.041441679000854,0.0,1
23.042441844940186,0.0,1
23.042441844940186,0.0,1
23.043900728225708,0.0,1
23.044894695281982,0.0,1
23.045944452285767,0.0,1
23.04693031311035,0.0,1
23.04793643951416,0.0,1
23.048933506011963,0.0,1
23.04994297027588,0.0,1
23.051883697509766,0.0,1
23.051883697509766,0.0,1
23.053321361541748,0.0,1
23.05530834197998,0.0,1
23.05530834197998,0.0,1
23.05640745162964,0.0,1
23.057433128356934,0.0,1
23.05842089653015,0.0,1
23.06299090385437,0.0,1
23.06299090385437,0.0,1
23.06299090385437,0.0,1
23.064069747924805,0.0,1
23.064069747924805,0.0,1
23.064069747924805,0.0,1
23.066184997558594,0.0,1
23.066184997558594,0.0,1
23.072787046432495,0.0,1
23.072787046432495,0.0,1
23.072787046432495,0.0,1
23.072787046432495,0.0,1
23.072787046432495,0.0,1
23.074265480041504,0.0,1
23.074265480041504,0.0,1
23.074265480041504,0.0,1
23.075453996658325,0.0,1
23.07704520225525,0.0,1
23.07704520225525,0.0,1
23.07806158065796,0.0,1
23.079105615615845,0.0,1
23.08043932914734,0.0,1
23.081363916397095,0.0,1
23.082464933395386,0.0,1
23.083421230316162,0.0,1
23.084474325180054,0.0,1
23.085439682006836,0.0,1
23.086435079574585,0.0,1
23.087432622909546,0.0,1
23.088433027267456,0.0,1
23.089438676834106,0.0,1
23.090458154678345,0.0,1
23.091434478759766,0.0,1
23.092431783676147,0.0,1
23.09342861175537,0.0,1
23.09443187713623,0.0,1
23.0954327583313,0.0,1
23.096432209014893,0.0,1
23.09743332862854,0.0,1
23.098440885543823,0.0,1
23.099432468414307,0.0,1
23.100430488586426,0.0,1
23.10143280029297,0.0,1
23.102438926696777,0.0,1
23.103437662124634,0.0,1
23.10443115234375,0.0,1
23.106561183929443,0.0,1
23.110559225082397,0.0,1
23.110559225082397,0.0,1
23.111562967300415,0.0,1
23.111562967300415,0.0,1
23.111562967300415,0.0,1
23.11276626586914,0.0,1
23.11276626586914,0.0,1
23.11276626586914,0.0,1
23.11521601676941,0.0,1
23.11521601676941,0.0,1
23.116214752197266,0.0,1
23.122857809066772,0.0,1
23.122857809066772,0.0,1
23.122857809066772,0.0,1
23.122857809066772,0.0,1
23.122857809066772,0.0,1
23.122857809066772,0.0,1
23.122857809066772,0.0,1
23.12433409690857,0.0,1
23.125268936157227,0.0,1
23.126431465148926,0.0,1
23.126431465148926,0.0,1
23.127625465393066,0.0,1
23.128607273101807,0.0,1
23.12961459159851,0.0,1
23.130605459213257,0.0,1
23.13160538673401,0.0,1
23.132631540298462,0.0,1
23.134666919708252,0.0,1
23.135679960250854,0.0,1
23.135679960250854,0.0,1
23.13715887069702,0.0,1
23.13898801803589,0.0,1
23.13898801803589,0.0,1
23.141066789627075,0.0,1
23.141066789627075,0.0,1
23.14305591583252,0.0,1
23.14431595802307,0.0,1
23.14431595802307,0.0,1
23.145066499710083,0.0,1
23.146087408065796,0.0,1
23.14708113670349,0.0,1
23.148094654083252,0.0,1
23.149335145950317,0.0,1
23.1513454914093,0.0,1
23.1566424369812,0.0,1
23.1566424369812,0.0,1
23.158032417297363,0.0,1
23.158032417297363,0.0,1
23.158032417297363,0.0,1
23.159342050552368,0.0,1
23.160382747650146,0.0,1
23.160382747650146,0.0,1
23.160382747650146,0.0,1
23.16149878501892,0.0,1
23.16149878501892,0.0,1
23.16790199279785,0.0,1
23.16790199279785,0.0,1
23.168896436691284,0.0,1
23.168896436691284,0.0,1
23.168896436691284,0.0,1
23.168896436691284,0.0,1
23.168896436691284,0.0,1
23.168896436691284,0.0,1
23.169896602630615,0.0,1
23.1714084148407,0.0,1
23.172439575195312,0.0,1
23.173461198806763,0.0,1
23.174452781677246,0.0,1
23.174452781677246,0.0,1
23.17575478553772,0.0,1
23.176771640777588,0.0,1
23.177974700927734,0.0,1
23.179062128067017,0.0,1
23.18009352684021,0.0,1
23.181123971939087,0.0,1
23.18252158164978,0.0,1
23.18311381340027,0.0,1
23.184178113937378,0.0,1
23.185185432434082,0.0,1
23.18618392944336,0.0,1
23.188357830047607,1e-05,1
23.188357830047607,1e-05,1
23.190321922302246,0.0,1
23.190321922302246,0.0,1
23.191295385360718,0.0,1
23.192347526550293,0.0,1
23.19327735900879,0.0,1
23.194321632385254,0.0,1
23.195286750793457,0.0,1
23.197286367416382,0.0,1
23.200501918792725,0.0,1
23.200501918792725,0.0,1
23.200501918792725,0.0,1
23.200501918792725,0.0,1
23.202022075653076,0.0,1
23.202998638153076,0.0,1
23.203993797302246,0.0,1
23.204996585845947,0.0,1
23.205989837646484,0.0,1
23.205989837646484,0.0,1
23.206984758377075,0.0,1
23.21141266822815,0.0,1
23.21141266822815,0.0,1
23.21141266822815,0.0,1
23.21141266822815,0.0,1
23.21248149871826,0.0,1
23.213483810424805,0.0,1
23.214425563812256,0.0,1
23.215449571609497,0.0,1
23.215449571609497,0.0,1
23.216590642929077,0.0,1
23.218657732009888,0.0,1
23.219611883163452,0.0,1
23.219611883163452,0.0,1
23.220664978027344,0.0,1
23.221662521362305,0.0,1
23.22266173362732,1e-05,1
23.22365951538086,0.0,1
23.22466492652893,0.0,1
23.225658893585205,0.0,1
23.226664304733276,0.0,1
23.227658987045288,0.0,1
23.2286639213562,0.0,1
23.229660272598267,0.0,1
23.230659246444702,0.0,1
23.232345819473267,0.0,1
23.232345819473267,0.0,1
23.23417568206787,0.0,1
23.236258029937744,0.0,1
23.236258029937744,0.0,1
23.23760461807251,0.0,1
23.23823595046997,0.0,1
23.239758491516113,0.0,1
23.239758491516113,0.0,1
23.241201400756836,0.0,1
23.242207527160645,0.0,1
23.243253707885742,0.0,1
23.247320413589478,0.0,1
23.247320413589478,0.0,1
23.248353719711304,0.0,1
23.248353719711304,0.0,1
23.248353719711304,0.0,1
23.249388694763184,0.0,1
23.250397443771362,0.0,1
23.251413583755493,0.0,1
23.255501747131348,0.0,1
23.255501747131348,0.0,1
23.255501747131348,0.0,1
23.256033182144165,0.0,1
23.256539583206177,0.0,1
23.256539583206177,0.0,1
23.258345127105713,0.0,1
23.25905728340149,0.0,1
23.260154485702515,0.0,1
23.261181831359863,0.0,1
23.26232385635376,0.0,1
23.263416528701782,0.0,1
23.26434350013733,0.0,1
23.26538586616516,0.0,1
23.266424417495728,0.0,1
23.267407417297363,0.0,1
23.2684109210968,0.0,1
23.269388675689697,0.0,1
23.27040982246399,0.0,1
23.27139687538147,0.0,1
23.27139687538147,0.0,1
23.27277970314026,0.0,1
23.2737398147583,0.0,1
23.274749040603638,0.0,1
23.27570414543152,0.0,1
23.276704788208008,0.0,1
23.27870488166809,0.0,1
23.27870488166809,0.0,1
23.27971601486206,0.0,1
23.28139901161194,0.0,1
23.282468557357788,1e-05,1
23.28345036506653,1e-05,1
23.28345036506653,1e-05,1
23.28614354133606,1e-05,1
23.28614354133606,1e-05,1
23.288137674331665,1e-05,1
23.288137674331665,1e-05,1
23.28920269012451,1e-05,1
23.290203094482422,1e-05,1
23.29214334487915,1e-05,1
23.295920610427856,1e-05,1
23.297226190567017,1e-05,1
23.297226190567017,1e-05,1
23.29924488067627,1e-05,1
23.29924488067627,1e-05,1
23.30022358894348,1e-05,1
23.30022358894348,1e-05,1
23.301717281341553,1e-05,1
23.302727460861206,1e-05,1
23.304725408554077,1e-05,1
23.305716514587402,0.0,1
23.31373906135559,0.0,1
23.31373906135559,0.0,1
23.31373906135559,0.0,1
23.314720153808594,0.0,1
23.314720153808594,0.0,1
23.314720153808594,0.0,1
23.314720153808594,0.0,1
23.314720153808594,0.0,1
23.314720153808594,0.0,1
23.314720153808594,0.0,1
23.314720153808594,0.0,1
23.314720153808594,0.0,1
23.315712213516235,0.0,1
23.31633234024048,0.0,1
23.31710696220398,0.0,1
23.318617582321167,0.0,1
23.318617582321167,0.0,1
23.31964373588562,0.0,1
23.320724487304688,0.0,1
23.321757316589355,0.0,1
23.322753190994263,0.0,1
23.324751615524292,0.0,1
23.325780630111694,0.0,1
23.325780630111694,0.0,1
23.32672667503357,0.0,1
23.32772421836853,0.0,1
23.328723669052124,0.0,1
23.329724073410034,0.0,1
23.330723524093628,0.0,1
23.33172369003296,0.0,1
23.332723379135132,0.0,1
23.333955764770508,0.0,1
23.335010766983032,0.0,1
23.337024927139282,0.0,1
23.338001489639282,0.0,1
23.338001489639282,0.0,1
23.34031867980957,0.0,1
23.34031867980957,0.0,1
23.341250896453857,0.0,1
23.342267751693726,0.0,1
23.34327793121338,0.0,1
23.34434175491333,0.0,1
23.345450162887573,0.0,1
23.346464157104492,0.0,1
23.34719729423523,0.0,1
23.348058223724365,0.0,1
23.349125146865845,0.0,1
23.35021138191223,0.0,1
23.351529836654663,0.0,1
23.351529836654663,0.0,1
23.35391664505005,0.0,1
23.356969833374023,0.0,1
23.356969833374023,0.0,1
23.356969833374023,0.0,1
23.356969833374023,0.0,1
23.357978582382202,0.0,1
23.35900044441223,0.0,1
23.359997749328613,0.0,1
23.363983869552612,0.0,1
23.363983869552612,0.0,1
23.363983869552612,0.0,1
23.36500334739685,0.0,1
23.365334510803223,0.0,1
23.366424798965454,0.0,1
23.36691927909851,0.0,1
23.367970943450928,0.0,1
23.36893939971924,5e-05,1
23.369931936264038,0.00022,1
23.37172245979309,0.00022,1
23.37276577949524,0.00022,1
23.37276577949524,0.00022,1
23.37479257583618,0.00022,1
23.375765562057495,0.00022,1
23.3767831325531,0.00022,1
23.3767831325531,0.00022,1
23.37776517868042,0.00022,1
23.378764152526855,0.00022,1
23.379765510559082,0.00022,1
23.380764961242676,0.00022,1
23.38176393508911,0.00022,1
23.38276433944702,0.00022,1
23.383763790130615,0.00022,1
23.384766817092896,0.00022,1
23.387826204299927,0.00022,1
23.387826204299927,0.00022,1
23.389780521392822,0.00022,1
23.389780521392822,0.00022,1
23.389780521392822,0.00022,1
23.392332077026367,0.00022,1
23.392332077026367,0.00013,1
23.393340826034546,0.0,1
23.39437484741211,0.0,1
23.395396947860718,0.0,1
23.396352529525757,0.0,1
23.3973491191864,0.0,1
23.398348808288574,0.0,1
23.39935564994812,0.0,1
23.400567293167114,0.0,1
23.403795957565308,0.0,1
23.403795957565308,0.0,1
23.403795957565308,0.0,1
23.404798984527588,0.0,1
23.404798984527588,0.0,1
23.405792474746704,0.0,1
23.41079044342041,0.0,1
23.41079044342041,0.0,1
23.41079044342041,0.0,1
23.41079044342041,0.0,1
23.41079044342041,0.0,1
23.412380695343018,0.0,1
23.413442850112915,0.0,1
23.413442850112915,0.0,1
23.414584159851074,0.0,1
23.415653944015503,0.0,1
23.4166476726532,0.0,1
23.418686866760254,0.0,1
23.418686866760254,0.0,1
23.41964840888977,0.0,1
23.420653343200684,0.0,1
23.422114610671997,0.00046,1
23.423207759857178,0.00046,1
23.424619436264038,0.00046,1
23.424619436264038,0.00046,1
23.425727605819702,0.00046,1
23.426721334457397,0.00046,1
23.42772603034973,0.00019,1
23.42872142791748,0.0,1
23.430347204208374,0.0,1
23.431344270706177,0.0,1
23.4323890209198,0.0,1
23.43338441848755,0.0,1
23.434385061264038,0.0,1
23.435423851013184,0.0,1
23.436384439468384,0.0,1
23.437167406082153,0.0,1
23.438223123550415,0.0,1
23.439273834228516,0.0,1
23.440357208251953,0.0,1
23.441373586654663,0.0,1
23.442390203475952,0.0,1
23.443466424942017,0.0,1
23.444478034973145,0.0,1
23.444478034973145,0.0,1
23.44927477836609,0.0,1
23.450340747833252,0.0,1
23.450340747833252,0.0,1
23.450340747833252,0.0,1
23.45194125175476,0.0,1
23.45194125175476,9e-05,1
23.45296883583069,9e-05,1
23.45296883583069,9e-05,1
23.454407930374146,9e-05,1
23.458027601242065,9e-05,1
23.458027601242065,9e-05,1
23.458534479141235,9e-05,1
23.458534479141235,0.0,1
23.458534479141235,0.0,1
23.46034288406372,0.0,1
23.46107316017151,0.0,1
23.46107316017151,0.0,1
23.4633526802063,0.0,1
23.464353799819946,0.0,1
23.465344429016113,0.0,1
23.466387033462524,0.0,1
23.467390775680542,0.0,1
23.46841526031494,0.0,1
23.469385623931885,0.0,1
23.470383644104004,0.0,1
23.470383644104004,0.0,1
23.471895694732666,0.00023,1
23.472981929779053,0.0,1
23.473954677581787,0.0,1
23.47497320175171,0.0,1
23.475965976715088,0.0,1
23.476954221725464,0.0,1
23.4782817363739,0.0,1
23.47939372062683,0.0,1
23.480554342269897,0.0,1
23.48154902458191,0.0,1
23.482417821884155,0.0,1
23.48340630531311,0.0,1
23.48441767692566,0.0,1
23.48543405532837,0.0,1
23.486419916152954,0.0,1
23.486419916152954,2e-05,1
23.488197088241577,2e-05,1
23.489354848861694,2e-05,1
23.4903666973114,2e-05,1
23.4903666973114,2e-05,1
23.492811918258667,2e-05,1
23.49605631828308,2e-05,1
23.49605631828308,0.00076,1
23.497480869293213,0.00076,1
23.497480869293213,0.00076,1
23.499048709869385,0.00076,1
23.499555587768555,0.00076,1
23.50056552886963,0.00076,1
23.501588106155396,0.00076,1
23.501588106155396,0.00076,1
23.50260639190674,0.00076,1
23.506698608398438,0.00076,1
23.506698608398438,0.00076,1
23.506698608398438,0.00076,1
23.5072238445282,0.00076,1
23.5072238445282,0.00076,1
23.507762670516968,0.00076,1
23.50883960723877,0.0,1
23.510377883911133,0.0,1
23.5114164352417,0.0,1
23.51234197616577,0.0,1
23.51337695121765,0.0,1
23.51439070701599,0.0,1
23.51439070701599,0.0,1
23.51581382751465,0.0,1
23.516812324523926,0.0,1
23.517849683761597,0.0,1
23.518816709518433,0.0,1
23.519813060760498,0.0,1
23.520812273025513,0.0,1
23.52181386947632,0.0,1
23.522814750671387,0.0,1
23.524214267730713,0.0,1
23.524214267730713,0.0,1
23.526558876037598,0.0,1
23.527555227279663,0.0,1
23.527555227279663,0.0,1
23.529385566711426,0.0,1
23.530394554138184,0.0,1
23.531436681747437,0.0,1
23.532615184783936,0.0,1
23.53360366821289,0.0,1
23.534637451171875,0.0,1
23.536606073379517,0.0,1
23.536606073379517,0.0,1
23.5378360748291,0.0,1
23.5378360748291,0.0,1
23.541444301605225,0.0,1
23.542726039886475,0.0,1
23.545759916305542,0.0,1
23.545759916305542,0.0,1
23.545759916305542,0.0,1
23.546926498413086,0.0,1
23.546926498413086,0.0,1
23.547973155975342,0.0,1
23.547973155975342,0.0,1
23.547973155975342,0.0,1
23.54936146736145,0.0,1
23.550437927246094,0.0,1
23.557440757751465,0.0,1
23.557440757751465,0.0,1
23.558448553085327,0.0,1
23.558448553085327,0.0,1
23.558448553085327,0.0,1
23.558448553085327,0.0,1
23.558448553085327,0.0,1
23.55944323539734,0.0,1
23.55944323539734,0.0,1
23.561455011367798,0.0,1
23.561455011367798,0.0,1
23.56244421005249,0.0,1
23.563580751419067,0.0,1
23.5645809173584,0.0,1
23.56556987762451,0.0,1
23.566572904586792,0.0,1
23.567614555358887,0.0,1
23.568580865859985,0.0,1
23.569604873657227,0.0,1
23.570579051971436,0.0,1
23.571873664855957,0.0,1
23.571873664855957,0.0,1
23.572926998138428,0.00011,1
23.5744309425354,0.00015,1
23.575374603271484,0.00015,1
23.57643461227417,0.00015,1
23.577410221099854,0.00015,1
23.578413248062134,0.00015,1
23.578413248062134,0.00015,1
23.57970356941223,0.00015,1
23.582023859024048,0.00015,1
23.582023859024048,0.00015,1
23.583020210266113,0.00015,1
23.585005044937134,0.00015,1
23.59300136566162,0.00015,1
23.59600043296814,0.00015,1
23.5970242023468,0.00015,1
23.598020315170288,0.0,1
23.598020315170288,0.0,1
23.598020315170288,0.0,1
23.59900212287903,0.0,1
23.59900212287903,0.0,1
23.5999972820282,0.0,1
23.600995779037476,0.0,1
23.600995779037476,0.0,1
23.60300612449646,0.0,1
23.604309797286987,0.0,1
23.604309797286987,0.0,1
23.604309797286987,0.0,1
23.613779544830322,0.0,1
23.613779544830322,0.0,1
23.613779544830322,0.0,1
23.613779544830322,8e-05,1
23.613779544830322,0.0,1
23.613779544830322,0.0,1
23.613779544830322,0.0,1
23.613779544830322,0.0,1
23.613779544830322,0.0,1
23.613779544830322,0.0,1
23.61484980583191,0.0,1
23.61484980583191,0.0,1
23.61484980583191,0.0,1
23.61484980583191,0.0,1
23.61484980583191,0.0,1
23.61484980583191,0.0,1
23.616284608840942,0.0,1
23.61702847480774,0.0,1
23.618037939071655,0.0,1
23.619253396987915,0.0,1
23.62033462524414,0.0,1
23.621342182159424,0.0,1
23.622341871261597,0.0,1
23.62338376045227,0.0,1
23.62437868118286,0.0,1
23.62542462348938,0.00027,1
23.626413345336914,0.00033,1
23.627421379089355,0.00033,1
23.628377437591553,0.00033,1
23.629383087158203,0.00033,1
23.63040280342102,0.00033,1
23.631386280059814,0.00033,1
23.632394552230835,0.00033,1
23.633418321609497,0.00033,1
23.634392738342285,0.00033,1
23.635385990142822,0.00033,1
23.636394023895264,0.00033,1
23.637381553649902,0.00033,1
23.63842463493347,0.00033,1
23.64041829109192,0.00033,1
23.64041829109192,0.00033,1
23.641404390335083,0.00033,1
23.6423921585083,0.00033,1
23.643487691879272,0.00033,1
23.643487691879272,0.00033,1
23.645255088806152,0.00033,1
23.646467447280884,0.00033,1
23.648903131484985,0.00033,1
23.648903131484985,0.0,1
23.65395736694336,0.0,1
23.65625286102295,0.0,1
23.65625286102295,0.0,1
23.6583411693573,0.0,1
23.659342050552368,0.0,1
23.660375118255615,0.0,1
23.660375118255615,0.0,1
23.662344694137573,0.0,1
23.663361072540283,0.0,1
23.663361072540283,0.0,1
23.664368867874146,0.0,1
23.664368867874146,0.0,1
23.664368867874146,0.0,1
23.66899609565735,0.0,1
23.66899609565735,0.0,1
23.66899609565735,0.0,1
23.66899609565735,0.0,1
23.66899609565735,0.0,1
23.66899609565735,0.0,1
23.66899609565735,0.0,1
23.669991970062256,0.0,1
23.67038583755493,0.0,1
23.67145085334778,0.0,1
23.67200207710266,0.0,1
23.67356538772583,0.0,1
23.67356538772583,0.0,1
23.674572706222534,0.0,1
23.67557120323181,0.0,1
23.676605463027954,0.0,1
23.677627563476562,0.0,1
23.678622484207153,0.0,1
23.67962121963501,0.0,1
23.680622339248657,0.0,1
23.68162751197815,0.0,1
23.68262243270874,0.0,1
23.683670043945312,0.0,1
23.68477177619934,0.0,1
23.685755729675293,0.0,1
23.686758279800415,0.0,1
23.68834400177002,0.0,1
23.689342975616455,0.0,1
23.690389156341553,0.0,1
23.691308975219727,0.0,1
23.69234323501587,0.0,1
23.693379163742065,0.0,1
23.694385051727295,0.0,1
23.696378231048584,0.0,1
23.69944667816162,0.0,1
23.700448513031006,0.0,1
23.700448513031006,0.0,1
23.700448513031006,0.0,1
23.702486515045166,0.0,1
23.703447818756104,0.0,1
23.705479383468628,0.0,1
23.705479383468628,0.0,1
23.705479383468628,0.0,1
23.70782494544983,0.00015,1
23.70882296562195,8e-05,1
23.71221661567688,0.0,1
23.71221661567688,0.0,1
23.713277101516724,0.0,1
23.713277101516724,0.0,1
23.713277101516724,0.0,1
23.713277101516724,0.0,1
23.713277101516724,0.0,1
23.714230060577393,0.0,1
23.715295791625977,0.0,1
23.71642804145813,0.0,1
23.716840505599976,0.0,1
23.71787714958191,0.0,1
23.71985387802124,0.0,1
23.72084641456604,0.0,1
23.72084641456604,0.0,1
23.722779273986816,0.0,1
23.722779273986816,0.0,1
23.723785400390625,0.0,1
23.724820852279663,0.0,1
23.72598624229431,0.0,1
23.72703742980957,0.0,1
23.728089094161987,0.00026,1
23.729417324066162,0.00026,1
23.730440378189087,0.00026,1
23.731539726257324,0.00026,1
23.732547998428345,0.00026,1
23.733582019805908,0.00026,1
23.734609603881836,0.00026,1
23.735137939453125,0.00026,1
23.736152410507202,0.00026,1
23.737788677215576,0.00026,1
23.7389178276062,0.00026,1
23.7389178276062,0.00026,1
23.747235536575317,0.00026,1
23.748764514923096,0.00026,1
23.748764514923096,0.00026,1
23.748764514923096,0.0,1
23.748764514923096,0.0,1
23.750200748443604,0.0,1
23.750200748443604,0.0,1
23.750200748443604,0.0,1
23.750200748443604,0.0,1
23.750200748443604,0.0,1
23.75142002105713,0.0,1
23.75142002105713,0.0,1
23.754432439804077,0.0,1
23.75707507133484,0.0,1
23.75707507133484,0.0,1
23.75849151611328,0.0,1
23.759690284729004,0.0,1
23.76089644432068,0.0,1
23.761881589889526,0.0,1
23.761881589889526,0.0,1
23.762917280197144,0.0,1
23.762917280197144,0.0,1
23.763885259628296,0.0,1
23.76799702644348,0.0,1
23.76799702644348,0.0,1
23.76799702644348,0.00013,1
23.76799702644348,9e-05,1
23.76799702644348,9e-05,1
23.76799702644348,9e-05,1
23.769124269485474,9e-05,1
23.77015781402588,9e-05,1
23.771472692489624,9e-05,1
23.77197790145874,9e-05,1
23.77352261543274,9e-05,1
23.77453374862671,9e-05,1
23.775533199310303,9e-05,1
23.77653217315674,9e-05,1
23.7775821685791,9e-05,1
23.77829337120056,0.0,1
23.779402017593384,0.0,1
23.780449628829956,0.0,1
23.780449628829956,0.0,1
23.78163194656372,0.0,1
23.783627033233643,0.0,1
23.78471064567566,0.0,1
23.78471064567566,0.0,1
23.786725759506226,0.0,1
23.787732124328613,6e-05,1
23.78870701789856,6e-05,1
23.789955615997314,6e-05,1
23.790939807891846,6e-05,1
23.790939807891846,6e-05,1
23.79295516014099,6e-05,1
23.793983459472656,6e-05,1
23.793983459472656,6e-05,1
23.79595923423767,6e-05,1
23.796406745910645,6e-05,1
23.79742193222046,6e-05,1
23.798417806625366,6e-05,1
23.799368619918823,6e-05,1
23.800243616104126,6e-05,1
23.801263093948364,0.0,1
23.807565927505493,0.00014,1
23.80856204032898,0.00014,1
23.80962038040161,0.00014,1
23.80962038040161,0.00014,1
23.810658931732178,0.00014,1
23.810658931732178,0.00014,1
23.81165647506714,0.00014,1
23.812665700912476,0.00014,1
23.812665700912476,0.00014,1
23.813857078552246,0.00014,1
23.814857006072998,0.00014,1
23.814857006072998,0.00014,1
23.81999373435974,0.00014,1
23.81999373435974,0.00014,1
23.81999373435974,0.00014,1
23.81999373435974,0.00014,1
23.81999373435974,0.00014,1
23.820992946624756,0.00014,1
23.820992946624756,0.00014,1
23.820992946624756,0.00014,1
23.822054862976074,0.00014,1
23.823052406311035,0.00014,1
23.824002027511597,0.00014,1
23.825395345687866,0.00044,1
23.826172828674316,0.0,1
23.827341318130493,0.0,1
23.828442811965942,0.0,1
23.829618453979492,0.0,1
23.829618453979492,0.0,1
23.830614805221558,0.0,1
23.831625938415527,0.0,1
23.83361840248108,0.0,1
23.834694147109985,0.0,1
23.834694147109985,0.0,1
23.836641550064087,0.0,1
23.83766794204712,0.00011,1
23.838621139526367,0.00011,1
23.839765071868896,0.00011,1
23.84075617790222,0.00011,1
23.841796398162842,0.00011,1
23.84275245666504,0.00011,1
23.844056606292725,0.00011,1
23.844056606292725,0.00011,1
23.845412731170654,0.00011,1
23.84638261795044,5e-05,1
23.84736967086792,5e-05,1
23.848389148712158,5e-05,1
23.849430322647095,5e-05,1
23.851747751235962,5e-05,1
23.85620141029358,5e-05,1
23.857213497161865,5e-05,1
23.858214855194092,5e-05,1
23.858214855194092,5e-05,1
23.859235525131226,5e-05,1
23.859235525131226,5e-05,1
23.86021399497986,5e-05,1
23.861255407333374,5e-05,1
23.861255407333374,5e-05,1
23.862256288528442,5e-05,1
23.863212823867798,5e-05,1
23.863212823867798,5e-05,1
23.864211797714233,5e-05,1
23.864211797714233,5e-05,1
23.868542671203613,5e-05,1
23.868542671203613,5e-05,1
23.868542671203613,5e-05,1
23.868542671203613,0.0,1
23.86918592453003,0.00038,1
23.87042212486267,0.00038,1
23.871474981307983,0.00038,1
23.87198781967163,0.00038,1
23.873005151748657,0.00038,1
23.874042749404907,0.00038,1
23.875004053115845,0.00038,1
23.87600064277649,0.00038,1
23.877004146575928,0.00038,1
23.87802004814148,0.00038,1
23.879010915756226,0.00038,1
23.880003929138184,0.00038,1
23.881062269210815,0.00038,1
23.882044553756714,0.0,1
23.88304591178894,0.0,1
23.884073495864868,0.0,1
23.88500142097473,0.0,1
23.886000394821167,0.0,1
23.88703203201294,0.0,1
23.887998342514038,0.0,1
23.890044927597046,0.0,1
23.890044927597046,0.0,1
23.891014337539673,0.0,1
23.892005920410156,0.0,1
23.89339804649353,0.0,1
23.894420385360718,0.0,1
23.896419048309326,0.0,1
23.899420499801636,0.0,1
23.899420499801636,7e-05,1
23.90041470527649,7e-05,1
23.90152597427368,7e-05,1
23.902655124664307,7e-05,1
23.90371346473694,7e-05,1
23.905898332595825,7e-05,1
23.905898332595825,7e-05,1
23.906982898712158,0.0,1
23.906982898712158,0.0,1
23.906982898712158,0.0,1
23.906982898712158,0.0,1
23.908496856689453,0.0,1
23.912885427474976,0.0,1
23.912885427474976,0.0,1
23.912885427474976,0.0,1
23.912885427474976,0.0,1
23.912885427474976,0.0,1
23.91390323638916,0.0,1
23.915343523025513,0.0,1
23.91638422012329,0.0,1
23.917383670806885,0.0,1
23.918307065963745,0.0,1
23.919528245925903,0.00026,1
23.92051601409912,0.00026,1
23.921513319015503,0.00026,1
23.92251944541931,0.00026,1
23.923511743545532,0.00026,1
23.92452573776245,0.00026,1
23.925511598587036,0.00026,1
23.926511526107788,0.00026,1
23.926511526107788,0.0,1
23.927674770355225,0.0,1
23.929015636444092,0.0,1
23.93002724647522,0.0,1
23.931057453155518,0.0,1
23.932183742523193,0.0,1
23.93321919441223,0.0,1
23.93442940711975,0.0,1
23.93542742729187,0.0,1
23.936426877975464,0.0,1
23.93744397163391,0.0,1
23.93876576423645,0.0,1
23.93876576423645,0.0,1
23.940379858016968,0.0,1
23.940379858016968,0.0,1
23.946378469467163,0.00046,1
23.947912454605103,0.00046,1
23.948417901992798,0.00046,1
23.948417901992798,0.00046,1
23.949431657791138,0.00046,1
23.950924158096313,0.00046,1
23.950924158096313,0.00046,1
23.952987909317017,0.00046,1
23.954530239105225,0.00046,1
23.9550359249115,0.00046,1
23.964448928833008,0.00046,1
23.964448928833008,1e-05,1
23.964448928833008,1e-05,1
23.964448928833008,1e-05,1
23.96544361114502,1e-05,1
23.96544361114502,1e-05,1
23.96544361114502,1e-05,1
23.96544361114502,1e-05,1
23.96544361114502,1e-05,1
23.96544361114502,1e-05,1
23.96544361114502,0.0,1
23.96544361114502,0.0,1
23.96544361114502,0.0,1
23.966439723968506,0.0,1
23.966439723968506,0.0,1
23.967443704605103,0.0,1
23.968347549438477,0.0,1
23.969317197799683,0.0,1
23.97036099433899,0.0,1
23.97036099433899,0.0,1
23.97188687324524,0.0,1
23.972911596298218,0.0,1
23.974190711975098,0.0,1
23.975218534469604,0.0,1
23.976514101028442,0.0,1
23.977590799331665,7e-05,1
23.97860336303711,6e-05,1
23.97860336303711,0.0,1
23.979605197906494,0.0,1
23.98060178756714,0.0,1
23.981603384017944,0.0,1
23.982602834701538,0.0,1
23.984636306762695,0.0,1
23.984636306762695,0.0,1
23.98669409751892,0.0,1
23.98772120475769,0.0,1
23.98772120475769,0.0,1
23.99144148826599,0.0,1
23.992554426193237,0.0,1
23.9972825050354,0.0,1
23.9972825050354,0.0,1
23.9972825050354,0.0,1
23.9972825050354,0.0,1
23.9972825050354,0.0,1
23.999212741851807,0.0,1
23.999212741851807,0.0,1
24.00028681755066,0.00013,1
24.00130820274353,0.0,1
24.002327919006348,0.0,1
24.00338077545166,0.0,1
24.005016088485718,0.0,1
24.006155967712402,0.0,1
24.006155967712402,0.0,1
24.007774353027344,0.0,1
24.008806705474854,0.0,1
24.008806705474854,0.0,1
24.01372718811035,0.0,1
24.01372718811035,0.0,1
24.01372718811035,0.0,1
24.01520562171936,0.0,1
24.01520562171936,6e-05,1
24.01520562171936,6e-05,1
24.01520562171936,6e-05,1
24.01520562171936,6e-05,1
24.01637029647827,6e-05,1
24.01741862297058,6e-05,1
24.017837285995483,6e-05,1
24.01884889602661,6e-05,1
24.019845724105835,6e-05,1
24.020846128463745,6e-05,1
24.02228045463562,0.00047,1
24.023301601409912,0.00047,1
24.02428150177002,0.00047,1
24.025301456451416,0.00047,1
24.02627468109131,0.00047,1
24.02730131149292,0.00047,1
24.028309106826782,0.00047,1
24.02930188179016,0.00047,1
24.030274868011475,0.00047,1
24.031301498413086,0.00047,1
24.03227472305298,0.00047,1
24.033260345458984,0.00047,1
24.034293174743652,0.00047,1
24.03528356552124,4e-05,1
24.041349172592163,4e-05,1
24.042380332946777,0.00022,1
24.042380332946777,0.00022,1
24.043431520462036,0.00022,1
24.043431520462036,0.00022,1
24.04501175880432,0.00022,1
24.047032356262207,0.00022,1
24.047032356262207,0.00022,1
24.048039197921753,0.00022,1
24.049370527267456,0.00022,1
24.050422430038452,0.00022,1
24.054805517196655,0.00022,1
24.055334091186523,0.00022,1
24.055334091186523,0.00022,1
24.055334091186523,0.00022,1
24.055854082107544,0.00022,1
24.055854082107544,0.00022,1
24.055854082107544,0.00022,1
24.055854082107544,0.00022,1
24.055854082107544,0.00022,1
24.055854082107544,0.00022,1
24.056876182556152,0.00022,1
24.058532238006592,0.00022,1
24.05954360961914,0.00022,1
24.05954360961914,0.00022,1
24.060718297958374,0.00022,1
24.062470197677612,0.00022,1
24.063456773757935,0.00022,1
24.063456773757935,0.0,1
24.064691066741943,0.0,1
24.065685272216797,0.0,1
24.067734003067017,0.0,1
24.067734003067017,0.0,1
24.069011926651,0.0,1
24.07005786895752,0.0,1
24.07205605506897,0.0,1
24.07342505455017,0.0,1
24.07342505455017,0.0,1
24.074522495269775,0.0,1
24.075514316558838,0.0,1
24.076493978500366,0.0,1
24.07746148109436,0.0,1
24.07746148109436,0.0,1
24.078954935073853,0.00042,1
24.08037543296814,0.00042,1
24.08138108253479,0.00042,1
24.082372665405273,0.00042,1
24.083388566970825,0.00042,1
24.090347051620483,0.00042,1
24.091346979141235,0.00042,1
24.091346979141235,0.00042,1
24.092346668243408,0.00042,1
24.093348503112793,0.00042,1
24.094374179840088,0.00042,1
24.095603466033936,0.00042,1
24.095603466033936,0.00042,1
24.09670400619507,0.00042,1
24.09670400619507,0.00042,1
24.097734451293945,0.00042,1
24.097734451293945,0.00042,1
24.097734451293945,0.00042,1
24.100943565368652,0.00042,1
24.102299451828003,0.00042,1
24.102299451828003,0.00042,1
24.102299451828003,2e-05,1
24.102299451828003,0.0,1
24.102299451828003,0.0,1
24.102299451828003,0.0,1
24.10439443588257,0.0,1
24.104953289031982,0.0,1
24.106019020080566,0.0,1
24.10696792602539,0.0,1
24.1080162525177,0.0,1
24.10901427268982,0.0,1
24.11001706123352,0.0,1
24.110991954803467,0.0,1
24.112020015716553,0.0,1
24.113017559051514,0.0,1
24.114018440246582,0.0,1
24.115225076675415,0.0,1
24.116321802139282,0.0,1
24.117613315582275,0.0,1
24.117613315582275,0.0,1
24.118606090545654,0.0,1
24.119606256484985,0.0,1
24.121418476104736,0.0,1
24.122317790985107,0.0,1
24.12335753440857,0.0,1
24.12335753440857,0.0,1
24.124704360961914,0.0,1
24.125717401504517,0.0,1
24.126715660095215,0.0,1
24.127718687057495,0.0,1
24.12871813774109,0.0,1
24.13172149658203,0.0,1
24.138187408447266,0.0,1
24.138187408447266,0.0,1
24.139214992523193,0.0,1
24.140199184417725,0.0,1
24.141185998916626,0.0,1
24.141185998916626,0.0,1
24.141185998916626,0.0,1
24.142316341400146,0.0,1
24.142316341400146,0.0,1
24.143502235412598,0.0,1
24.144501447677612,0.0,1
24.144501447677612,0.0,1
24.145776748657227,0.0,1
24.145776748657227,0.0,1
24.14696431159973,0.0,1
24.14696431159973,0.0,1
24.1503324508667,0.0,1
24.1503324508667,0.0,1
24.151305437088013,0.0,1
24.151305437088013,0.0,1
24.151305437088013,0.0,1
24.15338921546936,0.00029,1
24.15338921546936,0.0,1
24.154334545135498,0.0,1
24.156336069107056,0.0,1
24.156336069107056,0.0,1
24.15736722946167,0.0,1
24.158345699310303,0.0,1
24.159350156784058,0.0,1
24.160632848739624,0.0,1
24.161381721496582,0.0,1
24.161381721496582,0.0,1
24.16330647468567,0.0,1
24.164316654205322,0.0,1
24.164316654205322,0.0,1
24.166671991348267,0.0,1
24.167738676071167,0.0,1
24.167738676071167,0.0,1
24.169116258621216,0.0,1
24.170170783996582,0.0,1
24.171380519866943,0.0,1
24.172382831573486,0.0,1
24.172382831573486,0.0,1
24.17362880706787,0.0,1
24.17871880531311,0.0003,1
24.17871880531311,0.0,1
24.18020462989807,0.0,1
24.18120574951172,0.0,1
24.18120574951172,0.0,1
24.18120574951172,0.0,1
24.18223786354065,0.0,1
24.18223786354065,0.0,1
24.185254096984863,0.0,1
24.186240911483765,0.0,1
24.187268018722534,0.0,1
24.187268018722534,0.0,1
24.188239574432373,0.0,1
24.19025230407715,0.0,1
24.19124174118042,0.0,1
24.195537328720093,0.0,1
24.195537328720093,0.0,1
24.196537256240845,0.0,1
24.196537256240845,0.0,1
24.196537256240845,0.0,1
24.196537256240845,0.0,1
24.196537256240845,0.0,1
24.1975359916687,0.0,1
24.198540449142456,0.0,1
24.199668407440186,0.0,1
24.199668407440186,0.0,1
24.20152258872986,0.0,1
24.202541828155518,0.0,1
24.203922271728516,0.0,1
24.203922271728516,0.0,1
24.205907583236694,0.0,1
24.20690417289734,0.0,1
24.207914352416992,0.0,1
24.207914352416992,0.0,1
24.209897994995117,0.0,1
24.21037220954895,0.0,1
24.211576223373413,0.00026,1
24.211576223373413,0.00026,1
24.213083744049072,0.00069,1
24.213083744049072,0.00069,1
24.21584701538086,0.00069,1
24.21584701538086,0.00069,1
24.217371702194214,0.00069,1
24.218914031982422,0.00069,1
24.219895124435425,0.00069,1
24.220900058746338,0.00069,1
24.221999883651733,0.00069,1
24.224334001541138,0.00069,1
24.22962737083435,0.00069,1
24.23064875602722,0.00069,1
24.231770515441895,0.00069,1
24.231770515441895,0.00069,1
24.23326587677002,0.00069,1
24.234291076660156,0.00069,1
24.235265254974365,0.00069,1
24.236262321472168,0.00069,1
24.236262321472168,0.00069,1
24.237294673919678,0.00069,1
24.24331045150757,0.00069,1
24.244420289993286,0.00068,1
24.244420289993286,0.00068,1
24.244420289993286,0.00068,1
24.244420289993286,0.00068,1
24.245545148849487,0.00068,1
24.245545148849487,0.0,1
24.245545148849487,0.0,1
24.245545148849487,0.0,1
24.245545148849487,0.0,1
24.24653649330139,0.0,1
24.24653649330139,0.0,1
24.24653649330139,0.0,1
24.24653649330139,0.0,1
24.24734330177307,0.0,1
24.248314380645752,0.0,1
24.249317407608032,0.0,1
24.25035786628723,0.0,1
24.25133514404297,0.0,1
24.25234031677246,0.0,1
24.253808736801147,0.0,1
24.253808736801147,0.0,1
24.25581192970276,0.0,1
24.25581192970276,0.0,1
24.25782012939453,0.0,1
24.258860111236572,0.0,1
24.25981616973877,0.0,1
24.25981616973877,0.0,1
24.26181125640869,0.0,1
24.26181125640869,0.0,1
24.26284384727478,0.0,1
24.263808488845825,0.0,1
24.26480746269226,0.0,1
24.26631212234497,0.0,1
24.2673237323761,0.0,1
24.268404722213745,0.0,1
24.274755716323853,0.0,1
24.27575135231018,0.0,1
24.27575135231018,0.0,1
24.276968717575073,6e-05,1
24.276968717575073,6e-05,1
24.277968168258667,6e-05,1
24.279414653778076,6e-05,1
24.279414653778076,6e-05,1
24.28048348426819,6e-05,1
24.28048348426819,6e-05,1
24.281543254852295,6e-05,1
24.287649154663086,6e-05,1
24.288650035858154,6e-05,1
24.288650035858154,6e-05,1
24.288650035858154,6e-05,1
24.288650035858154,6e-05,1
24.288650035858154,6e-05,1
24.288650035858154,6e-05,1
24.289631366729736,6e-05,1
24.289631366729736,6e-05,1
24.289631366729736,6e-05,1
24.29063057899475,6e-05,1
24.29063057899475,0.0,1
24.292421579360962,0.0,1
24.29285478591919,0.0,1
24.29388999938965,0.0,1
24.294937133789062,0.0,1
24.295883893966675,0.0,1
24.296895503997803,0.0,1
24.297874689102173,0.0,1
24.298916578292847,0.0,1
24.299930572509766,0.0,1
24.300963640213013,0.0,1
24.30206561088562,0.0,1
24.304121255874634,0.0,1
24.304121255874634,0.0,1
24.306100368499756,0.0,1
24.306100368499756,0.0,1
24.307077407836914,0.0,1
24.30806875228882,0.0,1
24.309072017669678,0.0,1
24.310497283935547,0.0,1
24.31156301498413,0.0,1
24.312261819839478,0.0,1
24.313523054122925,0.0,1
24.313523054122925,0.0,1
24.315669536590576,0.0,1
24.321025848388672,0.00025,1
24.322019815444946,0.00025,1
24.32302212715149,0.00025,1
24.325019121170044,0.00025,1
24.326011419296265,0.00025,1
24.328040599822998,0.00025,1
24.32909655570984,0.00025,1
24.33010220527649,0.00025,1
24.331430435180664,0.00025,1
24.331430435180664,0.00025,1
24.336662530899048,0.00025,1
24.337672472000122,0.00025,1
24.337672472000122,0.00025,1
24.338649034500122,0.00025,1
24.338649034500122,0.00025,1
24.33966588973999,0.00025,1
24.340644598007202,0.00025,1
24.340644598007202,0.00025,1
24.34165072441101,0.00025,1
24.34165072441101,0.00025,1
24.342642784118652,7e-05,1
24.342642784118652,0.00011,1
24.343658685684204,0.00011,1
24.343658685684204,0.00011,1
24.343658685684204,0.00011,1
24.34464192390442,0.00011,1
24.34464192390442,0.00011,1
24.34464192390442,0.00011,1
24.345641613006592,0.00011,1
24.345641613006592,0.00011,1
24.346644163131714,0.00011,1
24.347365140914917,0.00011,1
24.348377466201782,0.00011,1
24.34941816329956,0.00011,1
24.350417852401733,0.00062,1
24.351089000701904,0.00062,1
24.352036476135254,0.00026,1
24.35311985015869,0.00026,1
24.354066848754883,0.00026,1
24.355096340179443,0.00026,1
24.35609483718872,0.00026,1
24.357105493545532,0.00026,1
24.35815691947937,0.00026,1
24.359129190444946,0.00026,1
24.360156297683716,0.00026,1
24.36112952232361,0.00026,1
24.365574598312378,0.00026,1
24.365574598312378,0.00026,1
24.36703896522522,0.00026,1
24.369274854660034,0.00026,1
24.37138533592224,0.00026,1
24.37138533592224,0.00026,1
24.37239670753479,0.00026,1
24.37239670753479,0.00026,1
24.373701572418213,0.00026,1
24.373701572418213,0.00026,1
24.374714136123657,0.00026,1
24.378387689590454,0.0,1
24.378387689590454,0.0,1
24.378387689590454,8e-05,1
24.378387689590454,8e-05,1
24.378387689590454,8e-05,1
24.378917932510376,8e-05,1
24.37942600250244,8e-05,1
24.380438327789307,8e-05,1
24.381596326828003,8e-05,1
24.382615089416504,8e-05,1
24.383655548095703,8e-05,1
24.384698629379272,8e-05,1
24.38577151298523,8e-05,1
24.38577151298523,0.00029,1
24.386780977249146,0.00029,1
24.38828754425049,0.00029,1
24.389814615249634,0.00029,1
24.39033603668213,0.00029,1
24.391408443450928,0.00029,1
24.39192032814026,0.00029,1
24.392925262451172,0.0,1
24.394320726394653,0.0,1
24.395419359207153,0.0,1
24.39632296562195,0.0,1
24.39736247062683,0.0,1
24.398356914520264,0.0,1
24.399333238601685,0.0,1
24.40033459663391,0.0,1
24.40133285522461,0.0,1
24.40240502357483,0.0,1
24.403334140777588,0.0,1
24.404345512390137,0.0,1
24.405378103256226,0.0,1
24.40634846687317,0.0,1
24.410356283187866,0.0,1
24.414339542388916,0.00056,1
24.415342330932617,0.0,1
24.416343688964844,0.00016,1
24.417346715927124,0.00016,1
24.4183669090271,0.00016,1
24.42035937309265,0.00016,1
24.42137336730957,0.00016,1
24.422367572784424,0.00016,1
24.423352241516113,0.00016,1
24.427401781082153,0.00016,1
24.427401781082153,0.00016,1
24.427401781082153,0.00016,1
24.428399562835693,0.00016,1
24.428399562835693,0.00016,1
24.428399562835693,0.00016,1
24.428399562835693,0.00016,1
24.428399562835693,0.00016,1
24.428399562835693,0.00016,1
24.42940044403076,0.00016,1
24.42940044403076,0.00016,1
24.42940044403076,0.00016,1
24.42940044403076,0.00016,1
24.43043851852417,0.00016,1
24.431463956832886,0.00013,1
24.431463956832886,0.00013,1
24.433727025985718,5e-05,1
24.433727025985718,5e-05,1
24.435771226882935,5e-05,1
24.43674087524414,5e-05,1
24.43771743774414,5e-05,1
24.438753128051758,5e-05,1
24.439719676971436,5e-05,1
24.44074296951294,5e-05,1
24.441720485687256,5e-05,1
24.44274401664734,5e-05,1
24.443721294403076,5e-05,1
24.444339752197266,0.0,1
24.444823265075684,0.0,1
24.445849657058716,0.0,1
24.44684863090515,0.0,1
24.4478440284729,0.0,1
24.448848247528076,0.0,1
24.450849294662476,0.00031,1
24.45185160636902,0.00031,1
24.45289182662964,0.00031,1
24.45891571044922,0.00031,1
24.45891571044922,0.00031,1
24.459933519363403,0.00031,1
24.460935592651367,0.00031,1
24.46193265914917,0.00031,1
24.46193265914917,0.00031,1
24.462913751602173,0.00031,1
24.4639151096344,0.00031,1
24.464932203292847,0.00031,1
24.464932203292847,0.00031,1
24.472429990768433,0.00031,1
24.472429990768433,0.00031,1
24.472429990768433,0.00031,1
24.472429990768433,0.00031,1
24.473439931869507,0.00031,1
24.473439931869507,0.00031,1
24.473439931869507,0.00031,1
24.473439931869507,0.00031,1
24.473439931869507,0.00031,1
24.473439931869507,0.00031,1
24.47444200515747,0.00031,1
24.47444200515747,0.0,1
24.475448608398438,0.0,1
24.476316213607788,0.0,1
24.4773690700531,0.0,1
24.47807741165161,0.0,1
24.479137182235718,0.0,1
24.480135679244995,0.0,1
24.481133460998535,0.0,1
24.4821355342865,0.0,1
24.484118461608887,0.0,1
24.484118461608887,0.0,1
24.485096216201782,0.0,1
24.48718500137329,0.0,1
24.48718500137329,0.0,1
24.48918056488037,1e-05,1
24.48918056488037,0.0,1
24.491119861602783,0.0,1
24.491119861602783,0.0,1
24.49312400817871,0.0,1
24.49312400817871,0.0,1
24.49487590789795,0.0,1
24.49531579017639,0.0,1
24.496415376663208,0.0,1
24.497535943984985,0.0,1
24.49853491783142,0.0,1
24.499531507492065,0.0,1
24.505089282989502,0.0,1
24.506272792816162,0.0,1
24.506272792816162,0.0,1
24.506272792816162,0.0,1
24.507270574569702,0.0,1
24.507270574569702,0.0,1
24.507270574569702,0.0,1
24.50830364227295,0.0,1
24.50830364227295,0.0,1
24.50949454307556,0.0,1
24.51052689552307,0.0,1
24.513508796691895,0.0,1
24.513508796691895,0.0,1
24.514636039733887,0.0,1
24.514636039733887,0.0,1
24.514636039733887,0.0,1
24.517069339752197,0.0,1
24.517069339752197,0.0,1
24.51832866668701,0.0,1
24.519115447998047,0.0,1
24.520214557647705,0.0,1
24.521160125732422,0.0,1
24.522159814834595,0.0,1
24.52315855026245,0.0,1
24.524210453033447,0.0,1
24.525179147720337,0.0,1
24.526177644729614,0.0,1
24.527204036712646,0.0,1
24.528178691864014,0.0,1
24.529203176498413,0.0,1
24.53020429611206,0.0,1
24.53117847442627,0.0,1
24.53725028038025,0.0,1
24.538284301757812,0.0,1
24.538284301757812,0.0,1
24.538284301757812,0.0,1
24.538284301757812,0.0,1
24.539478540420532,0.0,1
24.539478540420532,0.0,1
24.54049062728882,0.0,1
24.5409996509552,0.0,1
24.541511058807373,0.0,1
24.542542934417725,0.0,1
24.54305601119995,0.0,1
24.547778129577637,0.0,1
24.547778129577637,0.0,1
24.547778129577637,0.0,1
24.547778129577637,0.0,1
24.548792123794556,0.0,1
24.54988932609558,0.0,1
24.54988932609558,0.0,1
24.551488399505615,0.0,1
24.552521467208862,0.0,1
24.553685188293457,0.0,1
24.553685188293457,0.0,1
24.554697513580322,0.0,1
24.55587100982666,0.0,1
24.557448625564575,0.0,1
24.557958364486694,0.0,1
24.559319019317627,0.0,1
24.560481309890747,0.0,1
24.560481309890747,0.0,1
24.561652421951294,0.0,1
24.562885284423828,0.0,1
24.563994646072388,0.0,1
24.565016508102417,0.0,1
24.565991163253784,0.0,1
24.566993713378906,0.0,1
24.56799292564392,0.0,1
24.568992137908936,0.0,1
24.56998920440674,0.0001,1
24.571004152297974,0.0001,1
24.5725200176239,0.0001,1
24.573542833328247,0.0001,1
24.574549436569214,0.0001,1
24.57525062561035,0.0001,1
24.576257944107056,0.0,1
24.580448627471924,0.0,1
24.584344148635864,0.0,1
24.586353540420532,0.0,1
24.586353540420532,0.0,1
24.58840322494507,0.0,1
24.590229511260986,0.0,1
24.591279983520508,0.0,1
24.593409061431885,0.0,1
24.59489679336548,0.0,1
24.59605860710144,0.00028,1
24.59605860710144,0.00028,1
24.59706687927246,0.00028,1
24.601300954818726,0.00028,1
24.601300954818726,0.00028,1
24.601300954818726,0.00028,1
24.602318048477173,0.00028,1
24.602318048477173,0.00028,1
24.602318048477173,0.00028,1
24.602318048477173,0.00028,1
24.602318048477173,0.00028,1
24.602318048477173,0.00028,1
24.602318048477173,0.00028,1
24.603379487991333,0.00028,1
24.603379487991333,0.00028,1
24.603379487991333,0.00028,1
24.603379487991333,0.00028,1
24.603379487991333,0.00028,1
24.60449528694153,0.00028,1
24.605372428894043,0.00028,1
24.605372428894043,0.00046,1
24.60675048828125,0.00046,1
24.60775852203369,0.0,1
24.60876202583313,0.0,1
24.6099374294281,0.0,1
24.611005544662476,0.0,1
24.61200499534607,0.0,1
24.612955331802368,0.0,1
24.61400532722473,0.0,1
24.614993572235107,0.0,1
24.61597967147827,0.0,1
24.616962432861328,0.0,1
24.617960453033447,0.0,1
24.61895751953125,0.0,1
24.62000870704651,0.00021,1
24.621034622192383,0.00021,1
24.622023105621338,0.00021,1
24.62303328514099,0.00021,1
24.627538204193115,0.00021,1
24.62893009185791,0.00021,1
24.62893009185791,0.00021,1
24.62893009185791,7e-05,1
24.630079984664917,7e-05,1
24.630079984664917,7e-05,1
24.631103515625,7e-05,1
24.631103515625,7e-05,1
24.632505893707275,7e-05,1
24.63457179069519,7e-05,1
24.64016318321228,7e-05,1
24.64016318321228,7e-05,1
24.64016318321228,7e-05,1
24.64016318321228,7e-05,1
24.64016318321228,7e-05,1
24.641535997390747,7e-05,1
24.641535997390747,7e-05,1
24.641535997390747,7e-05,1
24.642542600631714,0.0,1
24.642542600631714,0.0,1
24.644051790237427,9e-05,1
24.645375967025757,9e-05,1
24.646403074264526,9e-05,1
24.647444009780884,9e-05,1
24.64845061302185,9e-05,1
24.649584531784058,9e-05,1
24.649584531784058,9e-05,1
24.651183128356934,9e-05,1
24.651183128356934,0.0,1
24.65277624130249,0.0,1
24.653793811798096,0.0,1
24.65502953529358,0.0,1
24.657711505889893,0.0,1
24.658105611801147,0.0,1
24.659114360809326,0.0,1
24.659114360809326,0.0,1
24.659114360809326,0.0,1
24.66131591796875,0.0,1
24.662232398986816,0.0,1
24.66290044784546,0.0,1
24.66395330429077,0.0,1
24.6649067401886,0.0,1
24.665910720825195,0.0,1
24.666929960250854,0.0,1
24.669008255004883,0.0,1
24.669008255004883,0.0,1
24.670964002609253,0.0,1
24.670964002609253,0.0,1
24.672502756118774,0.0,1
24.67353057861328,0.0,1
24.674535989761353,0.0,1
24.675522327423096,0.0,1
24.676539182662964,0.0,1
24.677528142929077,0.0,1
24.678521871566772,0.0,1
24.67952036857605,0.0,1
24.680522918701172,0.0,1
24.680522918701172,0.0,1
24.682310342788696,0.0,1
24.683396816253662,0.0,1
24.684043884277344,0.0,1
24.688331604003906,0.0,1
24.68932032585144,0.0,1
24.68932032585144,0.0,1
24.69033980369568,0.0,1
24.69033980369568,0.0,1
24.69033980369568,0.0,1
24.6913423538208,0.0,1
24.692335605621338,0.0,1
24.69631052017212,0.0,1
24.69631052017212,0.0,1
24.69631052017212,0.0,1
24.69631052017212,2e-05,1
24.697356939315796,2e-05,1
24.697860956192017,2e-05,1
24.6989107131958,2e-05,1
24.699938535690308,2e-05,1
24.700915336608887,2e-05,1
24.702131032943726,2e-05,1
24.703377723693848,2e-05,1
24.70442843437195,2e-05,1
24.705455780029297,2e-05,1
24.705455780029297,2e-05,1
24.70668053627014,2e-05,1
24.70770239830017,2e-05,1
24.708696365356445,2e-05,1
24.7096745967865,2e-05,1
24.710675716400146,2e-05,1
24.71168041229248,2e-05,1
24.71267580986023,2e-05,1
24.71368145942688,2e-05,1
24.71467614173889,2e-05,1
24.71674108505249,0.0,1
24.717726707458496,0.0,1
24.718700408935547,0.0,1
24.721779108047485,0.0,1
24.727493286132812,0.0,1
24.72800612449646,0.0,1
24.72800612449646,0.0,1
24.729072093963623,0.0,1
24.729072093963623,0.0,1
24.729072093963623,0.0,1
24.730684757232666,0.0,1
24.730684757232666,0.0,1
24.73169231414795,0.0,1
24.73169231414795,0.0,1
24.733001470565796,0.0,1
24.733001470565796,0.0,1
24.743699073791504,0.0,1
24.74473762512207,0.0,1
24.74473762512207,0.0,1
24.74473762512207,0.0,1
24.745737552642822,0.0,1
24.745737552642822,0.0,1
24.745737552642822,0.0,1
24.745737552642822,0.0,1
24.745737552642822,0.0,1
24.746755123138428,0.0,1
24.746755123138428,0.0,1
24.746755123138428,0.0,1
24.746755123138428,0.0,1
24.746755123138428,0.0,1
24.746755123138428,0.0,1
24.74772071838379,0.0,1
24.74772071838379,0.0,1
24.750032424926758,0.0,1
24.750032424926758,0.0,1
24.751392364501953,0.0,1
24.75246238708496,0.0,1
24.753440380096436,0.0,1
24.754472494125366,0.0,1
24.75546884536743,0.0,1
24.756463766098022,0.0,1
24.757458209991455,0.0,1
24.758521556854248,0.0,1
24.759509086608887,0.0,1
24.760490655899048,0.0,1
24.761500358581543,0.0,1
24.76249051094055,0.0,1
24.763485193252563,0.0,1
24.76449418067932,0.0,1
24.770477056503296,0.0,1
24.772483587265015,0.0,1
24.773035049438477,0.0,1
24.775068283081055,0.0,1
24.776059865951538,0.0,1
24.77705955505371,0.0,1
24.77705955505371,0.0,1
24.778063535690308,0.0,1
24.778063535690308,0.0,1
24.779053211212158,0.0,1
24.780054569244385,1e-05,1
24.781052112579346,1e-05,1
24.781052112579346,1e-05,1
24.782050848007202,1e-05,1
24.783071994781494,1e-05,1
24.783071994781494,1e-05,1
24.78407049179077,1e-05,1
24.787112951278687,1e-05,1
24.788070678710938,1e-05,1
24.788070678710938,1e-05,1
24.788070678710938,1e-05,1
24.788070678710938,1e-05,1
24.788070678710938,1e-05,1
24.788070678710938,0.0,1
24.789069414138794,0.0,1
24.79030990600586,0.0,1
24.791171073913574,0.0,1
24.79248857498169,0.0,1
24.793488025665283,0.0,1
24.794468641281128,0.0,1
24.795488119125366,0.0,1
24.795488119125366,0.0,1
24.79670524597168,1e-05,1
24.797706365585327,0.0,1
24.79970908164978,0.0,1
24.79970908164978,0.0,1
24.800737619400024,0.0,1
24.80174207687378,0.0,1
24.802736043930054,0.0,1
24.803735971450806,0.0,1
24.804736375808716,0.0,1
24.805749654769897,0.0,1
24.806755781173706,0.0,1
24.808322191238403,0.0,1
24.809404373168945,0.0,1
24.810321807861328,0.0,1
24.811363220214844,0.0,1
24.815361499786377,0.0,1
24.815361499786377,0.0,1
24.815361499786377,0.0,1
24.81636357307434,0.0,1
24.817367792129517,0.0,1
24.817367792129517,0.0,1
24.818967819213867,0.0,1
24.81937289237976,0.0,1
24.821410179138184,0.0,1
24.821410179138184,0.0,1
24.822420358657837,0.0,1
24.826529502868652,0.0,1
24.826529502868652,0.0,1
24.826529502868652,0.0,1
24.826529502868652,0.0,1
24.826529502868652,0.0,1
24.82784104347229,0.0,1
24.828856945037842,0.0,1
24.82990789413452,0.0,1
24.830997705459595,0.0,1
24.832048416137695,0.0,1
24.83337378501892,0.0,1
24.834404230117798,0.0,1
24.834404230117798,1e-05,1
24.835621118545532,1e-05,1
24.836647272109985,1e-05,1
24.837872982025146,1e-05,1
24.839419841766357,1e-05,1
24.83992624282837,1e-05,1
24.840933561325073,1e-05,1
24.842080116271973,1e-05,1
24.842080116271973,1e-05,1
24.84432291984558,1e-05,1
24.845336437225342,1e-05,1
24.846484422683716,1e-05,1
24.847485780715942,1e-05,1
24.848484754562378,1e-05,1
24.84948754310608,1e-05,1
24.850482940673828,1e-05,1
24.851518154144287,1e-05,1
24.85248637199402,1e-05,1
24.853497982025146,1e-05,1
24.854727506637573,1e-05,1
24.855729818344116,0.0,1
24.856802225112915,0.0,1
24.85810923576355,0.0,1
24.863012075424194,0.0,1
24.863012075424194,0.0,1
24.863012075424194,0.0,1
24.86417818069458,0.0,1
24.865177631378174,0.0,1
24.865177631378174,0.0,1
24.866673707962036,0.0,1
24.866673707962036,0.0,1
24.867674350738525,0.0,1
24.869775533676147,0.0,1
24.871785402297974,0.0,1
24.87277865409851,0.0,1
24.875236988067627,0.0,1
24.876221179962158,0.0,1
24.877257823944092,0.0,1
24.878216981887817,0.0,1
24.883184909820557,0.0,1
24.883184909820557,0.0,1
24.883184909820557,0.0,1
24.883184909820557,0.0,1
24.883184909820557,0.0,1
24.883184909820557,0.0,1
24.883184909820557,0.0,1
24.88427186012268,0.0,1
24.88427186012268,0.0,1
24.88427186012268,0.0,1
24.88427186012268,0.0,1
24.885297298431396,0.0,1
24.886252880096436,0.0,1
24.887296199798584,0.0,1
24.888254165649414,0.0,1
24.88927459716797,0.0,1
24.89026117324829,0.0,1
24.891308307647705,0.0,1
24.892347812652588,0.0,1
24.893393754959106,0.0,1
24.894314527511597,0.0,1
24.895315170288086,0.0,1
24.896379947662354,1e-05,1
24.89737892150879,1e-05,1
24.898387908935547,1e-05,1
24.899391889572144,1e-05,1
24.900359392166138,1e-05,1
24.901389360427856,1e-05,1
24.902379274368286,1e-05,1
24.903385639190674,1e-05,1
24.904386520385742,1e-05,1
24.905417919158936,1e-05,1
24.90637969970703,1e-05,1
24.90738582611084,1e-05,1
24.908380270004272,1e-05,1
24.909379959106445,1e-05,1
24.9103786945343,1e-05,1
24.911378860473633,1e-05,1
24.91238570213318,1e-05,1
24.913387298583984,1e-05,1
24.914366722106934,0.0,1
24.915417432785034,0.0,1
24.91664147377014,0.0,1
24.917319536209106,0.0,1
24.918354034423828,0.0,1
24.923754930496216,0.0,1
24.923754930496216,0.0,1
24.923754930496216,0.0,1
24.924778699874878,0.0,1
24.92531180381775,0.0,1
24.92531180381775,0.0,1
24.925838232040405,0.0,1
24.926866054534912,0.0,1
24.927895545959473,0.0,1
24.928935289382935,0.0,1
24.934069871902466,0.0,1
24.934069871902466,0.0,1
24.934069871902466,0.0,1
24.934069871902466,0.0,1
24.935669422149658,0.0,1
24.935669422149658,0.0,1
24.935669422149658,0.0,1
24.936707735061646,0.0,1
24.936957836151123,0.0,1
24.937989711761475,0.0,1
24.93903350830078,0.0,1
24.940107822418213,0.0,1
24.941306114196777,0.0,1
24.94235110282898,0.0,1
24.943357706069946,0.0,1
24.944289922714233,0.0,1
24.94534945487976,0.0,1
24.94635558128357,0.0,1
24.947316884994507,0.0,1
24.948357820510864,0.0,1
24.950358629226685,0.0,1
24.950358629226685,0.0,1
24.951355934143066,0.0,1
24.952773571014404,0.0,1
24.953742027282715,0.0,1
24.953742027282715,0.0,1
24.955137729644775,0.0,1
24.957531929016113,0.0,1
24.958539962768555,0.0,1
24.958539962768555,0.0,1
24.958539962768555,0.0,1
24.960548877716064,0.0,1
24.961543083190918,0.0,1
24.962553024291992,0.0,1
24.96355366706848,0.0,1
24.964544534683228,0.0,1
24.97118306159973,0.0,1
24.97118306159973,0.0,1
24.97118306159973,0.0,1
24.972179651260376,0.0,1
24.972179651260376,0.0,1
24.972179651260376,0.0,1
24.972179651260376,0.0,1
24.973190546035767,0.0,1
24.973190546035767,0.0,1
24.974308013916016,0.0,1
24.975339889526367,0.0,1
24.979341983795166,0.0,1
24.979341983795166,0.0,1
24.979341983795166,0.0,1
24.979341983795166,0.0,1
24.980340003967285,0.0,1
24.98143696784973,0.0,1
24.98206615447998,0.0,1
24.983144283294678,0.0,1
24.983144283294678,0.0,1
24.985666036605835,0.0,1
24.985666036605835,0.0,1
24.987648010253906,1e-05,1
24.988689661026,1e-05,1
24.989638566970825,1e-05,1
24.990642070770264,1e-05,1
24.99164056777954,1e-05,1
24.99164056777954,1e-05,1
24.993642330169678,2e-05,1
24.994638442993164,2e-05,1
24.994638442993164,2e-05,1
24.996638298034668,2e-05,1
24.99763798713684,2e-05,1
24.99863314628601,2e-05,1
24.999908447265625,2e-05,1
25.000905513763428,2e-05,1
25.00132131576538,2e-05,1
25.002391815185547,2e-05,1
25.003402948379517,2e-05,1
25.004399299621582,2e-05,1
25.005399227142334,2e-05,1
25.00640320777893,2e-05,1
25.00739884376526,2e-05,1
25.008346796035767,2e-05,1
25.009320974349976,0.0,1
25.010356426239014,0.0,1
25.012359142303467,0.0,1
25.015363216400146,0.0,1
25.016356706619263,0.0,1
25.016356706619263,0.0,1
25.016356706619263,0.0,1
25.01736545562744,0.0,1
25.01736545562744,0.0,1
25.018356323242188,0.0,1
25.01935863494873,0.0,1
25.024361848831177,0.0,1
25.024361848831177,0.0,1
25.024361848831177,0.0,1
25.024361848831177,0.0,1
25.024361848831177,0.0,1
25.025358200073242,0.0,1
25.026294708251953,0.0,1
25.02734065055847,0.0,1
25.028295516967773,0.0,1
25.0287024974823,0.0,1
25.02972412109375,0.0,1
25.030724048614502,0.0,1
25.032784938812256,0.0,1
25.033758878707886,0.0,1
25.033758878707886,0.0,1
25.034724473953247,0.0,1
25.03572392463684,0.0,1
25.036723613739014,0.0,1
25.037723779678345,0.0,1
25.038723707199097,0.0,1
25.039723873138428,0.0,1
25.0407235622406,0.0,1
25.041723251342773,0.0,1
25.042723894119263,0.0,1
25.043729782104492,0.0,1
25.044738054275513,0.0,1
25.045721530914307,0.0,1
25.047496557235718,0.0,1
25.047849416732788,0.0,1
25.04988384246826,0.0,1
25.050863027572632,0.0,1
25.051491737365723,0.0,1
25.052497386932373,0.0,1
25.05353093147278,0.0,1
25.05353093147278,0.0,1
25.054818868637085,0.0,1
25.055840015411377,0.0,1
25.055840015411377,0.0,1
25.060446977615356,0.0,1
25.065338611602783,0.0,1
25.065338611602783,0.0,1
25.065881967544556,0.0,1
25.066389560699463,0.0,1
25.066389560699463,0.0,1
25.067456007003784,0.0,1
25.069994926452637,0.0,1
25.070502519607544,0.0,1
25.072059392929077,0.0,1
25.073183059692383,0.0,1
25.07385540008545,0.0,1
25.074873208999634,0.0,1
25.075976133346558,0.0,1
25.075976133346558,0.0,1
25.077411890029907,0.0,1
25.080422401428223,0.0,1
25.081413745880127,0.0,1
25.081413745880127,0.0,1
25.081413745880127,0.0,1
25.081413745880127,0.0,1
25.081413745880127,0.0,1
25.081413745880127,0.0,1
25.081413745880127,0.0,1
25.08254337310791,0.0,1
25.08333134651184,0.0,1
25.084269523620605,0.0,1
25.08532738685608,0.0,1
25.08637499809265,0.0,1
25.08637499809265,0.0,1
25.0885329246521,0.0,1
25.0885329246521,0.0,1
25.08968448638916,0.0,1
25.09067726135254,0.0,1
25.09168243408203,0.0,1
25.092677116394043,0.0,1
25.09367609024048,0.0,1
25.094674587249756,0.0,1
25.095675945281982,0.0,1
25.09670400619507,0.0,1
25.09808373451233,0.0,1
25.09903860092163,0.0,1
25.100046634674072,0.0,1
25.101051807403564,0.0,1
25.101856231689453,0.0,1
25.103059768676758,0.0,1
25.104264497756958,0.0,1
25.104264497756958,0.0,1
25.105839014053345,0.0,1
25.10733413696289,0.0,1
25.10834574699402,0.0,1
25.1093533039093,0.0,1
25.110404014587402,0.0,1
25.11142349243164,0.0,1
25.112506866455078,0.0,1
25.113523960113525,0.0,1
25.114543437957764,0.0,1
25.11555767059326,0.0,1
25.116093635559082,0.0,1
25.11660361289978,0.0,1
25.11823010444641,0.0,1
25.119267225265503,0.0,1
25.12031626701355,0.0,1
25.125581741333008,0.0,1
25.12659478187561,0.0,1
25.12659478187561,0.0,1
25.127787351608276,0.0,1
25.128796339035034,0.0,1
25.128796339035034,0.0,1
25.129796266555786,0.0,1
25.130819082260132,0.0,1
25.130819082260132,0.0,1
25.130819082260132,0.0,1
25.13182544708252,0.0,1
25.13182544708252,0.0,1
25.13983702659607,0.0,1
25.13983702659607,0.0,1
25.140801191329956,0.0,1
25.140801191329956,0.0,1
25.140801191329956,0.0,1
25.14179515838623,0.0,1
25.14179515838623,0.0,1
25.14179515838623,0.0,1
25.14179515838623,0.0,1
25.14179515838623,0.0,1
25.14381766319275,0.0,1
25.14414405822754,0.0,1
25.145162105560303,0.0,1
25.146188259124756,0.0,1
25.14735460281372,0.0,1
25.148322582244873,0.0,1
25.149550676345825,0.0,1
25.15054440498352,0.0,1
25.15131688117981,0.0,1
25.15131688117981,0.0,1
25.152644395828247,0.0,1
25.153642892837524,0.0,1
25.155170440673828,0.0,1
25.156218767166138,0.0,1
25.15721845626831,0.0,1
25.158221006393433,0.0,1
25.15926718711853,0.0,1
25.16026735305786,0.0,1
25.161267280578613,0.0,1
25.162254571914673,0.0,1
25.16351056098938,0.0,1
25.16407346725464,0.0,1
25.165111541748047,0.0,1
25.169108390808105,0.0,1
25.174638509750366,0.0,1
25.17563223838806,0.0,1
25.17563223838806,0.0,1
25.17662811279297,0.0,1
25.177644968032837,0.0,1
25.178662300109863,0.0,1
25.178662300109863,0.0,1
25.179767847061157,0.0,1
25.179767847061157,0.0,1
25.179767847061157,0.0,1
25.180770874023438,0.0,1
25.180770874023438,0.0,1
25.186401844024658,0.0,1
25.186401844024658,0.0,1
25.187317371368408,0.0,1
25.187317371368408,0.0,1
25.187317371368408,0.0,1
25.187317371368408,0.0,1
25.187317371368408,1e-05,1
25.187317371368408,0.0,1
25.188318729400635,0.0,1
25.188318729400635,0.0,1
25.189315795898438,0.0,1
25.190312147140503,0.0,1
25.191290378570557,0.0,1
25.192283630371094,0.0,1
25.19329571723938,0.0,1
25.194307804107666,0.0,1
25.195286750793457,0.0,1
25.19592261314392,0.0,1
25.19697403907776,0.0,1
25.19817280769348,0.0,1
25.198679208755493,0.0,1
25.199706554412842,0.0,1
25.200690031051636,0.0,1
25.201685428619385,0.0,1
25.202688932418823,0.0,1
25.203688383102417,0.0,1
25.20468831062317,0.0,1
25.205687999725342,0.0,1
25.206687927246094,0.0,1
25.208223581314087,0.0,1
25.20951747894287,0.0,1
25.210561275482178,0.0,1
25.210561275482178,0.0,1
25.21156144142151,0.0,1
25.212573051452637,0.0,1
25.215564489364624,0.0,1
25.221829414367676,0.0,1
25.224321126937866,0.0,1
25.225498914718628,0.0,1
25.22690510749817,0.0,1
25.227899312973022,0.0,1
25.227899312973022,0.0,1
25.228899717330933,0.0,1
25.228899717330933,0.0,1
25.229985237121582,0.0,1
25.229985237121582,0.0,1
25.230985403060913,0.0,1
25.230985403060913,0.0,1
25.23198652267456,0.0,1
25.235373735427856,0.0,1
25.235373735427856,0.0,1
25.235373735427856,0.0,1
25.235373735427856,0.0,1
25.235373735427856,0.0,1
25.235373735427856,0.0,1
25.23637580871582,0.0,1
25.23637580871582,0.0,1
25.23637580871582,0.0,1
25.237290143966675,0.0,1
25.238327264785767,0.0,1
25.239280223846436,0.0,1
25.24028968811035,0.0,1
25.241328239440918,0.0,1
25.242326021194458,0.0,1
25.243330240249634,0.0,1
25.243330240249634,0.0,1
25.244723558425903,0.0,1
25.245718240737915,0.0,1
25.246721029281616,0.0,1
25.24772047996521,0.0,1
25.2497296333313,0.0,1
25.2497296333313,0.0,1
25.250757217407227,0.0,1
25.251721143722534,0.0,1
25.252720594406128,0.0,1
25.253721714019775,0.0,1
25.25472068786621,0.0,1
25.25627088546753,0.0,1
25.257418394088745,0.0,1
25.258466243743896,0.0,1
25.259418487548828,0.0,1
25.260367393493652,0.0,1
25.261402368545532,0.0,1
25.262373208999634,0.0,1
25.263373851776123,0.0,1
25.26437282562256,0.0,1
25.26537585258484,0.0,1
25.266376495361328,0.0,1
25.26737904548645,1e-05,1
25.26839566230774,1e-05,1
25.26839566230774,1e-05,1
25.270086765289307,1e-05,1
25.271603107452393,1e-05,1
25.272111654281616,1e-05,1
25.273130178451538,1e-05,1
25.278486251831055,1e-05,1
25.279012441635132,1e-05,1
25.27951741218567,1e-05,1
25.280527353286743,1e-05,1
25.281867027282715,1e-05,1
25.281867027282715,0.0,1
25.281867027282715,0.0,1
25.282901287078857,0.0,1
25.282901287078857,0.0,1
25.286396503448486,0.0,1
25.286396503448486,0.0,1
25.286396503448486,1e-05,1
25.287404537200928,1e-05,1
25.287404537200928,1e-05,1
25.287404537200928,1e-05,1
25.288808584213257,1e-05,1
25.29045605659485,1e-05,1
25.29146718978882,1e-05,1
25.29146718978882,1e-05,1
25.293331623077393,1e-05,1
25.294423818588257,1e-05,1
25.294423818588257,1e-05,1
25.295627117156982,1e-05,1
25.29663395881653,1e-05,1
25.298631191253662,1e-05,1
25.299627780914307,1e-05,1
25.300628185272217,1e-05,1
25.301627159118652,1e-05,1
25.301627159118652,0.0,1
25.302626609802246,0.0,1
25.303626775741577,0.0,1
25.30462908744812,0.0,1
25.30641460418701,0.0,1
25.307422637939453,0.0,1
25.30842399597168,0.0,1
25.309422969818115,0.0,1
25.310424327850342,0.0,1
25.311279296875,0.0,1
25.312290906906128,0.0,1
25.313321828842163,0.0,1
25.314332246780396,0.0,1
25.315334796905518,0.0,1
25.31732940673828,0.0,1
25.31732940673828,0.0,1
25.31807231903076,0.0,1
25.31924033164978,0.0,1
25.322980642318726,0.0,1
25.329071283340454,0.0,1
25.329071283340454,0.0,1
25.33010768890381,0.0,1
25.33010768890381,0.0,1
25.33114242553711,0.0,1
25.33114242553711,0.0,1
25.332186460494995,0.0,1
25.33319616317749,0.0,1
25.334468603134155,0.0,1
25.336018085479736,0.0,1
25.337031602859497,0.0,1
25.337031602859497,0.0,1
25.338093996047974,0.0,1
25.34608268737793,0.0,1
25.34608268737793,0.0,1
25.34608268737793,0.0,1
25.34608268737793,1e-05,1
25.34608268737793,1e-05,1
25.34608268737793,1e-05,1
25.34608268737793,1e-05,1
25.34608268737793,1e-05,1
25.347095251083374,1e-05,1
25.347095251083374,1e-05,1
25.347095251083374,1e-05,1
25.347095251083374,0.0,1
25.347095251083374,0.0,1
25.347095251083374,0.0,1
25.348488807678223,0.0,1
25.34948754310608,0.0,1
25.350496530532837,0.0,1
25.351483821868896,0.0,1
25.35239338874817,0.0,1
25.35267972946167,0.0,1
25.35374116897583,0.0,1
25.354818105697632,0.0,1
25.35581612586975,0.0,1
25.356813192367554,0.0,1
25.35780620574951,0.0,1
25.35899829864502,0.0,1
25.36011838912964,0.0,1
25.3615505695343,2e-05,1
25.3615505695343,2e-05,1
25.362738609313965,2e-05,1
25.363723754882812,2e-05,1
25.36472797393799,2e-05,1
25.366731643676758,2e-05,1
25.367730617523193,2e-05,1
25.368723392486572,2e-05,1
25.369739770889282,2e-05,1
25.37078857421875,2e-05,1
25.371802806854248,2e-05,1
25.372318744659424,2e-05,1
25.372833967208862,2e-05,1
25.373910427093506,2e-05,1
25.375394344329834,2e-05,1
25.376410722732544,2e-05,1
25.37758755683899,2e-05,1
25.378649473190308,2e-05,1
25.379163026809692,2e-05,1
25.379671096801758,2e-05,1
25.38072919845581,2e-05,1
25.382293224334717,0.0,1
25.385570287704468,0.0,1
25.392172813415527,1e-05,1
25.3932363986969,0.0,1
25.394635677337646,0.0,1
25.394635677337646,0.0,1
25.394635677337646,0.0,1
25.394635677337646,0.0,1
25.395992517471313,0.0,1
25.395992517471313,0.0,1
25.397014617919922,0.0,1
25.397014617919922,0.0,1
25.398014307022095,0.0,1
25.398014307022095,0.0,1
25.399139642715454,0.0,1
25.399139642715454,0.0,1
25.399139642715454,0.0,1
25.399139642715454,0.0,1
25.403650283813477,0.0,1
25.403650283813477,0.0,1
25.403650283813477,0.0,1
25.403650283813477,0.0,1
25.404376745224,0.0,1
25.405290365219116,0.0,1
25.406330823898315,0.0,1
25.407334089279175,0.0,1
25.408331155776978,0.0,1
25.409329652786255,0.0,1
25.41032910346985,0.0,1
25.4113290309906,0.0,1
25.412362337112427,0.0,1
25.413329601287842,0.0,1
25.414331674575806,0.0,1
25.415355443954468,0.0,1
25.416333436965942,0.0,1
25.417329788208008,0.0,1
25.41837167739868,1e-05,1
25.419377326965332,1e-05,1
25.420373678207397,1e-05,1
25.421456336975098,1e-05,1
25.422341108322144,1e-05,1
25.42366647720337,1e-05,1
25.424333333969116,1e-05,1
25.425631761550903,1e-05,1
25.425631761550903,1e-05,1
25.4267258644104,1e-05,1
25.427719116210938,1e-05,1
25.433961153030396,1e-05,1
25.43492341041565,1e-05,1
25.4359610080719,1e-05,1
25.436519861221313,1e-05,1
25.437034845352173,1e-05,1
25.43804693222046,1e-05,1
25.43804693222046,1e-05,1
25.440117597579956,1e-05,1
25.441472053527832,1e-05,1
25.441472053527832,0.0,1
25.441472053527832,0.0,1
25.442477226257324,0.0,1
25.442477226257324,0.0,1
25.442477226257324,0.0,1
25.446581602096558,0.0,1
25.446581602096558,0.0,1
25.446581602096558,0.0,1
25.446581602096558,0.0,1
25.446581602096558,0.0,1
25.448020696640015,0.0,1
25.449034690856934,0.0,1
25.45009446144104,0.0,1
25.45128846168518,0.0,1
25.45237708091736,0.0,1
25.453320503234863,0.0,1
25.45433020591736,0.0,1
25.45433020591736,0.0,1
25.456486225128174,0.0,1
25.456486225128174,0.0,1
25.458525896072388,0.0,1
25.45953607559204,0.0,1
25.45953607559204,0.0,1
25.460815906524658,0.0,1
25.462098121643066,0.0,1
25.463183403015137,0.0,1
25.464184522628784,0.0,1
25.465111255645752,0.0,1
25.466184616088867,0.0,1
25.467252016067505,0.0,1
25.468111991882324,0.0,1
25.469122409820557,0.0,1
25.470232486724854,0.0,1
25.471253871917725,0.0,1
25.4723379611969,0.0,1
25.473479509353638,0.0,1
25.474069595336914,0.0,1
25.474700450897217,0.0,1
25.475714445114136,0.0,1
25.47724151611328,0.0,1
25.48150634765625,0.0,1
25.482017278671265,0.0,1
25.482017278671265,0.0,1
25.482017278671265,0.0,1
25.483081340789795,0.0,1
25.483081340789795,0.0,1
25.485230445861816,0.0,1
25.485230445861816,0.0,1
25.489640474319458,0.0,1
25.489640474319458,0.0,1
25.489640474319458,0.0,1
25.489640474319458,0.0,1
25.489640474319458,0.0,1
25.491132259368896,0.0,1
25.492172956466675,0.0,1
25.493255615234375,0.0,1
25.494324445724487,0.0,1
25.49532175064087,0.0,1
25.496362447738647,0.0,1
25.49736976623535,0.0,1
25.49837327003479,0.0,1
25.499369621276855,0.0,1
25.500380039215088,0.0,1
25.50136923789978,0.0,1
25.502367973327637,0.0,1
25.503371000289917,0.0,1
25.504371643066406,0.0,1
25.505402088165283,0.0,1
25.506367444992065,0.0,1
25.50738835334778,0.0,1
25.50836753845215,0.0,1
25.50939702987671,0.0,1
25.51036787033081,0.0,1
25.51137113571167,0.0,1
25.51236891746521,0.0,1
25.513068199157715,0.0,1
25.514028549194336,0.0,1
25.515172958374023,0.0,1
25.516735792160034,0.0,1
25.517667770385742,0.0,1
25.518710136413574,0.0,1
25.518710136413574,0.0,1
25.51972770690918,0.0,1
25.52105140686035,0.0,1
25.52206015586853,0.0,1
25.52331280708313,0.0,1
25.524617910385132,0.0,1
25.530902862548828,0.0,1
25.53194808959961,0.0,1
25.532453775405884,0.0,1
25.533999919891357,0.0,1
25.534547090530396,0.0,1
25.537090063095093,0.0,1
25.538623094558716,0.0,1
25.54071044921875,0.0,1
25.54174542427063,0.0,1
25.54174542427063,0.0,1
25.548889875411987,0.0,1
25.548889875411987,0.0,1
25.548889875411987,0.0,1
25.548889875411987,0.0,1
25.548889875411987,0.0,1
25.548889875411987,0.0,1
25.548889875411987,0.0,1
25.548889875411987,0.0,1
25.548889875411987,0.0,1
25.550050258636475,0.0,1
25.550050258636475,0.0,1
25.550050258636475,0.0,1
25.550050258636475,0.0,1
25.550050258636475,0.0,1
25.550050258636475,0.0,1
25.550050258636475,0.0,1
25.551063776016235,0.0,1
25.552332639694214,0.0,1
25.553288459777832,0.0,1
25.554324865341187,0.0,1
25.5553240776062,0.0,1
25.5553240776062,0.0,1
25.5568265914917,0.0,1
25.558173656463623,0.0,1
25.559239625930786,0.0,1
25.560274124145508,0.0,1
25.561641931533813,0.0,1
25.561641931533813,0.0,1
25.562641382217407,0.0,1
25.563676118850708,0.0,1
25.565640449523926,0.0,1
25.56663990020752,0.0,1
25.56663990020752,0.0,1
25.56764030456543,0.0,1
25.56864356994629,0.0,1
25.570403337478638,0.0,1
25.571288347244263,0.0,1
25.572325229644775,0.0,1
25.572325229644775,0.0,1
25.57413935661316,0.0,1
25.575196504592896,0.0,1
25.57625460624695,0.0,1
25.57726550102234,0.0,1
25.57726550102234,0.0,1
25.578766584396362,0.0,1
25.579771995544434,0.0,1
25.58077621459961,0.0,1
25.581762313842773,0.0,1
25.582767009735107,0.0,1
25.58378791809082,0.0,1
25.58580183982849,0.0,1
25.58580183982849,0.0,1
25.58777093887329,0.0,1
25.58777093887329,0.0,1
25.591771841049194,0.0,1
25.597106456756592,0.0,1
25.598064422607422,0.0,1
25.599437713623047,0.0,1
25.600462198257446,0.0,1
25.60144352912903,0.0,1
25.60362148284912,0.0,1
25.60494899749756,0.0,1
25.60545587539673,0.0,1
25.607465267181396,0.0,1
25.60846734046936,0.0,1
25.609471082687378,0.0,1
25.610473155975342,0.0,1
25.610473155975342,0.0,1
25.61496090888977,0.0,1
25.61496090888977,0.0,1
25.61496090888977,0.0,1
25.61496090888977,0.0,1
25.615957021713257,0.0,1
25.615957021713257,0.0,1
25.615957021713257,0.0,1
25.615957021713257,0.0,1
25.615957021713257,0.0,1
25.615957021713257,0.0,1
25.615957021713257,0.0,1
25.615957021713257,0.0,1
25.615957021713257,0.0,1
25.61698603630066,0.0,1
25.61698603630066,0.0,1
25.618487119674683,0.0,1
25.618993282318115,0.0,1
25.62005114555359,0.0,1
25.621328353881836,0.0,1
25.6222882270813,0.0,1
25.623324394226074,0.0,1
25.624329090118408,0.0,1
25.624329090118408,0.0,1
25.62555503845215,0.0,1
25.626553535461426,0.0,1
25.628727197647095,0.0,1
25.628727197647095,0.0,1
25.629717350006104,0.0,1
25.631775856018066,0.0,1
25.631775856018066,0.0,1
25.633740663528442,0.0,1
25.634748458862305,0.0,1
25.634748458862305,0.0,1
25.636131286621094,0.0,1
25.637243270874023,0.0,1
25.638280153274536,0.0,1
25.63928747177124,0.0,1
25.640506267547607,0.0,1
25.640506267547607,0.0,1
25.642515182495117,0.0,1
25.642515182495117,0.0,1
25.643516778945923,0.0,1
25.64451503753662,0.0,1
25.646514892578125,0.0,1
25.647512674331665,0.0,1
25.647512674331665,0.0,1
25.649513244628906,0.0,1
25.651531219482422,0.0,1
25.651531219482422,0.0,1
25.661149978637695,0.0,1
25.661149978637695,0.0,1
25.661149978637695,0.0,1
25.663153171539307,0.0,1
25.663153171539307,0.0,1
25.665483474731445,0.0,1
25.665483474731445,0.0,1
25.669983625411987,0.0,1
25.670495986938477,0.0,1
25.670495986938477,0.0,1
25.670495986938477,0.0,1
25.670495986938477,0.0,1
25.670495986938477,0.0,1
25.670495986938477,0.0,1
25.670495986938477,0.0,1
25.670495986938477,0.0,1
25.67151975631714,0.0,1
25.67151975631714,0.0,1
25.67151975631714,0.0,1
25.67151975631714,1e-05,1
25.672516107559204,1e-05,1
25.672516107559204,0.0,1
25.674028158187866,0.0,1
25.67530345916748,0.0,1
25.676294088363647,0.0,1
25.677278757095337,0.0,1
25.678205966949463,0.0,1
25.678205966949463,0.0,1
25.67971444129944,0.0,1
25.680712699890137,0.0,1
25.681776523590088,0.0,1
25.68327569961548,0.0,1
25.68427038192749,0.0,1
25.685863971710205,0.0,1
25.685863971710205,0.0,1
25.687934637069702,0.0,1
25.687934637069702,0.0,1
25.689891815185547,0.0,1
25.689891815185547,0.0,1
25.690900564193726,0.0,1
25.692896604537964,0.0,1
25.692896604537964,0.0,1
25.693883657455444,0.0,1
25.69487690925598,0.0,1
25.695876359939575,0.0,1
25.697887897491455,0.0,1
25.697887897491455,0.0,1
25.70290756225586,0.0,1
25.70390748977661,0.0,1
25.704922914505005,0.0,1
25.704922914505005,0.0,1
25.705925226211548,0.0,1
25.705925226211548,0.0,1
25.7069251537323,0.0,1
25.7069251537323,0.0,1
25.707945108413696,1e-05,1
25.70810103416443,0.0,1
25.712961196899414,0.0,1
25.712961196899414,0.0,1
25.713988542556763,0.0,1
25.713988542556763,0.0,1
25.713988542556763,0.0,1
25.713988542556763,0.0,1
25.71497082710266,0.0,1
25.71597409248352,0.0,1
25.716984510421753,0.0,1
25.718260765075684,0.0,1
25.71926212310791,0.0,1
25.720321893692017,0.0,1
25.721332788467407,0.0,1
25.722328186035156,0.0,1
25.72332787513733,0.0,1
25.724327564239502,0.0,1
25.725329160690308,0.0,1
25.72633385658264,0.0,1
25.72732925415039,0.0,1
25.72732925415039,0.0,1
25.728631734848022,0.0,1
25.729900121688843,0.0,1
25.73095989227295,0.0,1
25.731945037841797,0.0,1
25.73300528526306,0.0,1
25.73395609855652,0.0,1
25.73492455482483,0.0,1
25.736295700073242,0.0,1
25.73723292350769,0.0,1
25.737908363342285,0.0,1
25.739109992980957,0.0,1
25.740336418151855,0.0,1
25.741347551345825,0.0,1
25.742350578308105,0.0,1
25.74334740638733,0.0,1
25.744346857070923,0.0,1
25.7513484954834,0.0,1
25.752354860305786,0.0,1
25.752354860305786,0.0,1
25.752354860305786,0.0,1
25.753346920013428,0.0,1
25.753346920013428,0.0,1
25.753346920013428,0.0,1
25.753346920013428,0.0,1
25.75535011291504,0.0,1
25.75535011291504,0.0,1
25.756348609924316,0.0,1
25.756348609924316,0.0,1
25.757349014282227,0.0,1
25.76156520843506,0.0,1
25.76156520843506,0.0,1
25.76156520843506,0.0,1
25.76156520843506,0.0,1
25.76257014274597,0.0,1
25.76257014274597,0.0,1
25.764319896697998,0.0,1
25.76535153388977,0.0,1
25.766327381134033,1e-05,1
25.76734209060669,1e-05,1
25.768373489379883,1e-05,1
25.76939105987549,1e-05,1
25.770397186279297,1e-05,1
25.771364450454712,1e-05,1
25.77238965034485,1e-05,1
25.77238965034485,1e-05,1
25.774991750717163,1e-05,1
25.774991750717163,1e-05,1
25.77633285522461,1e-05,1
25.77734351158142,1e-05,1
25.778351545333862,1e-05,1
25.779340744018555,1e-05,1
25.78036379814148,1e-05,1
25.781348943710327,1e-05,1
25.78238558769226,1e-05,1
25.783341646194458,1e-05,1
25.784376621246338,1e-05,1
25.78538203239441,1e-05,1
25.786341667175293,0.0,1
25.787342071533203,0.0,1
25.788339138031006,0.0,1
25.789346933364868,0.0,1
25.790340185165405,0.0,1
25.79374051094055,0.0,1
25.794745445251465,0.0,1
25.794745445251465,0.0,1
25.794745445251465,0.0,1
25.794745445251465,0.0,1
25.796717405319214,0.0,1
25.796717405319214,0.0,1
25.80074453353882,0.0,1
25.80074453353882,0.0,1
25.80074453353882,0.0,1
25.80074453353882,0.0,1
25.80233883857727,0.0,1
25.803264379501343,0.0,1
25.80450463294983,0.0,1
25.805508375167847,0.0,1
25.805508375167847,0.0,1
25.806743144989014,0.0,1
25.807846069335938,0.0,1
25.808884382247925,0.0,1
25.80988836288452,0.0,1
25.810893058776855,0.0,1
25.811886072158813,0.0,1
25.812932014465332,0.0,1
25.813932418823242,0.0,1
25.815913677215576,0.0,1
25.815913677215576,0.0,1
25.81690287590027,0.0,1
25.817939043045044,0.0,1
25.81934905052185,0.0,1
25.820359706878662,0.0,1
25.821359395980835,0.0,1
25.82233238220215,0.0,1
25.823349952697754,0.0,1
25.824352741241455,0.0,1
25.82537078857422,0.0,1
25.826364517211914,0.0,1
25.827365159988403,0.0,1
25.828372955322266,0.0,1
25.829365015029907,0.0,1
25.830365657806396,0.0,1
25.83137035369873,0.0,1
25.83236837387085,0.0,1
25.83337116241455,0.0,1
25.83391523361206,0.0,1
25.835055351257324,0.0,1
25.836066246032715,0.0,1
25.837342739105225,0.0,1
25.84179925918579,0.0,1
25.842317819595337,0.0,1
25.842832565307617,0.0,1
25.842832565307617,0.0,1
25.84395456314087,0.0,1
25.84395456314087,0.0,1
25.844475984573364,0.0,1
25.84506916999817,0.0,1
25.84669518470764,0.0,1
25.85323214530945,0.0,1
25.854299545288086,0.0,1
25.854299545288086,0.0,1
25.854299545288086,0.0,1
25.854299545288086,0.0,1
25.854299545288086,0.0,1
25.854299545288086,5e-05,1
25.855316400527954,0.00022,1
25.855316400527954,0.00022,1
25.856603860855103,0.00022,1
25.857662677764893,0.00022,1
25.8587429523468,0.00022,1
25.8587429523468,0.00022,1
25.85975193977356,0.00022,1
25.860751152038574,0.00022,1
25.861778736114502,0.00022,1
25.862755298614502,0.00022,1
25.86375069618225,0.00022,1
25.865769863128662,0.00022,1
25.865769863128662,0.00022,1
25.867762804031372,0.00022,1
25.868780851364136,0.00022,1
25.869758129119873,0.00022,1
25.870760202407837,0.00022,1
25.871782779693604,0.00022,1
25.872769117355347,0.00022,1
25.873783349990845,0.00022,1
25.874294757843018,0.00022,1
25.876323699951172,0.00022,1
25.876323699951172,0.00013,1
25.87734627723694,0.0,1
25.87834644317627,0.0,1
25.879310369491577,0.0,1
25.88030743598938,0.0,1
25.881346225738525,0.0,1
25.882327795028687,0.0,1
25.883304595947266,0.0,1
25.889317750930786,0.0,1
25.889317750930786,0.0,1
25.893863677978516,0.0,1
25.89486336708069,0.0,1
25.89486336708069,0.0,1
25.89593195915222,0.0,1
25.89593195915222,0.0,1
25.89593195915222,0.0,1
25.896923542022705,0.0,1
25.896923542022705,0.0,1
25.896923542022705,0.0,1
25.898866176605225,0.0,1
25.899919033050537,0.0,1
25.899919033050537,0.0,1
25.901951789855957,0.0,1
25.901951789855957,0.0,1
25.902881622314453,0.0,1
25.90388822555542,0.0,1
25.9048752784729,0.0,1
25.905937671661377,0.0,1
25.906917333602905,0.0,1
25.907874822616577,0.0,1
25.90898847579956,0.00046,1
25.912906408309937,0.00046,1
25.912906408309937,0.00046,1
25.912906408309937,0.00046,1
25.912906408309937,0.00046,1
25.913904905319214,0.00046,1
25.913904905319214,0.00019,1
25.913904905319214,0.0,1
25.913904905319214,0.0,1
25.91494584083557,0.0,1
25.916287422180176,0.0,1
25.917338848114014,0.0,1
25.918373107910156,0.0,1
25.919354677200317,0.0,1
25.92035222053528,0.0,1
25.92035222053528,0.0,1
25.921557903289795,0.0,1
25.922657251358032,0.0,1
25.923676252365112,0.0,1
25.924680948257446,0.0,1
25.925678730010986,0.0,1
25.926677465438843,0.0,1
25.927677154541016,0.0,1
25.9286847114563,0.0,1
25.929680585861206,0.0,1
25.93067955970764,0.0,1
25.93328881263733,0.0,1
25.93328881263733,0.0,1
25.934512615203857,0.0,1
25.93551993370056,9e-05,1
25.93551993370056,9e-05,1
25.937176942825317,9e-05,1
25.938191652297974,9e-05,1
25.939337968826294,9e-05,1
25.94036841392517,9e-05,1
25.94137930870056,9e-05,1
25.942397832870483,0.0,1
25.942397832870483,0.0,1
25.94405961036682,0.0,1
25.945109844207764,0.0,1
25.946329832077026,0.0,1
25.947357654571533,0.0,1
25.94911813735962,0.0,1
25.95291519165039,0.0,1
25.95291519165039,0.0,1
25.953965187072754,0.0,1
25.953965187072754,0.0,1
25.954490661621094,0.0,1
25.95506262779236,0.0,1
25.95506262779236,0.0,1
25.958216667175293,0.00023,1
25.95873236656189,0.0,1
25.959748029708862,0.0,1
25.959748029708862,0.0,1
25.960742235183716,0.0,1
25.961779594421387,0.0,1
25.962769746780396,0.0,1
25.968729257583618,0.0,1
25.96972155570984,0.0,1
25.96972155570984,0.0,1
25.96972155570984,0.0,1
25.96972155570984,0.0,1
25.96972155570984,0.0,1
25.97071671485901,0.0,1
25.97071671485901,0.0,1
25.971744537353516,2e-05,1
25.971744537353516,2e-05,1
25.973737716674805,2e-05,1
25.973737716674805,2e-05,1
25.97517156600952,2e-05,1
25.976176261901855,2e-05,1
25.97717547416687,2e-05,1
25.97814130783081,0.00076,1
25.979163885116577,0.00076,1
25.980138540267944,0.00076,1
25.98115110397339,0.00076,1
25.982161045074463,0.00076,1
25.983170747756958,0.00076,1
25.984153032302856,0.00076,1
25.98517084121704,0.00076,1
25.98616933822632,0.00076,1
25.98716950416565,0.00076,1
25.9881694316864,0.00076,1
25.989176988601685,0.00076,1
25.990169286727905,0.00076,1
25.991168975830078,0.00076,1
25.99217438697815,0.00076,1
25.99316930770874,0.0,1
25.994168519973755,0.0,1
25.994168519973755,0.0,1
25.995659351348877,0.0,1
25.99667453765869,0.0,1
25.99865698814392,0.0,1
25.99970245361328,0.0,1
26.00065803527832,0.0,1
26.00065803527832,0.0,1
26.002338409423828,0.0,1
26.003356218338013,0.0,1
26.00434947013855,0.0,1
26.005347967147827,0.0,1
26.00635004043579,0.0,1
26.007277488708496,0.0,1
26.008262872695923,0.0,1
26.00932550430298,0.0,1
26.011325120925903,0.0,1
26.013952016830444,0.0,1
26.014963626861572,0.0,1
26.014963626861572,0.0,1
26.015962839126587,0.0,1
26.015962839126587,0.0,1
26.015962839126587,0.0,1
26.017966508865356,0.0,1
26.01897358894348,0.0,1
26.01897358894348,0.0,1
26.02541995048523,0.0,1
26.02541995048523,0.0,1
26.02541995048523,0.0,1
26.02541995048523,0.0,1
26.026408672332764,0.0,1
26.026408672332764,0.0,1
26.026408672332764,0.0,1
26.02738070487976,0.0,1
26.027873277664185,0.0,1
26.029234647750854,0.0,1
26.030250549316406,0.0,1
26.031230211257935,0.0,1
26.032278776168823,0.0,1
26.0332350730896,0.0,1
26.03423523902893,0.0,1
26.03522825241089,0.0,1
26.03683304786682,0.0,1
26.03791117668152,0.0,1
26.03886127471924,0.0,1
26.039933681488037,0.0,1
26.04093599319458,0.0,1
26.04093599319458,0.0,1
26.0429208278656,0.0,1
26.04394030570984,0.0,1
26.04394030570984,0.0,1
26.046055793762207,0.0,1
26.046055793762207,0.0,1
26.04708695411682,0.0,1
26.048166751861572,0.0,1
26.049230098724365,0.0,1
26.05032444000244,0.0,1
26.05192232131958,0.0,1
26.05244469642639,0.0,1
26.053486585617065,0.0,1
26.05454182624817,0.0,1
26.05616044998169,0.0,1
26.06214737892151,0.0,1
26.06317377090454,0.00011,1
26.064310312271118,0.00015,1
26.06544828414917,0.00015,1
26.06700110435486,0.00015,1
26.068525314331055,0.00015,1
26.06905174255371,0.00015,1
26.069561004638672,0.00015,1
26.069561004638672,0.00015,1
26.07369327545166,0.00015,1
26.07369327545166,0.00015,1
26.07369327545166,0.00015,1
26.07369327545166,0.00015,1
26.07477593421936,0.00015,1
26.07477593421936,0.00015,1
26.07477593421936,0.00015,1
26.07477593421936,0.0,1
26.07477593421936,0.0,1
26.07477593421936,0.0,1
26.07477593421936,0.0,1
26.076303005218506,0.0,1
26.07749581336975,0.0,1
26.078505516052246,0.0,1
26.078505516052246,0.0,1
26.080503702163696,0.0,1
26.081549167633057,0.0,1
26.08250641822815,0.0,1
26.083505630493164,0.0,1
26.084542989730835,0.0,1
26.08553457260132,0.0,1
26.08553457260132,0.0,1
26.08751106262207,8e-05,1
26.088508367538452,0.0,1
26.089521169662476,0.0,1
26.09052324295044,0.0,1
26.091506719589233,0.0,1
26.09250569343567,0.0,1
26.093522787094116,0.0,1
26.094505310058594,0.0,1
26.095503091812134,0.0,1
26.096505403518677,0.0,1
26.096505403518677,0.0,1
26.097509384155273,0.0,1
26.099509716033936,0.0,1
26.100511074066162,0.0,1
26.101506233215332,0.0,1
26.101506233215332,0.0,1
26.103891611099243,0.0,1
26.106919527053833,0.0,1
26.106919527053833,0.0,1
26.10792088508606,0.0,1
26.108922719955444,0.0,1
26.108922719955444,0.0,1
26.109920501708984,0.00027,1
26.110921382904053,0.00033,1
26.110921382904053,0.00033,1
26.112417697906494,0.00033,1
26.11342191696167,0.00033,1
26.11832332611084,0.00033,1
26.11832332611084,0.00033,1
26.11832332611084,0.00033,1
26.11832332611084,0.00033,1
26.119333505630493,0.00033,1
26.119333505630493,0.00033,1
26.12042498588562,0.00033,1
26.121304273605347,0.00033,1
26.12235403060913,0.00033,1
26.123361825942993,0.00033,1
26.12433171272278,0.00033,1
26.12532377243042,0.00033,1
26.126332759857178,0.00033,1
26.127341270446777,0.00033,1
26.1283175945282,0.00033,1
26.12968397140503,0.00033,1
26.130712747573853,0.00033,1
26.130712747573853,0.00033,1
26.132176637649536,0.0,1
26.133607149124146,0.0,1
26.133607149124146,0.0,1
26.134608268737793,0.0,1
26.135608196258545,0.0,1
26.136607885360718,0.0,1
26.13826274871826,0.0,1
26.139329433441162,0.0,1
26.140343189239502,0.0,1
26.141288995742798,0.0,1
26.142327785491943,0.0,1
26.143311500549316,0.0,1
26.144303798675537,0.0,1
26.145302295684814,0.0,1
26.146327257156372,0.0,1
26.147327661514282,0.0,1
26.15435290336609,0.0,1
26.155301094055176,0.0,1
26.156334161758423,0.0,1
26.15734839439392,0.0,1
26.158379316329956,0.0,1
26.158379316329956,0.0,1
26.15943145751953,0.0,1
26.15943145751953,0.0,1
26.160399913787842,0.0,1
26.160399913787842,0.0,1
26.161391496658325,0.0,1
26.16239333152771,0.0,1
26.16239333152771,0.0,1
26.163389444351196,0.0,1
26.163389444351196,0.0,1
26.163389444351196,0.0,1
26.16487979888916,0.0,1
26.16487979888916,0.0,1
26.168212413787842,0.0,1
26.169283151626587,0.0,1
26.169283151626587,0.0,1
26.169283151626587,0.0,1
26.169283151626587,0.0,1
26.171348571777344,0.0,1
26.172397136688232,0.0,1
26.172397136688232,0.0,1
26.173913955688477,0.0,1
26.174944400787354,0.0,1
26.175944566726685,0.0,1
26.176947832107544,0.0,1
26.1779305934906,0.0,1
26.17902660369873,0.0,1
26.180290699005127,0.0,1
26.181358337402344,0.0,1
26.182339191436768,0.0,1
26.183334350585938,0.0,1
26.18436098098755,0.0,1
26.18533754348755,0.0,1
26.186349391937256,0.0,1
26.18736958503723,0.0,1
26.18834948539734,0.0,1
26.189351558685303,0.00015,1
26.19135046005249,8e-05,1
26.19135046005249,0.0,1
26.19233536720276,0.0,1
26.19396471977234,0.0,1
26.19396471977234,0.0,1
26.19770836830139,0.0,1
26.202913522720337,0.0,1
26.20398998260498,0.0,1
26.20398998260498,0.0,1
26.20488142967224,0.0,1
26.20488142967224,0.0,1
26.205880880355835,0.0,1
26.205880880355835,0.0,1
26.205880880355835,0.0,1
26.20688509941101,0.0,1
26.20688509941101,0.0,1
26.20790195465088,0.0,1
26.20790195465088,0.0,1
26.20890164375305,0.0,1
26.20890164375305,0.0,1
26.21287488937378,0.0,1
26.2138934135437,0.0,1
26.2138934135437,0.00026,1
26.2138934135437,0.00026,1
26.2138934135437,0.00026,1
26.215272903442383,0.00026,1
26.21630859375,0.00026,1
26.218384981155396,0.00026,1
26.218384981155396,0.00026,1
26.220415353775024,0.00026,1
26.220415353775024,0.00026,1
26.2213454246521,0.00026,1
26.22233819961548,0.00026,1
26.223312377929688,0.00026,1
26.22491145133972,0.00026,1
26.22531533241272,0.00026,1
26.226327180862427,0.00026,1
26.227542877197266,0.0,1
26.228548288345337,0.0,1
26.229308605194092,0.0,1
26.230350732803345,0.0,1
26.231539726257324,0.0,1
26.231539726257324,0.0,1
26.233565092086792,0.0,1
26.233565092086792,0.0,1
26.23489546775818,0.0,1
26.235884428024292,0.0,1
26.23695993423462,0.0,1
26.237966299057007,0.0,1
26.238987922668457,0.0,1
26.238987922668457,0.0,1
26.24149513244629,0.0,1
26.242756366729736,0.0,1
26.245843172073364,0.0,1
26.245843172073364,0.0,1
26.245843172073364,0.0,1
26.245843172073364,0.0,1
26.247137308120728,0.0,1
26.24837636947632,0.0,1
26.249377250671387,0.00013,1
26.252381324768066,9e-05,1
26.253376007080078,9e-05,1
26.253376007080078,9e-05,1
26.253376007080078,9e-05,1
26.25441551208496,9e-05,1
26.25541663169861,9e-05,1
26.256320476531982,9e-05,1
26.257373809814453,9e-05,1
26.258360624313354,9e-05,1
26.25929307937622,9e-05,1
26.26036286354065,9e-05,1
26.261351108551025,9e-05,1
26.26231288909912,0.0,1
26.263360738754272,0.0,1
26.264336585998535,0.0,1
26.265317678451538,0.0,1
26.266366958618164,0.0,1
26.267312049865723,0.0,1
26.268428325653076,0.0,1
26.268428325653076,0.0,1
26.26977849006653,0.0,1
26.270814418792725,6e-05,1
26.271806955337524,6e-05,1
26.272804975509644,6e-05,1
26.27438259124756,6e-05,1
26.275407552719116,6e-05,1
26.275407552719116,6e-05,1
26.2767436504364,6e-05,1
26.277740478515625,6e-05,1
26.279391527175903,6e-05,1
26.28041124343872,6e-05,1
26.281412839889526,6e-05,1
26.282413244247437,6e-05,1
26.284427165985107,6e-05,1
26.284427165985107,6e-05,1
26.28544044494629,0.0,1
26.286519765853882,0.00014,1
26.288454294204712,0.00014,1
26.289429903030396,0.00014,1
26.29486083984375,0.00014,1
26.295857906341553,0.00014,1
26.295857906341553,0.00014,1
26.297200918197632,0.00014,1
26.297200918197632,0.00014,1
26.299715280532837,0.00014,1
26.299715280532837,0.00014,1
26.301045417785645,0.00014,1
26.30419397354126,0.00014,1
26.30560564994812,0.00014,1
26.30560564994812,0.00014,1
26.30560564994812,0.00014,1
26.30560564994812,0.00014,1
26.30560564994812,0.00014,1
26.30560564994812,0.00014,1
26.30560564994812,0.00014,1
26.306705236434937,0.00014,1
26.306705236434937,0.00014,1
26.307372331619263,0.00014,1
26.308374643325806,0.00014,1
26.30937695503235,0.00044,1
26.310391187667847,0.0,1
26.311391830444336,0.0,1
26.312390327453613,0.0,1
26.313390016555786,0.0,1
26.31438970565796,0.0,1
26.31541872024536,0.0,1
26.3163902759552,0.0,1
26.317391872406006,0.0,1
26.318391799926758,0.0,1
26.319389820098877,0.0,1
26.320411443710327,0.0,1
26.321386337280273,0.00011,1
26.322388410568237,0.00011,1
26.32339072227478,0.00011,1
26.324390411376953,0.00011,1
26.325401544570923,0.00011,1
26.326151609420776,0.00011,1
26.327364206314087,0.00011,1
26.32857918739319,0.00011,1
26.32913088798523,0.00011,1
26.330259323120117,5e-05,1
26.33134913444519,5e-05,1
26.33234667778015,5e-05,1
26.333362817764282,5e-05,1
26.334864139556885,5e-05,1
26.334864139556885,5e-05,1
26.34265637397766,5e-05,1
26.34265637397766,5e-05,1
26.343677282333374,5e-05,1
26.343677282333374,5e-05,1
26.34483575820923,5e-05,1
26.346166610717773,5e-05,1
26.347221851348877,5e-05,1
26.347221851348877,5e-05,1
26.348276615142822,5e-05,1
26.34966230392456,5e-05,1
26.3508141040802,5e-05,1
26.363971710205078,5e-05,1
26.36533546447754,5e-05,1
26.36533546447754,5e-05,1
26.36533546447754,5e-05,1
26.366345405578613,5e-05,1
26.366345405578613,0.0,1
26.366345405578613,0.00038,1
26.36753487586975,0.00038,1
26.36753487586975,0.00038,1
26.36753487586975,0.00038,1
26.368536233901978,0.00038,1
26.368536233901978,0.00038,1
26.368536233901978,0.00038,1
26.368536233901978,0.00038,1
26.368536233901978,0.00038,1
26.368536233901978,0.00038,1
26.368536233901978,0.00038,1
26.36953330039978,0.00038,1
26.36953330039978,0.00038,1
26.36953330039978,0.0,1
26.36953330039978,0.0,1
26.36953330039978,0.0,1
26.36953330039978,0.0,1
26.370254039764404,0.0,1
26.37130117416382,0.0,1
26.37223768234253,0.0,1
26.37223768234253,0.0,1
26.374304056167603,0.0,1
26.37530779838562,0.0,1
26.376319646835327,0.0,1
26.37730860710144,0.0,1
26.378308296203613,0.0,1
26.379308938980103,0.0,1
26.380308151245117,0.0,1
26.381336212158203,7e-05,1
26.382341623306274,7e-05,1
26.384352684020996,7e-05,1
26.384352684020996,7e-05,1
26.38643455505371,7e-05,1
26.38643455505371,7e-05,1
26.387315034866333,7e-05,1
26.388317823410034,0.0,1
26.38980007171631,0.0,1
26.38980007171631,0.0,1
26.390872716903687,0.0,1
26.39200472831726,0.0,1
26.393102884292603,0.0,1
26.394113302230835,0.0,1
26.395118474960327,0.0,1
26.395118474960327,0.0,1
26.39663076400757,0.0,1
26.39879298210144,0.0,1
26.401789665222168,0.0,1
26.401789665222168,0.0,1
26.401789665222168,0.0,1
26.40278720855713,0.0,1
26.40378975868225,0.00026,1
26.404798984527588,0.00026,1
26.405814170837402,0.00026,1
26.40680766105652,0.00026,1
26.40994095802307,0.00026,1
26.40994095802307,0.00026,1
26.40994095802307,0.00026,1
26.41096591949463,0.00026,1
26.41096591949463,0.0,1
26.411959648132324,0.0,1
26.41299557685852,0.0,1
26.414005041122437,0.0,1
26.4153094291687,0.0,1
26.4162540435791,0.0,1
26.417278289794922,0.0,1
26.418299674987793,0.0,1
26.41929793357849,0.0,1
26.420259475708008,0.0,1
26.4212965965271,0.0,1
26.42230725288391,0.0,1
26.42327332496643,0.0,1
26.42430591583252,0.0,1
26.425300359725952,0.0,1
26.426307678222656,0.00046,1
26.427294492721558,0.00046,1
26.42835831642151,0.00046,1
26.429263830184937,0.00046,1
26.43031597137451,0.00046,1
26.431340217590332,0.00046,1
26.43226957321167,0.00046,1
26.433862447738647,0.00046,1
26.43490505218506,0.00046,1
26.43490505218506,0.00046,1
26.43595027923584,0.00046,1
26.437323570251465,1e-05,1
26.438334703445435,1e-05,1
26.439966917037964,1e-05,1
26.439966917037964,1e-05,1
26.441418886184692,1e-05,1
26.442433834075928,1e-05,1
26.442948579788208,1e-05,1
26.4483642578125,1e-05,1
26.449402570724487,1e-05,1
26.451566457748413,0.0,1
26.451566457748413,0.0,1
26.45299482345581,0.0,1
26.45404052734375,0.0,1
26.456302881240845,0.0,1
26.457974195480347,0.0,1
26.459011793136597,0.0,1
26.45999789237976,0.0,1
26.45999789237976,0.0,1
26.45999789237976,0.0,1
26.461223363876343,0.0,1
26.461223363876343,0.0,1
26.461223363876343,0.0,1
26.46239686012268,0.0,1
26.46540069580078,0.0,1
26.46540069580078,7e-05,1
26.46540069580078,6e-05,1
26.466399669647217,0.0,1
26.466399669647217,0.0,1
26.466399669647217,0.0,1
26.466399669647217,0.0,1
26.46725606918335,0.0,1
26.468265295028687,0.0,1
26.469231843948364,0.0,1
26.46999216079712,0.0,1
26.471253871917725,0.0,1
26.472304344177246,0.0,1
26.472304344177246,0.0,1
26.473854064941406,0.0,1
26.4748637676239,0.0,1
26.475907802581787,0.0,1
26.476866722106934,0.0,1
26.477863311767578,0.0,1
26.47886896133423,0.0,1
26.479889392852783,0.0,1
26.481909036636353,0.0,1
26.481909036636353,0.00013,1
26.482889890670776,0.0,1
26.48388957977295,0.0,1
26.484873056411743,0.0,1
26.485897064208984,0.0,1
26.487558364868164,0.0,1
26.488269329071045,0.0,1
26.489326000213623,0.0,1
26.49030900001526,0.0,1
26.491305112838745,0.0,1
26.49431014060974,0.0,1
26.495307207107544,0.0,1
26.495307207107544,0.0,1
26.49633264541626,0.0,1
26.49633264541626,6e-05,1
26.497347593307495,6e-05,1
26.499313354492188,6e-05,1
26.5013325214386,6e-05,1
26.50336265563965,6e-05,1
26.504314422607422,6e-05,1
26.505361080169678,6e-05,1
26.513312339782715,6e-05,1
26.514317274093628,6e-05,1
26.514317274093628,6e-05,1
26.514317274093628,0.00047,1
26.51531457901001,0.00047,1
26.51531457901001,0.00047,1
26.51531457901001,0.00047,1
26.51531457901001,0.00047,1
26.51531457901001,0.00047,1
26.51531457901001,0.00047,1
26.51531457901001,0.00047,1
26.51531457901001,0.00047,1
26.516715049743652,0.00047,1
26.516715049743652,0.00047,1
26.517130136489868,0.00047,1
26.518325328826904,0.00047,1
26.519320726394653,4e-05,1
26.5203595161438,4e-05,1
26.52135682106018,0.00022,1
26.522361516952515,0.00022,1
26.523359775543213,0.00022,1
26.524357557296753,0.00022,1
26.525320529937744,0.00022,1
26.52635669708252,0.00022,1
26.527369260787964,0.00022,1
26.52835440635681,0.00022,1
26.529355764389038,0.00022,1
26.530336618423462,0.00022,1
26.532367706298828,0.00022,1
26.532367706298828,0.00022,1
26.533909797668457,0.00022,1
26.535879135131836,0.00022,1
26.535879135131836,0.00022,1
26.535879135131836,0.00022,1
26.539319276809692,0.00022,1
26.544306993484497,0.00022,1
26.545337438583374,0.00022,1
26.546310424804688,0.00022,1
26.546310424804688,0.00022,1
26.547324895858765,0.00022,1
26.550315380096436,0.00022,1
26.553308248519897,0.00022,1
26.556313514709473,0.00022,1
26.561314821243286,0.00022,1
26.561314821243286,0.00022,1
26.561314821243286,0.0,1
26.562366724014282,0.0,1
26.562366724014282,0.0,1
26.562366724014282,0.0,1
26.562366724014282,0.0,1
26.562366724014282,0.0,1
26.562366724014282,0.0,1
26.562366724014282,0.0,1
26.562366724014282,0.0,1
26.562366724014282,0.0,1
26.562366724014282,0.0,1
26.563376426696777,0.0,1
26.563376426696777,0.0,1
26.563376426696777,0.0,1
26.563376426696777,0.0,1
26.563376426696777,0.00042,1
26.564368724822998,0.00042,1
26.565357446670532,0.00042,1
26.566405534744263,0.00042,1
26.566405534744263,0.00042,1
26.56766438484192,0.00042,1
26.568960666656494,0.00042,1
26.56995940208435,0.00042,1
26.57095766067505,0.00042,1
26.57196068763733,0.00042,1
26.57296586036682,0.00042,1
26.574498414993286,0.00042,1
26.575506687164307,0.00042,1
26.575506687164307,0.00042,1
26.577413320541382,0.00042,1
26.578425645828247,0.00042,1
26.579442024230957,0.00042,1
26.580418825149536,0.00042,1
26.581423044204712,0.00042,1
26.583431005477905,0.00042,1
26.583431005477905,0.00042,1
26.584423542022705,2e-05,1
26.585461854934692,0.0,1
26.586430311203003,0.0,1
26.587444305419922,0.0,1
26.58842968940735,0.0,1
26.589452028274536,0.0,1
26.59044909477234,0.0,1
26.591424703598022,0.0,1
26.592426538467407,0.0,1
26.593425750732422,0.0,1
26.59442162513733,0.0,1
26.595420360565186,0.0,1
26.595420360565186,0.0,1
26.597447633743286,0.0,1
26.59854769706726,0.0,1
26.601699829101562,0.0,1
26.601699829101562,0.0,1
26.601699829101562,0.0,1
26.60283374786377,0.0,1
26.60283374786377,0.0,1
26.60393238067627,0.0,1
26.60518980026245,0.0,1
26.608399391174316,0.0,1
26.608399391174316,0.0,1
26.609381198883057,0.0,1
26.609381198883057,0.0,1
26.61036205291748,0.0,1
26.611279726028442,0.0,1
26.612310886383057,0.0,1
26.613322973251343,0.0,1
26.614380598068237,0.0,1
26.615267992019653,0.0,1
26.615695476531982,0.0,1
26.61671209335327,0.0,1
26.61776852607727,0.0,1
26.618711948394775,0.0,1
26.619757413864136,0.0,1
26.620713472366333,0.0,1
26.621716260910034,0.0,1
26.62271237373352,0.0,1
26.623711824417114,0.0,1
26.624717712402344,0.0,1
26.625713109970093,0.0,1
26.626709938049316,0.0,1
26.627708673477173,0.0,1
26.62908101081848,0.0,1
26.63015389442444,0.0,1
26.631178617477417,0.0,1
26.632097959518433,0.0,1
26.63312602043152,0.0,1
26.63472318649292,0.0,1
26.63472318649292,0.0,1
26.635748386383057,0.00029,1
26.63690996170044,0.0,1
26.637919664382935,0.0,1
26.639302253723145,0.0,1
26.640310764312744,0.0,1
26.641331672668457,0.0,1
26.642444133758545,0.0,1
26.643465518951416,0.0,1
26.647562265396118,0.0,1
26.647562265396118,0.0,1
26.648584604263306,0.0,1
26.64909839630127,0.0,1
26.649609327316284,0.0,1
26.649609327316284,0.0,1
26.650622844696045,0.0,1
26.651649713516235,0.0,1
26.652669429779053,0.0,1
26.660433053970337,0.0,1
26.660433053970337,0.0,1
26.660433053970337,0.0,1
26.660433053970337,0.0,1
26.660433053970337,0.0,1
26.660433053970337,0.0,1
26.660433053970337,0.0003,1
26.660433053970337,0.0,1
26.661428213119507,0.0,1
26.661428213119507,0.0,1
26.663355588912964,0.0,1
26.664541721343994,0.0,1
26.664541721343994,0.0,1
26.667124271392822,0.0,1
26.667124271392822,0.0,1
26.668149948120117,0.0,1
26.670260429382324,0.0,1
26.670260429382324,0.0,1
26.671267986297607,0.0,1
26.672220468521118,0.0,1
26.674229383468628,0.0,1
26.674229383468628,0.0,1
26.675336360931396,0.0,1
26.676363468170166,0.0,1
26.677351713180542,0.0,1
26.678354263305664,0.0,1
26.679351568222046,0.0,1
26.68035387992859,0.0,1
26.68135356903076,0.0,1
26.682352542877197,0.0,1
26.682352542877197,0.0,1
26.684653520584106,0.0,1
26.684653520584106,0.0,1
26.685670614242554,0.0,1
26.686647653579712,0.0,1
26.687925815582275,0.0,1
26.68901753425598,0.0,1
26.694443464279175,0.0,1
26.694443464279175,0.0,1
26.695362091064453,0.0,1
26.6963107585907,0.0,1
26.6963107585907,0.0,1
26.698789834976196,0.00026,1
26.698789834976196,0.00026,1
26.69981861114502,0.00069,1
26.700811624526978,0.00069,1
26.700811624526978,0.00069,1
26.701807737350464,0.00069,1
26.702839136123657,0.00069,1
26.702839136123657,0.00069,1
26.702839136123657,0.00069,1
26.708056688308716,0.00069,1
26.708056688308716,0.00069,1
26.708056688308716,0.00069,1
26.708056688308716,0.00069,1
26.709055185317993,0.00069,1
26.709055185317993,0.00069,1
26.70999526977539,0.00069,1
26.71137762069702,0.00069,1
26.712374925613403,0.00069,1
26.713388204574585,0.00069,1
26.714391231536865,0.00069,1
26.715386152267456,0.00069,1
26.716394186019897,0.00069,1
26.71739101409912,0.00069,1
26.718387365341187,0.00068,1
26.72039556503296,0.00068,1
26.72039556503296,0.00068,1
26.721394538879395,0.00068,1
26.722400665283203,0.00068,1
26.72325086593628,0.0,1
26.724409341812134,0.0,1
26.72525644302368,0.0,1
26.726264476776123,0.0,1
26.7272629737854,0.0,1
26.728307485580444,0.0,1
26.728307485580444,0.0,1
26.729565382003784,0.0,1
26.731119394302368,0.0,1
26.73213005065918,0.0,1
26.733128547668457,0.0,1
26.734156847000122,0.0,1
26.73515820503235,0.0,1
26.737623691558838,0.0,1
26.74053454399109,0.0,1
26.74154543876648,0.0,1
26.74154543876648,0.0,1
26.74154543876648,0.0,1
26.74154543876648,0.0,1
26.7425434589386,0.0,1
26.743682861328125,0.0,1
26.744858026504517,0.0,1
26.744858026504517,0.0,1
26.746975660324097,0.0,1
26.752633810043335,0.0,1
26.752633810043335,0.0,1
26.752633810043335,0.0,1
26.752633810043335,0.0,1
26.752633810043335,0.0,1
26.752633810043335,0.0,1
26.752633810043335,0.0,1
26.754262685775757,0.0,1
26.755090475082397,0.0,1
26.75615406036377,6e-05,1
26.757103443145752,6e-05,1
26.75814652442932,6e-05,1
26.759143352508545,6e-05,1
26.760151147842407,6e-05,1
26.761208057403564,6e-05,1
26.762194395065308,6e-05,1
26.763166427612305,6e-05,1
26.764206886291504,6e-05,1
26.76564884185791,6e-05,1
26.766672372817993,6e-05,1
26.7676739692688,6e-05,1
26.7676739692688,6e-05,1
26.77018690109253,6e-05,1
26.771228790283203,6e-05,1
26.771228790283203,6e-05,1
26.77224588394165,6e-05,1
26.773180723190308,6e-05,1
26.774223566055298,6e-05,1
26.775357961654663,0.0,1
26.776251792907715,0.0,1
26.777171850204468,0.0,1
26.778263807296753,0.0,1
26.778263807296753,0.0,1
26.77967119216919,0.0,1
26.780692100524902,0.0,1
26.78270125389099,0.0,1
26.78270125389099,0.0,1
26.78618359565735,0.0,1
26.7904953956604,0.0,1
26.792495727539062,0.0,1
26.792495727539062,0.0,1
26.792495727539062,0.0,1
26.79349374771118,0.0,1
26.79349374771118,0.0,1
26.79349374771118,0.0,1
26.794543981552124,0.0,1
26.794543981552124,0.0,1
26.794543981552124,0.0,1
26.794543981552124,0.0,1
26.79607319831848,0.0,1
26.797271251678467,0.0,1
26.8084979057312,0.0,1
26.8084979057312,0.0,1
26.809478759765625,0.00025,1
26.809478759765625,0.00025,1
26.809478759765625,0.00025,1
26.812007665634155,0.00025,1
26.812007665634155,0.00025,1
26.812007665634155,0.00025,1
26.813052654266357,0.00025,1
26.81399369239807,0.00025,1
26.81399369239807,0.00025,1
26.81399369239807,0.00025,1
26.81516695022583,0.00025,1
26.81516695022583,0.00025,1
26.816206455230713,0.00025,1
26.816206455230713,0.00025,1
26.8175950050354,0.00025,1
26.8175950050354,0.00025,1
26.8175950050354,0.00025,1
26.8175950050354,0.00025,1
26.8175950050354,0.00025,1
26.819228649139404,0.00025,1
26.820305109024048,7e-05,1
26.820305109024048,0.00011,1
26.82162594795227,0.00011,1
26.822645902633667,0.00011,1
26.823622703552246,0.00011,1
26.824660539627075,0.00011,1
26.825652599334717,0.00011,1
26.82665991783142,0.00011,1
26.827653169631958,0.00011,1
26.828679084777832,0.00011,1
26.8296537399292,0.00011,1
26.84153985977173,0.00011,1
26.84361457824707,0.00011,1
26.844659328460693,0.00011,1
26.847647666931152,0.00062,1
26.849674463272095,0.00062,1
26.850643634796143,0.00026,1
26.851637363433838,0.00026,1
26.851637363433838,0.00026,1
26.852648735046387,0.00026,1
26.853703022003174,0.00026,1
26.8569552898407,0.00026,1
26.8569552898407,0.00026,1
26.8569552898407,0.00026,1
26.85797643661499,0.00026,1
26.85797643661499,0.00026,1
26.85797643661499,0.00026,1
26.85797643661499,0.00026,1
26.85797643661499,0.00026,1
26.85797643661499,0.00026,1
26.858972311019897,0.00026,1
26.858972311019897,0.00026,1
26.858972311019897,0.00026,1
26.858972311019897,0.00026,1
26.858972311019897,0.00026,1
26.858972311019897,0.00026,1
26.858972311019897,0.00026,1
26.859999418258667,0.0,1
26.859999418258667,0.0,1
26.859999418258667,8e-05,1
26.859999418258667,8e-05,1
26.861006021499634,8e-05,1
26.862346649169922,8e-05,1
26.86324954032898,8e-05,1
26.864299058914185,8e-05,1
26.865308046340942,8e-05,1
26.86688804626465,8e-05,1
26.867916584014893,8e-05,1
26.867916584014893,8e-05,1
26.869998693466187,8e-05,1
26.869998693466187,0.00029,1
26.87191343307495,0.00029,1
26.87191343307495,0.00029,1
26.872931480407715,0.00029,1
26.87445569038391,0.00029,1
26.875558137893677,0.00029,1
26.876579523086548,0.00029,1
26.880582332611084,0.0,1
26.88160514831543,0.0,1
26.88257908821106,0.0,1
26.88357663154602,0.0,1
26.88357663154602,0.0,1
26.88492512702942,0.0,1
26.88589334487915,0.0,1
26.88589334487915,0.0,1
26.887328147888184,0.0,1
26.887328147888184,0.0,1
26.887328147888184,0.0,1
26.887328147888184,0.0,1
26.89188265800476,0.0,1
26.89188265800476,0.0,1
26.89188265800476,0.0,1
26.89188265800476,0.00056,1
26.893218278884888,0.0,1
26.894229412078857,0.00016,1
26.895318031311035,0.00016,1
26.896312713623047,0.00016,1
26.897331714630127,0.00016,1
26.89832615852356,0.00016,1
26.89932608604431,0.00016,1
26.900330543518066,0.00016,1
26.90132975578308,0.00016,1
26.90233087539673,0.00016,1
26.90330457687378,0.00016,1
26.903969049453735,0.00016,1
26.904995918273926,0.00016,1
26.905981302261353,0.00016,1
26.90702486038208,0.00016,1
26.907994508743286,0.00016,1
26.909029245376587,0.00016,1
26.910022497177124,0.00016,1
26.911046266555786,0.00016,1
26.912020206451416,0.00016,1
26.91302514076233,0.00016,1
26.914000749588013,0.00016,1
26.917052507400513,0.00013,1
26.917052507400513,0.00013,1
26.917052507400513,5e-05,1
26.919038772583008,5e-05,1
26.920008659362793,5e-05,1
26.920008659362793,5e-05,1
26.920992612838745,5e-05,1
26.928149700164795,5e-05,1
26.928149700164795,5e-05,1
26.9291775226593,5e-05,1
26.93050980567932,5e-05,1
26.93050980567932,5e-05,1
26.93050980567932,5e-05,1
26.93050980567932,0.0,1
26.931746006011963,0.0,1
26.932810068130493,0.0,1
26.932810068130493,0.0,1
26.932810068130493,0.0,1
26.933847665786743,0.0,1
26.933847665786743,0.00031,1
26.939311981201172,0.00031,1
26.939311981201172,0.00031,1
26.939311981201172,0.00031,1
26.939311981201172,0.00031,1
26.939311981201172,0.00031,1
26.94033980369568,0.00031,1
26.94125986099243,0.00031,1
26.94234585762024,0.00031,1
26.943366527557373,0.00031,1
26.94434928894043,0.00031,1
26.945358753204346,0.00031,1
26.946318864822388,0.00031,1
26.947367191314697,0.00031,1
26.948358297348022,0.00031,1
26.949360847473145,0.00031,1
26.95036029815674,0.00031,1
26.95136523246765,0.00031,1
26.952360153198242,0.00031,1
26.95335817337036,0.00031,1
26.954373121261597,0.00031,1
26.95535898208618,0.00031,1
26.95635986328125,0.00031,1
26.957358837127686,0.00031,1
26.958364725112915,0.0,1
26.959359407424927,0.0,1
26.960373878479004,0.0,1
26.96136498451233,0.0,1
26.96237874031067,0.0,1
26.963369846343994,0.0,1
26.9643874168396,0.0,1
26.9643874168396,0.0,1
26.965932846069336,0.0,1
26.967008352279663,0.0,1
26.968271732330322,0.0,1
26.969869136810303,0.0,1
26.97300124168396,0.0,1
26.97300124168396,0.0,1
26.97300124168396,1e-05,1
26.97300124168396,0.0,1
26.974263429641724,0.0,1
26.97532558441162,0.0,1
26.97633457183838,0.0,1
26.977367639541626,0.0,1
26.981488466262817,0.0,1
26.981488466262817,0.0,1
26.981488466262817,0.0,1
26.981488466262817,0.0,1
26.981488466262817,0.0,1
26.98354744911194,0.0,1
26.98354744911194,0.0,1
26.985206842422485,0.0,1
26.986242532730103,0.0,1
26.987306833267212,0.0,1
26.988828659057617,0.0,1
26.98933982849121,0.0,1
26.99035382270813,0.0,1
26.99035382270813,0.0,1
26.99227237701416,0.0,1
26.9932644367218,0.0,1
26.994304418563843,0.0,1
26.99526572227478,0.0,1
26.996302127838135,0.0,1
26.99731421470642,0.0,1
26.998308897018433,0.0,1
26.99931263923645,0.0,1
27.00379252433777,0.0,1
27.007777214050293,0.0,1
27.009605646133423,0.0,1
27.009605646133423,0.0,1
27.01064443588257,0.0,1
27.01064443588257,0.0,1
27.011622667312622,0.0,1
27.011622667312622,0.0,1
27.012619733810425,0.0,1
27.012619733810425,0.0,1
27.012619733810425,0.0,1
27.013620615005493,0.0,1
27.014622449874878,0.0,1
27.01575493812561,0.0,1
27.01575493812561,0.0,1
27.016764402389526,0.0,1
27.020752906799316,0.0,1
27.020752906799316,0.0,1
27.020752906799316,0.0,1
27.02174973487854,0.0,1
27.02174973487854,0.0,1
27.02174973487854,0.0,1
27.0223126411438,0.0,1
27.023261070251465,0.0,1
27.023261070251465,0.0,1
27.02450728416443,0.0,1
27.02554416656494,0.0,1
27.02726936340332,0.0,1
27.028279066085815,0.0,1
27.02930474281311,0.0,1
27.030277490615845,0.0,1
27.03127694129944,0.0,1
27.032707691192627,0.0,1
27.032707691192627,0.0,1
27.033703088760376,0.0,1
27.03470206260681,0.0,1
27.035701751708984,0.0,1
27.036701202392578,0.0,1
27.038130044937134,0.0,1
27.038130044937134,0.0,1
27.039515495300293,0.0,1
27.040533542633057,0.0,1
27.04153323173523,0.0,1
27.042530298233032,0.0,1
27.044361114501953,0.0,1
27.044866800308228,0.0,1
27.049349308013916,0.0,1
27.05586862564087,0.0,1
27.05586862564087,0.0,1
27.057234048843384,0.0,1
27.057234048843384,0.0,1
27.057234048843384,0.0,1
27.058279037475586,0.0,1
27.058279037475586,0.0,1
27.060333251953125,0.0001,1
27.060333251953125,0.0001,1
27.061343908309937,0.0001,1
27.061343908309937,0.0001,1
27.062426805496216,0.0001,1
27.063430309295654,0.0001,1
27.063430309295654,0.0,1
27.071434020996094,0.0,1
27.072635412216187,0.0,1
27.072635412216187,0.0,1
27.07365393638611,0.0,1
27.07365393638611,0.0,1
27.07365393638611,0.0,1
27.07365393638611,0.0,1
27.07365393638611,0.0,1
27.07365393638611,0.0,1
27.075170278549194,0.00028,1
27.075170278549194,0.00028,1
27.075170278549194,0.00028,1
27.0761878490448,0.00028,1
27.0761878490448,0.00028,1
27.0761878490448,0.00028,1
27.07718014717102,0.00028,1
27.07718014717102,0.00028,1
27.078232288360596,0.00028,1
27.079303979873657,0.00028,1
27.08047103881836,0.00028,1
27.081321716308594,0.00028,1
27.082313060760498,0.00028,1
27.083312511444092,0.00028,1
27.08436894416809,0.00028,1
27.08535146713257,0.00028,1
27.0863516330719,0.00028,1
27.087353706359863,0.00028,1
27.088351488113403,0.00028,1
27.089378833770752,0.00028,1
27.090362071990967,0.00046,1
27.091351747512817,0.00046,1
27.09235143661499,0.0,1
27.09335708618164,0.0,1
27.097357988357544,0.0,1
27.098360061645508,0.0,1
27.098360061645508,0.0,1
27.099369764328003,0.0,1
27.09980273246765,0.0,1
27.100822925567627,0.0,1
27.10184121131897,0.0,1
27.103256225585938,0.0,1
27.103256225585938,0.0,1
27.104305505752563,0.0,1
27.104305505752563,0.00021,1
27.105432271957397,0.00021,1
27.109101057052612,0.00021,1
27.109101057052612,0.00021,1
27.109101057052612,0.00021,1
27.109101057052612,0.00021,1
27.110153436660767,0.00021,1
27.11124587059021,7e-05,1
27.112319707870483,7e-05,1
27.11333417892456,7e-05,1
27.11333417892456,7e-05,1
27.11472773551941,7e-05,1
27.11573815345764,7e-05,1
27.11679244041443,7e-05,1
27.118288278579712,7e-05,1
27.118779182434082,7e-05,1
27.119808673858643,7e-05,1
27.12082290649414,7e-05,1
27.122288942337036,7e-05,1
27.12278985977173,7e-05,1
27.123798370361328,7e-05,1
27.124980211257935,7e-05,1
27.12595510482788,0.0,1
27.126978158950806,0.0,1
27.127936363220215,9e-05,1
27.1289803981781,9e-05,1
27.13099980354309,9e-05,1
27.13099980354309,9e-05,1
27.131937742233276,9e-05,1
27.134023666381836,9e-05,1
27.134023666381836,9e-05,1
27.135307788848877,9e-05,1
27.136330366134644,0.0,1
27.136330366134644,0.0,1
27.13761878013611,0.0,1
27.139137268066406,0.0,1
27.139647483825684,0.0,1
27.14125156402588,0.0,1
27.14162278175354,0.0,1
27.14325976371765,0.0,1
27.14359402656555,0.0,1
27.14462447166443,0.0,1
27.146666526794434,0.0,1
27.146666526794434,0.0,1
27.148011684417725,0.0,1
27.14907717704773,0.0,1
27.150441884994507,0.0,1
27.15145444869995,0.0,1
27.15145444869995,0.0,1
27.15410089492798,0.0,1
27.15673518180847,0.0,1
27.15673518180847,0.0,1
27.15673518180847,0.0,1
27.157793283462524,0.0,1
27.158308744430542,0.0,1
27.159323930740356,0.0,1
27.160326957702637,0.0,1
27.164435625076294,0.0,1
27.165430068969727,0.0,1
27.165430068969727,0.0,1
27.165430068969727,0.0,1
27.165430068969727,0.0,1
27.166430234909058,0.0,1
27.167431354522705,0.0,1
27.168429613113403,0.0,1
27.169427394866943,0.0,1
27.17042565345764,0.0,1
27.171438455581665,0.0,1
27.17225408554077,0.0,1
27.173261165618896,0.0,1
27.174432039260864,0.0,1
27.175271034240723,0.0,1
27.176260709762573,0.0,1
27.176260709762573,0.0,1
27.177481651306152,0.0,1
27.179481267929077,0.0,1
27.180485010147095,2e-05,1
27.18148183822632,2e-05,1
27.182485342025757,2e-05,1
27.18348789215088,2e-05,1
27.18469524383545,2e-05,1
27.186693906784058,2e-05,1
27.186693906784058,2e-05,1
27.187689781188965,2e-05,1
27.189696788787842,2e-05,1
27.190874338150024,2e-05,1
27.190874338150024,2e-05,1
27.190874338150024,2e-05,1
27.193247079849243,2e-05,1
27.193247079849243,2e-05,1
27.19428277015686,2e-05,1
27.195238828659058,2e-05,1
27.196243286132812,2e-05,1
27.19823932647705,2e-05,1
27.19823932647705,2e-05,1
27.199243783950806,2e-05,1
27.20423913002014,0.0,1
27.208805084228516,0.0,1
27.209826707839966,0.0,1
27.209826707839966,0.0,1
27.209826707839966,0.0,1
27.210821866989136,0.0,1
27.210821866989136,0.0,1
27.210821866989136,0.0,1
27.211820125579834,0.0,1
27.212820053100586,0.0,1
27.21400809288025,0.0,1
27.215139865875244,0.0,1
27.21725368499756,0.0,1
27.218469858169556,0.0,1
27.219489336013794,0.0,1
27.22715735435486,0.0,1
27.22715735435486,0.0,1
27.22715735435486,0.0,1
27.22715735435486,0.0,1
27.22715735435486,0.0,1
27.22715735435486,0.0,1
27.22715735435486,0.0,1
27.228394031524658,0.0,1
27.228394031524658,0.0,1
27.228394031524658,0.0,1
27.228394031524658,0.0,1
27.228394031524658,0.0,1
27.228394031524658,0.0,1
27.228394031524658,0.0,1
27.22939968109131,0.0,1
27.230387687683105,0.0,1
27.231550216674805,0.0,1
27.232439279556274,0.0,1
27.233318090438843,0.0,1
27.23435640335083,0.0,1
27.23532509803772,0.0,1
27.23633885383606,0.0,1
27.237324237823486,0.0,1
27.238332986831665,0.0,1
27.23932456970215,0.0,1
27.24032425880432,0.0,1
27.241324424743652,0.0,1
27.242326021194458,0.0,1
27.243324518203735,0.0,1
27.244322776794434,0.0,1
27.244322776794434,0.0,1
27.24567484855652,0.0,1
27.246686220169067,0.0,1
27.248205423355103,0.0,1
27.248205423355103,0.0,1
27.250719785690308,0.0,1
27.250719785690308,0.0,1
27.25172233581543,0.0,1
27.25274109840393,0.0,1
27.253726720809937,0.0,1
27.25522470474243,0.0,1
27.256234169006348,0.0,1
27.257234811782837,0.0,1
27.25823473930359,0.0,1
27.25945234298706,1e-05,1
27.260461568832397,1e-05,1
27.26146912574768,1e-05,1
27.262469053268433,1e-05,1
27.26673650741577,1e-05,1
27.26774024963379,1e-05,1
27.26774024963379,1e-05,1
27.269075870513916,1e-05,1
27.269075870513916,1e-05,1
27.27009391784668,1e-05,1
27.272101640701294,1e-05,1
27.273094654083252,1e-05,1
27.273094654083252,1e-05,1
27.274122953414917,0.0,1
27.274122953414917,0.0,1
27.274122953414917,0.0,1
27.274122953414917,0.0,1
27.278658151626587,0.0,1
27.278658151626587,0.0,1
27.278658151626587,0.0,1
27.279724836349487,0.0,1
27.279724836349487,0.0,1
27.280670642852783,1e-05,1
27.28266453742981,0.0,1
27.283681631088257,0.0,1
27.2846622467041,0.0,1
27.285699129104614,0.0,1
27.286685466766357,0.0,1
27.28766441345215,0.0,1
27.288708209991455,0.0,1
27.2896728515625,0.0,1
27.2896728515625,0.0,1
27.291674852371216,0.0,1
27.291674852371216,0.0,1
27.292662382125854,0.0,1
27.293660640716553,0.0,1
27.294812440872192,0.0,1
27.29578971862793,0.0,1
27.29779314994812,0.0,1
27.298224687576294,0.0,1
27.29926085472107,0.0,1
27.29926085472107,0.0,1
27.300684928894043,0.0,1
27.301694631576538,0.0,1
27.30294156074524,0.0,1
27.303940296173096,0.0,1
27.305289268493652,0.0,1
27.306297779083252,0.0,1
27.306297779083252,0.0,1
27.308574676513672,0.0,1
27.308574676513672,0.0,1
27.31751847267151,0.0,1
27.31751847267151,0.0,1
27.318740844726562,0.0,1
27.318740844726562,0.0,1
27.318740844726562,0.0,1
27.31980848312378,0.0,1
27.31980848312378,0.0,1
27.31980848312378,0.0,1
27.31980848312378,0.0,1
27.31980848312378,1e-05,1
27.321293354034424,1e-05,1
27.321293354034424,1e-05,1
27.32229471206665,1e-05,1
27.32632088661194,1e-05,1
27.32632088661194,1e-05,1
27.327728271484375,1e-05,1
27.327728271484375,1e-05,1
27.327728271484375,1e-05,1
27.327728271484375,1e-05,1
27.32936716079712,1e-05,1
27.330383777618408,1e-05,1
27.331375122070312,1e-05,1
27.33237934112549,1e-05,1
27.33338713645935,1e-05,1
27.334380626678467,1e-05,1
27.335376739501953,1e-05,1
27.33638024330139,1e-05,1
27.337377548217773,1e-05,1
27.338376998901367,1e-05,1
27.33939552307129,0.0,1
27.340409994125366,0.0,1
27.341760396957397,0.0,1
27.341760396957397,0.0,1
27.34275197982788,0.0,1
27.34375500679016,0.0,1
27.345231533050537,0.0,1
27.34624147415161,0.0,1
27.347272872924805,0.0,1
27.348253965377808,0.0,1
27.349241256713867,0.0,1
27.35020112991333,0.0,1
27.351223707199097,0.0,1
27.352233409881592,0.0,1
27.35350275039673,0.0,1
27.35350275039673,0.0,1
27.354861736297607,0.0,1
27.35951828956604,0.0,1
27.35951828956604,0.0,1
27.35951828956604,0.0,1
27.36091661453247,0.0,1
27.36091661453247,0.0,1
27.36091661453247,0.0,1
27.362118244171143,0.0,1
27.363523721694946,0.0,1
27.364548921585083,0.0,1
27.36852216720581,0.0,1
27.36852216720581,0.0,1
27.36852216720581,0.0,1
27.36852216720581,0.0,1
27.36852216720581,0.0,1
27.37054991722107,0.0,1
27.37054991722107,0.0,1
27.371861934661865,0.0,1
27.37278985977173,0.0,1
27.37399959564209,0.0,1
27.37399959564209,0.0,1
27.3755099773407,0.0,1
27.377636909484863,0.0,1
27.377636909484863,0.0,1
27.379274606704712,0.0,1
27.380289554595947,1e-05,1
27.381537675857544,1e-05,1
27.38259792327881,1e-05,1
27.384563446044922,1e-05,1
27.384563446044922,1e-05,1
27.38659930229187,1e-05,1
27.38659930229187,1e-05,1
27.38759756088257,1e-05,1
27.388553142547607,1e-05,1
27.389591693878174,1e-05,1
27.390268802642822,1e-05,1
27.392276763916016,1e-05,1
27.399864673614502,1e-05,1
27.399864673614502,1e-05,1
27.400840759277344,1e-05,1
27.400840759277344,1e-05,1
27.400840759277344,1e-05,1
27.401812314987183,1e-05,1
27.40717840194702,0.0,1
27.40717840194702,0.0,1
27.408183813095093,0.0,1
27.408183813095093,0.0,1
27.408183813095093,0.0,1
27.40917706489563,0.0,1
27.40917706489563,0.0,1
27.41017985343933,0.0,1
27.41555905342102,0.0,1
27.41555905342102,0.0,1
27.41555905342102,0.0,1
27.41555905342102,0.0,1
27.41657328605652,0.0,1
27.417553901672363,0.0,1
27.417553901672363,0.0,1
27.41857147216797,0.0,1
27.41857147216797,0.0,1
27.419941663742065,0.0,1
27.42177700996399,0.0,1
27.42280125617981,0.0,1
27.423064947128296,0.0,1
27.42422580718994,0.0,1
27.424782514572144,0.0,1
27.426225662231445,0.0,1
27.4272723197937,0.0,1
27.428247928619385,0.0,1
27.429274559020996,0.0,1
27.430235147476196,0.0,1
27.431278944015503,0.0,1
27.432270526885986,0.0,1
27.433275938034058,0.0,1
27.434247732162476,0.0,1
27.435286283493042,0.0,1
27.435286283493042,0.0,1
27.436480283737183,0.0,1
27.437474727630615,0.0,1
27.439476251602173,0.0,1
27.439476251602173,0.0,1
27.440478324890137,0.0,1
27.44147562980652,0.0,1
27.443331480026245,0.0,1
27.44423484802246,0.0,1
27.44423484802246,0.0,1
27.445565223693848,0.0,1
27.44824504852295,0.0,1
27.44824504852295,0.0,1
27.449208736419678,0.0,1
27.45197582244873,0.0,1
27.455516815185547,0.0,1
27.45603370666504,0.0,1
27.45603370666504,0.0,1
27.45654797554016,0.0,1
27.45654797554016,0.0,1
27.457624435424805,0.0,1
27.458206176757812,0.0,1
27.458206176757812,0.0,1
27.45977783203125,0.0,1
27.46034598350525,0.0,1
27.464704513549805,0.0,1
27.464704513549805,0.0,1
27.464704513549805,0.0,1
27.464704513549805,0.0,1
27.464704513549805,0.0,1
27.466232538223267,0.0,1
27.46727705001831,0.0,1
27.46829080581665,0.0,1
27.469309091567993,0.0,1
27.470387935638428,0.0,1
27.470387935638428,0.0,1
27.471967220306396,0.0,1
27.473235607147217,0.0,1
27.474257707595825,0.0,1
27.475234985351562,0.0,1
27.476096630096436,1e-05,1
27.477249145507812,1e-05,1
27.478312015533447,1e-05,1
27.47926378250122,1e-05,1
27.48032855987549,1e-05,1
27.48128628730774,1e-05,1
27.482608556747437,2e-05,1
27.483609914779663,2e-05,1
27.483609914779663,2e-05,1
27.486793041229248,2e-05,1
27.486793041229248,2e-05,1
27.487800121307373,2e-05,1
27.48878526687622,2e-05,1
27.489789724349976,2e-05,1
27.490783214569092,2e-05,1
27.491796493530273,2e-05,1
27.492247343063354,2e-05,1
27.493321895599365,2e-05,1
27.494348764419556,2e-05,1
27.495373487472534,2e-05,1
27.49636459350586,2e-05,1
27.49760413169861,2e-05,1
27.502922534942627,0.0,1
27.502922534942627,0.0,1
27.504292488098145,0.0,1
27.504292488098145,0.0,1
27.504292488098145,0.0,1
27.50532579421997,0.0,1
27.50532579421997,0.0,1
27.50532579421997,0.0,1
27.50659704208374,0.0,1
27.507595777511597,0.0,1
27.50862693786621,0.0,1
27.516772031784058,0.0,1
27.516772031784058,0.0,1
27.516772031784058,0.0,1
27.516772031784058,0.0,1
27.517799139022827,0.0,1
27.517799139022827,0.0,1
27.517799139022827,0.0,1
27.517799139022827,0.0,1
27.517799139022827,0.0,1
27.517799139022827,0.0,1
27.518762588500977,0.0,1
27.52027440071106,0.0,1
27.52132248878479,0.0,1
27.52132248878479,0.0,1
27.52253794670105,0.0,1
27.523504495620728,0.0,1
27.524513244628906,0.0,1
27.52550435066223,0.0,1
27.526532888412476,0.0,1
27.527504682540894,0.0,1
27.529523134231567,0.0,1
27.530519247055054,0.0,1
27.530519247055054,0.0,1
27.532566785812378,0.0,1
27.533536434173584,0.0,1
27.533536434173584,0.0,1
27.535537242889404,0.0,1
27.535537242889404,0.0,1
27.537527084350586,0.0,1
27.538511753082275,0.0,1
27.539894819259644,0.0,1
27.54022789001465,0.0,1
27.54124164581299,0.0,1
27.542258977890015,0.0,1
27.543272972106934,0.0,1
27.544271230697632,0.0,1
27.545269012451172,0.0,1
27.54627013206482,0.0,1
27.5476496219635,0.0,1
27.5476496219635,0.0,1
27.54976725578308,0.0,1
27.54976725578308,0.0,1
27.550735473632812,0.0,1
27.551714181900024,0.0,1
27.55271339416504,0.0,1
27.553712844848633,0.0,1
27.554893970489502,0.0,1
27.55593252182007,0.0,1
27.556975841522217,0.0,1
27.557979345321655,0.0,1
27.559032440185547,0.0,1
27.561442852020264,0.0,1
27.563964366912842,0.0,1
27.564961194992065,0.0,1
27.564961194992065,0.0,1
27.564961194992065,0.0,1
27.564961194992065,0.0,1
27.565940618515015,0.0,1
27.567257165908813,0.0,1
27.568272590637207,0.0,1
27.5745530128479,0.0,1
27.5745530128479,0.0,1
27.5745530128479,0.0,1
27.5745530128479,0.0,1
27.5745530128479,0.0,1
27.5745530128479,0.0,1
27.575555562973022,0.0,1
27.575555562973022,0.0,1
27.57698631286621,0.0,1
27.578037977218628,0.0,1
27.579078197479248,0.0,1
27.580091953277588,0.0,1
27.58108687400818,0.0,1
27.5821053981781,0.0,1
27.58360242843628,0.0,1
27.58479070663452,0.0,1
27.58579707145691,0.0,1
27.586766242980957,0.0,1
27.58779549598694,0.0,1
27.588778972625732,0.0,1
27.589771032333374,0.0,1
27.589771032333374,0.0,1
27.59212303161621,0.0,1
27.59212303161621,0.0,1
27.59313201904297,0.0,1
27.59414505958557,0.0,1
27.595139265060425,0.0,1
27.596146821975708,0.0,1
27.597132205963135,0.0,1
27.598235368728638,0.0,1
27.599073886871338,0.0,1
27.600817680358887,0.0,1
27.600817680358887,0.0,1
27.601866006851196,0.0,1
27.602867126464844,0.0,1
27.603864192962646,0.0,1
27.604870557785034,0.0,1
27.605895042419434,0.0,1
27.610249519348145,0.0,1
27.611252069473267,0.0,1
27.611252069473267,0.0,1
27.611252069473267,0.0,1
27.6122567653656,0.0,1
27.614292860031128,0.0,1
27.614292860031128,0.0,1
27.615779161453247,0.0,1
27.618885040283203,0.0,1
27.619895935058594,0.0,1
27.62647008895874,0.0,1
27.62647008895874,0.0,1
27.627645015716553,0.0,1
27.627645015716553,0.0,1
27.627645015716553,0.0,1
27.627645015716553,0.0,1
27.627645015716553,0.0,1
27.627645015716553,0.0,1
27.627645015716553,0.0,1
27.627645015716553,0.0,1
27.627645015716553,0.0,1
27.627645015716553,0.0,1
27.62970995903015,0.0,1
27.62970995903015,0.0,1
27.63124942779541,0.0,1
27.63223910331726,0.0,1
27.633275508880615,0.0,1
27.63427424430847,0.0,1
27.63527798652649,0.0,1
27.63627791404724,0.0,1
27.6373131275177,0.0,1
27.638274431228638,0.0,1
27.639276027679443,0.0,1
27.64028000831604,0.0,1
27.64127779006958,0.0,1
27.642278909683228,0.0,1
27.643275499343872,0.0,1
27.644275665283203,0.0,1
27.645275354385376,0.0,1
27.64627695083618,0.0,1
27.647277355194092,0.0,1
27.649299383163452,0.0,1
27.649299383163452,0.0,1
27.65027952194214,0.0,1
27.65233826637268,0.0,1
27.65233826637268,0.0,1
27.65328860282898,0.0,1
27.655288696289062,0.0,1
27.655288696289062,0.0,1
27.65623164176941,0.0,1
27.657487869262695,0.0,1
27.657978057861328,0.0,1
27.659017324447632,0.0,1
27.659989595413208,0.0,1
27.66099739074707,0.0,1
27.661997079849243,0.0,1
27.66299557685852,0.0,1
27.66409206390381,0.0,1
27.665170907974243,0.0,1
27.666211128234863,0.0,1
27.66717219352722,0.0,1
27.668211221694946,0.0,1
27.66928219795227,0.0,1
27.6702721118927,0.0,1
27.674575567245483,0.0,1
27.67557692527771,0.0,1
27.67557692527771,0.0,1
27.67557692527771,1e-05,1
27.67705249786377,0.0,1
27.67705249786377,0.0,1
27.67705249786377,0.0,1
27.678353309631348,0.0,1
27.68057370185852,0.0,1
27.68057370185852,0.0,1
27.68160104751587,0.0,1
27.682594060897827,0.0,1
27.687127351760864,0.0,1
27.687127351760864,0.0,1
27.687127351760864,0.0,1
27.687127351760864,0.0,1
27.687127351760864,0.0,1
27.688225269317627,0.0,1
27.689241886138916,0.0,1
27.690304279327393,0.0,1
27.690304279327393,0.0,1
27.69148850440979,0.0,1
27.69248080253601,0.0,1
27.69351077079773,0.0,1
27.694493055343628,0.0,1
27.696503162384033,0.0,1
27.696503162384033,0.0,1
27.69855570793152,0.0,1
27.699554443359375,0.0,1
27.700515031814575,0.0,1
27.701512575149536,0.0,1
27.70253324508667,0.0,1
27.70352268218994,0.0,1
27.70453143119812,0.0,1
27.705565690994263,0.0,1
27.706501245498657,0.0,1
27.706501245498657,0.0,1
27.707977771759033,0.0,1
27.709253072738647,0.0,1
27.71024203300476,0.0,1
27.71126675605774,0.0,1
27.7122802734375,0.0,1
27.71327567100525,0.0,1
27.714290380477905,0.0,1
27.715275287628174,0.0,1
27.71630620956421,0.0,1
27.71727728843689,0.0,1
27.721687078475952,0.0,1
27.72268795967102,0.0,1
27.72268795967102,0.0,1
27.72268795967102,0.0,1
27.723670721054077,0.0,1
27.723670721054077,0.0,1
27.724664449691772,0.0,1
27.724664449691772,0.0,1
27.72566533088684,0.0,1
27.72666096687317,0.0,1
27.73614811897278,0.0,1
27.73614811897278,0.0,1
27.73614811897278,0.0,1
27.737138271331787,0.0,1
27.737138271331787,0.0,1
27.737138271331787,0.0,1
27.737138271331787,0.0,1
27.737138271331787,0.0,1
27.73816204071045,0.0,1
27.73816204071045,0.0,1
27.73816204071045,0.0,1
27.739068508148193,0.0,1
27.740240335464478,0.0,1
27.741719722747803,0.0,1
27.741719722747803,0.0,1
27.743226528167725,0.0,1
27.743881464004517,0.0,1
27.745040893554688,0.0,1
27.746077299118042,0.0,1
27.747076749801636,0.0,1
27.748575448989868,0.0,1
27.7495756149292,0.0,1
27.750550270080566,0.0,1
27.751560926437378,0.0,1
27.752814531326294,0.0,1
27.752814531326294,0.0,1
27.75378918647766,0.0,1
27.755024909973145,0.0,1
27.756205081939697,1e-05,1
27.757237434387207,1e-05,1
27.758298873901367,1e-05,1
27.759241104125977,1e-05,1
27.760279178619385,1e-05,1
27.761527061462402,1e-05,1
27.761527061462402,1e-05,1
27.76399803161621,1e-05,1
27.76399803161621,1e-05,1
27.765000581741333,1e-05,1
27.766995191574097,1e-05,1
27.766995191574097,1e-05,1
27.76799964904785,0.0,1
27.768996953964233,0.0,1
27.770103693008423,0.0,1
27.771153688430786,0.0,1
27.772204160690308,0.0,1
27.77317523956299,0.0,1
27.774332284927368,1e-05,1
27.774332284927368,1e-05,1
27.775842666625977,1e-05,1
27.776856422424316,1e-05,1
27.784960508346558,1e-05,1
27.7859046459198,1e-05,1
27.788158178329468,1e-05,1
27.788158178329468,1e-05,1
27.78965449333191,1e-05,1
27.790950059890747,1e-05,1
27.790950059890747,1e-05,1
27.79219341278076,1e-05,1
27.793222188949585,1e-05,1
27.793222188949585,1e-05,1
27.79448628425598,1e-05,1
27.79448628425598,1e-05,1
27.79549479484558,1e-05,1
27.79549479484558,0.0,1
27.79549479484558,0.0,1
27.796488761901855,0.0,1
27.799489498138428,0.0,1
27.800487995147705,0.0,1
27.800487995147705,0.0,1
27.800487995147705,0.0,1
27.800487995147705,0.0,1
27.800487995147705,0.0,1
27.800487995147705,0.0,1
27.800487995147705,0.0,1
27.801496744155884,0.0,1
27.80261468887329,0.0,1
27.803638219833374,0.0,1
27.804659128189087,0.0,1
27.805633783340454,0.0,1
27.806646585464478,0.0,1
27.808635234832764,0.0,1
27.808635234832764,0.0,1
27.810256481170654,0.0,1
27.810938358306885,0.0,1
27.81199336051941,0.0,1
27.812982320785522,0.0,1
27.813952922821045,0.0,1
27.81601905822754,0.0,1
27.816992044448853,0.0,1
27.816992044448853,0.0,1
27.818004846572876,0.0,1
27.818952322006226,0.0,1
27.820048093795776,0.0,1
27.82203459739685,0.0,1
27.8230619430542,0.0,1
27.8230619430542,0.0,1
27.82492446899414,0.0,1
27.82492446899414,0.0,1
27.826945304870605,1e-05,1
27.826945304870605,1e-05,1
27.828428268432617,1e-05,1
27.82940912246704,1e-05,1
27.830840349197388,1e-05,1
27.830840349197388,1e-05,1
27.83178949356079,1e-05,1
27.833821058273315,1e-05,1
27.833821058273315,0.0,1
27.83479332923889,0.0,1
27.83622646331787,0.0,1
27.83709406852722,0.0,1
27.838156700134277,0.0,1
27.83915615081787,0.0,1
27.840157747268677,0.0,1
27.841492176055908,0.0,1
27.8444983959198,0.0,1
27.8444983959198,0.0,1
27.845507860183716,0.0,1
27.845507860183716,0.0,1
27.846495151519775,0.0,1
27.84953236579895,0.0,1
27.850587606430054,0.0,1
27.852524995803833,0.0,1
27.8535258769989,2e-05,1
27.854849815368652,2e-05,1
27.86156916618347,2e-05,1
27.86156916618347,2e-05,1
27.86156916618347,2e-05,1
27.862608671188354,2e-05,1
27.862608671188354,2e-05,1
27.863582134246826,2e-05,1
27.863582134246826,2e-05,1
27.863582134246826,2e-05,1
27.86457061767578,2e-05,1
27.86457061767578,2e-05,1
27.86457061767578,2e-05,1
27.86457061767578,2e-05,1
27.86457061767578,2e-05,1
27.865581035614014,2e-05,1
27.866573333740234,2e-05,1
27.867576599121094,2e-05,1
27.868093967437744,2e-05,1
27.869117736816406,2e-05,1
27.87027931213379,2e-05,1
27.871289014816284,0.0,1
27.872328758239746,0.0,1
27.872328758239746,1e-05,1
27.87358331680298,0.0,1
27.874582290649414,0.0,1
27.876110315322876,0.0,1
27.877196311950684,0.0,1
27.878207206726074,0.0,1
27.879176139831543,0.0,1
27.880176782608032,0.0,1
27.882298707962036,0.0,1
27.882298707962036,0.0,1
27.88315463066101,0.0,1
27.884268283843994,0.0,1
27.885154247283936,0.0,1
27.88648271560669,0.0,1
27.88648271560669,0.0,1
27.88894271850586,0.0,1
27.88894271850586,0.0,1
27.8899245262146,0.0,1
27.890905380249023,0.0,1
27.89189577102661,0.0,1
27.8928964138031,0.0,1
27.893894910812378,0.0,1
27.89522433280945,0.0,1
27.89622950553894,0.0,1
27.89724111557007,0.0,1
27.898284196853638,0.0,1
27.899275541305542,0.0,1
27.900277137756348,0.0,1
27.9012770652771,0.0,1
27.90360140800476,0.0,1
27.90686345100403,0.0,1
27.90686345100403,0.0,1
27.90686345100403,0.0,1
27.907843112945557,0.0,1
27.907843112945557,1e-05,1
27.908844709396362,1e-05,1
27.910855054855347,1e-05,1
27.910855054855347,1e-05,1
27.911861419677734,1e-05,1
27.914842128753662,1e-05,1
27.91584300994873,1e-05,1
27.91584300994873,1e-05,1
27.91584300994873,1e-05,1
27.91584300994873,1e-05,1
27.916840314865112,1e-05,1
27.917864322662354,1e-05,1
27.918846130371094,1e-05,1
27.919845819473267,1e-05,1
27.92084574699402,1e-05,1
27.921860456466675,1e-05,1
27.92284059524536,1e-05,1
27.923915147781372,1e-05,1
27.92529320716858,1e-05,1
27.926265239715576,1e-05,1
27.927233457565308,0.0,1
27.9282705783844,0.0,1
27.929315090179443,0.0,1
27.930274486541748,0.0,1
27.931271076202393,0.0,1
27.932281732559204,0.0,1
27.93327260017395,0.0,1
27.93427014350891,0.0,1
27.935279607772827,0.0,1
27.935279607772827,0.0,1
27.937657594680786,0.0,1
27.938786268234253,0.0,1
27.93976879119873,0.0,1
27.93976879119873,0.0,1
27.941937685012817,0.0,1
27.941937685012817,0.0,1
27.942843675613403,0.0,1
27.944310903549194,0.0,1
27.945292234420776,0.0,1
27.946311473846436,0.0,1
27.947338342666626,0.0,1
27.948337078094482,0.0,1
27.950339555740356,0.0,1
27.950339555740356,0.0,1
27.954678297042847,0.0,1
27.955668449401855,0.0,1
27.956672430038452,0.0,1
27.956672430038452,0.0,1
27.957672595977783,0.0,1
27.957672595977783,0.0,1
27.95867919921875,0.0,1
27.95867919921875,0.0,1
27.959605932235718,0.0,1
27.96060800552368,0.0,1
27.96060800552368,0.0,1
27.964626789093018,0.0,1
27.964626789093018,0.0,1
27.964626789093018,0.0,1
27.964626789093018,0.0,1
27.965851306915283,0.0,1
27.96690082550049,0.0,1
27.967944145202637,0.0,1
27.96929430961609,0.0,1
27.96929430961609,0.0,1
27.97070574760437,0.0,1
27.971787691116333,0.0,1
27.972720861434937,0.0,1
27.973803520202637,0.0,1
27.97472095489502,0.0,1
27.97629451751709,0.0,1
27.97730565071106,0.0,1
27.97830319404602,0.0,1
27.979403257369995,0.0,1
27.980308532714844,0.0,1
27.980308532714844,0.0,1
27.981809377670288,0.0,1
27.982929706573486,0.0,1
27.983928442001343,0.0,1
27.98492741584778,0.0,1
27.98592758178711,0.0,1
27.98692560195923,0.0,1
27.98794412612915,0.0,1
27.988925457000732,0.0,1
27.989929676055908,0.0,1
27.99092411994934,0.0,1
27.99192786216736,0.0,1
27.992923498153687,0.0,1
27.993928909301758,0.0,1
27.99492383003235,0.0,1
28.002588510513306,0.0,1
28.003098487854004,0.0,1
28.004108667373657,0.0,1
28.004108667373657,0.0,1
28.004108667373657,0.0,1
28.005229473114014,0.0,1
28.006258964538574,0.0,1
28.006258964538574,0.0,1
28.00732159614563,0.0,1
28.00732159614563,0.0,1
28.00732159614563,0.0,1
28.00732159614563,0.0,1
28.00833296775818,0.0,1
28.013649463653564,0.0,1
28.013649463653564,0.0,1
28.013649463653564,0.0,1
28.013649463653564,0.0,1
28.013649463653564,0.0,1
28.014225959777832,0.0,1
28.014782428741455,0.0,1
28.015873432159424,0.0,1
28.017236709594727,0.0,1
28.018296003341675,0.0,1
28.01944136619568,0.0,1
28.02050232887268,0.0,1
28.021538734436035,0.0,1
28.021538734436035,0.0,1
28.023289442062378,0.0,1
28.024287939071655,0.0,1
28.025283336639404,0.0,1
28.026302576065063,0.0,1
28.02729320526123,0.0,1
28.028274536132812,0.0,1
28.029431581497192,0.0,1
28.030298709869385,0.0,1
28.03133273124695,0.0,1
28.032307624816895,0.0,1
28.03329610824585,0.0,1
28.03430986404419,0.0,1
28.035303592681885,0.0,1
28.036298513412476,0.0,1
28.03730583190918,0.0,1
28.038299322128296,0.0,1
28.03932762145996,0.0,1
28.04029154777527,0.0,1
28.041314601898193,0.0,1
28.042314529418945,0.0,1
28.049885749816895,0.0,1
28.051873922348022,0.0,1
28.052894115447998,0.0,1
28.053942680358887,0.0,1
28.053942680358887,0.0,1
28.053942680358887,0.0,1
28.053942680358887,0.0,1
28.054872751235962,0.0,1
28.054872751235962,0.0,1
28.05597424507141,0.0,1
28.05597424507141,0.0,1
28.05706548690796,0.0,1
28.059407234191895,0.0,1
28.060957670211792,0.0,1
28.060957670211792,0.0,1
28.060957670211792,0.0,1
28.060957670211792,0.0,1
28.060957670211792,0.0,1
28.060957670211792,0.0,1
28.061988592147827,0.0,1
28.063016653060913,0.0,1
28.064012050628662,0.0,1
28.066047191619873,0.0,1
28.066047191619873,0.0,1
28.068036794662476,0.0,1
28.069016933441162,0.0,1
28.069016933441162,0.0,1
28.071027040481567,0.0,1
28.072025537490845,0.0,1
28.072025537490845,0.0,1
28.07402777671814,0.0,1
28.07502794265747,0.0,1
28.07502794265747,0.0,1
28.07502794265747,0.0,1
28.077634811401367,0.0,1
28.077634811401367,0.0,1
28.079723834991455,0.0,1
28.080702543258667,0.0,1
28.081312656402588,0.0,1
28.082330465316772,0.0,1
28.083345413208008,0.0,1
28.084330081939697,0.0,1
28.085328340530396,0.0,1
28.08632469177246,0.0,1
28.08734703063965,0.0,1
28.08861804008484,0.0,1
28.091553688049316,0.0,1
28.091553688049316,0.0,1
28.091553688049316,0.0,1
28.09257411956787,0.0,1
28.093899965286255,0.0,1
28.093899965286255,0.0,1
28.095287561416626,0.0,1
28.09646487236023,0.0,1
28.097485542297363,0.0,1
28.09847068786621,0.0,1
28.09946084022522,0.0,1
28.10745930671692,0.0,1
28.10745930671692,0.0,1
28.108464241027832,0.0,1
28.108464241027832,0.0,1
28.108464241027832,0.0,1
28.108464241027832,0.0,1
28.108464241027832,0.0,1
28.108464241027832,0.0,1
28.109453916549683,0.0,1
28.109453916549683,0.0,1
28.110453844070435,0.0,1
28.111464977264404,0.0,1
28.112508058547974,0.0,1
28.11321783065796,0.0,1
28.114337682724,0.0,1
28.114337682724,0.0,1
28.11629295349121,0.0,1
28.117462158203125,0.0,1
28.117462158203125,0.0,1
28.11897087097168,0.0,1
28.120002508163452,0.0,1
28.12152624130249,0.0,1
28.122432470321655,0.0,1
28.123446464538574,0.0,1
28.124439477920532,0.0,1
28.125438928604126,0.0,1
28.126439332962036,0.0,1
28.127440929412842,0.0,1
28.128448247909546,0.0,1
28.129448175430298,0.0,1
28.130476236343384,0.0,1
28.132447242736816,0.0,1
28.132447242736816,0.0,1
28.134454488754272,0.0,1
28.134454488754272,0.0,1
28.135433197021484,0.0,1
28.139468908309937,0.0,1
28.143460750579834,0.0,1
28.144431829452515,0.0,1
28.145432949066162,0.0,1
28.146487951278687,0.0,1
28.146487951278687,0.0,1
28.146487951278687,0.0,1
28.147655963897705,0.0,1
28.147655963897705,0.0,1
28.147655963897705,0.0,1
28.14870524406433,0.0,1
28.14870524406433,0.0,1
28.14870524406433,0.0,1
28.149680376052856,0.0,1
28.151851415634155,0.0,1
28.153090953826904,0.0,1
28.153090953826904,0.0,1
28.153090953826904,0.0,1
28.154276132583618,0.0,1
28.15533423423767,0.0,1
28.15623450279236,0.0,1
28.157278060913086,0.0,1
28.158275365829468,0.0,1
28.158275365829468,0.0,1
28.159548044204712,1e-05,1
28.16156005859375,1e-05,1
28.16263771057129,0.0,1
28.16365623474121,0.0,1
28.16365623474121,0.0,1
28.164698839187622,0.0,1
28.16573429107666,0.0,1
28.166967391967773,0.0,1
28.168011903762817,0.0,1
28.169010162353516,0.0,1
28.170013427734375,0.0,1
28.17103624343872,0.0,1
28.17224144935608,0.0,1
28.172568321228027,0.0,1
28.173582315444946,0.0,1
28.1746826171875,0.0,1
28.17571520805359,0.0,1
28.176716804504395,0.0,1
28.17807650566101,0.0,1
28.179059743881226,0.0,1
28.180039405822754,0.0,1
28.1830313205719,0.0,1
28.187029361724854,0.0,1
28.18802762031555,0.0,1
28.18802762031555,0.0,1
28.18903684616089,0.0,1
28.190199851989746,0.0,1
28.190199851989746,0.0,1
28.190199851989746,0.0,1
28.191201210021973,0.0,1
28.191201210021973,0.0,1
28.192208766937256,0.0,1
28.193241357803345,0.0,1
28.19443440437317,0.0,1
28.19443440437317,0.0,1
28.195582151412964,0.0,1
28.19678282737732,1e-05,1
28.207066535949707,0.0,1
28.207066535949707,0.0,1
28.207066535949707,0.0,1
28.207066535949707,0.0,1
28.208045482635498,0.0,1
28.208045482635498,0.0,1
28.208045482635498,0.0,1
28.208045482635498,0.0,1
28.208045482635498,0.0,1
28.208045482635498,0.0,1
28.209075927734375,0.0,1
28.209075927734375,0.0,1
28.209075927734375,0.0,1
28.21020007133484,0.0,1
28.21131730079651,0.0,1
28.21131730079651,0.0,1
28.212647438049316,0.0,1
28.214142322540283,0.0,1
28.215299129486084,0.0,1
28.21735167503357,0.0,1
28.21735167503357,0.0,1
28.21832847595215,0.0,1
28.219331979751587,0.0,1
28.22026228904724,0.0,1
28.22121787071228,0.0,1
28.222288370132446,0.0,1
28.223308563232422,0.0,1
28.22419810295105,0.0,1
28.225250482559204,0.0,1
28.22627305984497,0.0,1
28.227259635925293,0.0,1
28.228276252746582,0.0,1
28.229286432266235,0.0,1
28.23023557662964,0.0,1
28.23023557662964,0.0,1
28.232239723205566,0.0,1
28.23329472541809,0.0,1
28.234285354614258,0.0,1
28.235347032546997,0.0,1
28.236348152160645,0.0,1
28.237346649169922,0.0,1
28.238352298736572,0.0,1
28.239359617233276,0.0,1
28.24036455154419,0.0,1
28.24135184288025,0.0,1
28.242363691329956,0.0,1
28.243350982666016,0.0,1
28.244831323623657,0.0,1
28.24779748916626,0.0,1
28.24779748916626,0.0,1
28.248804807662964,0.0,1
28.248804807662964,0.0,1
28.248804807662964,0.0,1
28.250845432281494,0.0,1
28.250845432281494,0.0,1
28.254802465438843,0.0,1
28.254802465438843,0.0,1
28.25582790374756,0.0,1
28.25582790374756,1e-05,1
28.25625205039978,1e-05,1
28.25734806060791,1e-05,1
28.25836753845215,1e-05,1
28.25836753845215,1e-05,1
28.2595374584198,1e-05,1
28.260536432266235,1e-05,1
28.262542486190796,1e-05,1
28.263675451278687,1e-05,1
28.263675451278687,1e-05,1
28.264974355697632,1e-05,1
28.26602053642273,1e-05,1
28.266974687576294,1e-05,1
28.2680184841156,1e-05,1
28.269020318984985,1e-05,1
28.269020318984985,1e-05,1
28.27149486541748,1e-05,1
28.27149486541748,1e-05,1
28.272565603256226,1e-05,1
28.274266481399536,1e-05,1
28.275303602218628,0.0,1
28.275303602218628,0.0,1
28.27681303024292,0.0,1
28.27782154083252,0.0,1
28.278831481933594,0.0,1
28.280851364135742,0.0,1
28.280851364135742,0.0,1
28.282873392105103,0.0,1
28.283845901489258,0.0,1
28.284871101379395,0.0,1
28.284871101379395,0.0,1
28.28584384918213,0.0,1
28.286892652511597,0.0,1
28.28783869743347,0.0,1
28.289843797683716,0.0,1
28.289843797683716,0.0,1
28.295302391052246,0.0,1
28.295302391052246,0.0,1
28.295302391052246,0.0,1
28.296308517456055,0.0,1
28.296308517456055,0.0,1
28.29833221435547,0.0,1
28.301371812820435,0.0,1
28.303309440612793,0.0,1
28.303309440612793,0.0,1
28.304306983947754,0.0,1
28.304306983947754,0.0,1
28.30630588531494,0.0,1
28.307304620742798,0.0,1
28.308308124542236,0.0,1
28.315314054489136,0.0,1
28.316304683685303,0.0,1
28.316304683685303,0.0,1
28.316304683685303,0.0,1
28.316304683685303,0.0,1
28.316304683685303,0.0,1
28.316304683685303,0.0,1
28.316304683685303,0.0,1
28.316304683685303,0.0,1
28.316304683685303,0.0,1
28.316304683685303,0.0,1
28.31734848022461,0.0,1
28.31734848022461,0.0,1
28.31834363937378,0.0,1
28.319239139556885,0.0,1
28.320316553115845,0.0,1
28.321285247802734,0.0,1
28.32228446006775,0.0,1
28.323288917541504,0.0,1
28.324285984039307,0.0,1
28.325264930725098,0.0,1
28.32623863220215,0.0,1
28.32728385925293,0.0,1
28.32827591896057,0.0,1
28.329283237457275,0.0,1
28.329283237457275,0.0,1
28.33077335357666,0.0,1
28.33301281929016,0.0,1
28.33301281929016,0.0,1
28.335089921951294,0.0,1
28.335089921951294,0.0,1
28.336579084396362,0.0,1
28.33758044242859,0.0,1
28.338606595993042,0.0,1
28.339582204818726,0.0,1
28.3405921459198,0.0,1
28.34158682823181,0.0,1
28.34158682823181,5e-05,1
28.34341049194336,0.00022,1
28.344303846359253,0.00022,1
28.344303846359253,0.00022,1
28.34663438796997,0.00022,1
28.347636222839355,0.00022,1
28.34876799583435,0.00022,1
28.349632501602173,0.00022,1
28.349632501602173,0.00022,1
28.35082745552063,0.00022,1
28.35181736946106,0.00022,1
28.35710859298706,0.00022,1
28.35810399055481,0.00022,1
28.35917854309082,0.00022,1
28.35917854309082,0.00022,1
28.360177516937256,0.00022,1
28.361206531524658,0.00022,1
28.362690210342407,0.00022,1
28.36370539665222,0.00022,1
28.36370539665222,0.00022,1
28.364687204360962,0.00022,1
28.365686178207397,0.00022,1
28.369686126708984,0.00022,1
28.369686126708984,0.00013,1
28.369686126708984,0.0,1
28.369686126708984,0.0,1
28.369686126708984,0.0,1
28.37068486213684,0.0,1
28.37068486213684,0.0,1
28.37068486213684,0.0,1
28.3721981048584,0.0,1
28.37323546409607,0.0,1
28.37323546409607,0.0,1
28.374512910842896,0.0,1
28.375489950180054,0.0,1
28.37704348564148,0.0,1
28.378066539764404,0.0,1
28.379106760025024,0.0,1
28.380052089691162,0.0,1
28.381052255630493,0.0,1
28.382108211517334,0.0,1
28.383052110671997,0.0,1
28.38409972190857,0.0,1
28.38409972190857,0.0,1
28.385478496551514,0.0,1
28.38748002052307,0.0,1
28.388479948043823,0.0,1
28.388479948043823,0.0,1
28.390310525894165,0.0,1
28.39128589630127,0.0,1
28.39229154586792,0.0,1
28.393290758132935,0.0,1
28.394290924072266,0.0,1
28.39529848098755,0.00046,1
28.397321462631226,0.00046,1
28.397321462631226,0.00046,1
28.398263216018677,0.00046,1
28.401006937026978,0.00046,1
28.404377937316895,0.00046,1
28.40540051460266,0.00019,1
28.40540051460266,0.0,1
28.406416177749634,0.0,1
28.406416177749634,0.0,1
28.406416177749634,0.0,1
28.406416177749634,0.0,1
28.407428741455078,0.0,1
28.40843677520752,0.0,1
28.40843677520752,0.0,1
28.40992498397827,0.0,1
28.413898229599,0.0,1
28.413898229599,0.0,1
28.413898229599,0.0,1
28.413898229599,0.0,1
28.415018320083618,0.0,1
28.416159629821777,0.0,1
28.417200088500977,0.0,1
28.418270111083984,0.0,1
28.419357776641846,0.0,1
28.420363903045654,0.0,1
28.420363903045654,0.0,1
28.421427726745605,0.0,1
28.423226594924927,0.0,1
28.424206018447876,9e-05,1
28.424601078033447,9e-05,1
28.42561650276184,9e-05,1
28.426679611206055,9e-05,1
28.42877221107483,9e-05,1
28.42877221107483,9e-05,1
28.429766416549683,9e-05,1
28.43077802658081,0.0,1
28.432199954986572,0.0,1
28.433253288269043,0.0,1
28.433253288269043,0.0,1
28.434722185134888,0.0,1
28.435731887817383,0.0,1
28.436787128448486,0.0,1
28.43779993057251,0.0,1
28.43879985809326,0.0,1
28.43986201286316,0.0,1
28.44080352783203,0.0,1
28.441799640655518,0.0,1
28.44279980659485,0.0,1
28.4437997341156,0.0,1
28.444798707962036,0.00023,1
28.445825576782227,0.0,1
28.4589741230011,0.0,1
28.461064100265503,0.0,1
28.46305823326111,0.0,1
28.464080333709717,0.0,1
28.464080333709717,0.0,1
28.465431690216064,0.0,1
28.465431690216064,0.0,1
28.465431690216064,0.0,1
28.46643352508545,0.0,1
28.46643352508545,0.0,1
28.46643352508545,0.0,1
28.46745204925537,0.0,1
28.46745204925537,0.0,1
28.46745204925537,2e-05,1
28.471434831619263,2e-05,1
28.471434831619263,2e-05,1
28.471434831619263,2e-05,1
28.471434831619263,2e-05,1
28.471434831619263,2e-05,1
28.471434831619263,2e-05,1
28.472429752349854,0.00076,1
28.472429752349854,0.00076,1
28.472429752349854,0.00076,1
28.472429752349854,0.00076,1
28.472429752349854,0.00076,1
28.472429752349854,0.00076,1
28.472429752349854,0.00076,1
28.47393560409546,0.00076,1
28.47500991821289,0.00076,1
28.476339101791382,0.00076,1
28.477259635925293,0.00076,1
28.478551864624023,0.00076,1
28.479655504226685,0.00076,1
28.479655504226685,0.00076,1
28.48166513442993,0.00076,1
28.48265266418457,0.0,1
28.483644247055054,0.0,1
28.48466920852661,0.0,1
28.48466920852661,0.0,1
28.486645936965942,0.0,1
28.486645936965942,0.0,1
28.48866605758667,0.0,1
28.48866605758667,0.0,1
28.49065136909485,0.0,1
28.491652727127075,0.0,1
28.491652727127075,0.0,1
28.492643117904663,0.0,1
28.49399185180664,0.0,1
28.49500870704651,0.0,1
28.496012687683105,0.0,1
28.498029470443726,0.0,1
28.498542547225952,0.0,1
28.49957251548767,0.0,1
28.49957251548767,0.0,1
28.50081181526184,0.0,1
28.50198745727539,0.0,1
28.50297999382019,0.0,1
28.503977060317993,0.0,1
28.504990816116333,0.0,1
28.506986379623413,0.0,1
28.506986379623413,0.0,1
28.51225209236145,0.0,1
28.513341426849365,0.0,1
28.514686822891235,0.0,1
28.516866207122803,0.0,1
28.517854690551758,0.0,1
28.520861864089966,0.0,1
28.52189803123474,0.0,1
28.52286195755005,0.0,1
28.52286195755005,0.0,1
28.52390193939209,0.0,1
28.524858713150024,0.0,1
28.524858713150024,0.0,1
28.524858713150024,0.0,1
28.52886438369751,0.0,1
28.529885053634644,0.0,1
28.529885053634644,0.0,1
28.529885053634644,0.0,1
28.529885053634644,0.0,1
28.529885053634644,0.0,1
28.529885053634644,0.0,1
28.529885053634644,0.0,1
28.529885053634644,0.0,1
28.529885053634644,0.0,1
28.531339168548584,0.0,1
28.532213926315308,0.0,1
28.532213926315308,0.0,1
28.534515142440796,0.0,1
28.534515142440796,0.0,1
28.53581428527832,0.0,1
28.53678846359253,0.0,1
28.537806510925293,0.0,1
28.53874683380127,0.0,1
28.540753841400146,0.0,1
28.540753841400146,0.0,1
28.541783571243286,0.0,1
28.54273509979248,0.0,1
28.543797969818115,0.0,1
28.544763326644897,0.0,1
28.545756816864014,0.00011,1
28.54778552055359,0.00015,1
28.548789024353027,0.00015,1
28.549798250198364,0.00015,1
28.55080771446228,0.00015,1
28.551788568496704,0.00015,1
28.553083419799805,0.00015,1
28.554115056991577,0.00015,1
28.554115056991577,0.00015,1
28.561103105545044,0.00015,1
28.561103105545044,0.00015,1
28.564250230789185,0.00015,1
28.56633424758911,0.00015,1
28.567548513412476,0.00015,1
28.56852698326111,0.00015,1
28.570555448532104,0.0,1
28.571521759033203,0.0,1
28.571521759033203,0.0,1
28.573030948638916,0.0,1
28.576133489608765,0.0,1
28.577647924423218,0.0,1
28.577647924423218,0.0,1
28.577647924423218,0.0,1
28.577647924423218,0.0,1
28.577647924423218,0.0,1
28.578657388687134,0.0,1
28.578657388687134,0.0,1
28.578657388687134,0.0,1
28.578657388687134,0.0,1
28.578657388687134,0.0,1
28.578657388687134,8e-05,1
28.57965850830078,0.0,1
28.57965850830078,0.0,1
28.57965850830078,0.0,1
28.580658674240112,0.0,1
28.581795930862427,0.0,1
28.581795930862427,0.0,1
28.583775281906128,0.0,1
28.583775281906128,0.0,1
28.585795164108276,0.0,1
28.586782932281494,0.0,1
28.58780813217163,0.0,1
28.588809490203857,0.0,1
28.588809490203857,0.0,1
28.59075927734375,0.0,1
28.59119701385498,0.0,1
28.592236757278442,0.0,1
28.593271732330322,0.0,1
28.59425163269043,0.0,1
28.595247745513916,0.0,1
28.59625267982483,0.0,1
28.59724712371826,0.0,1
28.598249197006226,0.00027,1
28.59925150871277,0.00033,1
28.6002676486969,0.00033,1
28.6002676486969,0.00033,1
28.605995416641235,0.00033,1
28.605995416641235,0.00033,1
28.607027053833008,0.00033,1
28.607027053833008,0.00033,1
28.60800814628601,0.00033,1
28.60800814628601,0.00033,1
28.610061407089233,0.00033,1
28.611058473587036,0.00033,1
28.611058473587036,0.00033,1
28.61203932762146,0.00033,1
28.613039016723633,0.00033,1
28.61883807182312,0.00033,1
28.61883807182312,0.00033,1
28.61883807182312,0.00033,1
28.61983346939087,0.00033,1
28.61983346939087,0.00033,1
28.61983346939087,0.00033,1
28.61983346939087,0.00033,1
28.62186312675476,0.00033,1
28.62186312675476,0.0,1
28.62288522720337,0.0,1
28.62320899963379,0.0,1
28.624248504638672,0.0,1
28.625304460525513,0.0,1
28.626314640045166,0.0,1
28.626314640045166,0.0,1
28.627517223358154,0.0,1
28.62951898574829,0.0,1
28.630513668060303,0.0,1
28.631566047668457,0.0,1
28.631566047668457,0.0,1
28.634551763534546,0.0,1
28.634551763534546,0.0,1
28.635534048080444,0.0,1
28.635534048080444,0.0,1
28.637559413909912,0.0,1
28.638533353805542,0.0,1
28.638533353805542,0.0,1
28.640033960342407,0.0,1
28.64121723175049,0.0,1
28.64220666885376,0.0,1
28.64330005645752,0.0,1
28.644433975219727,0.0,1
28.645508527755737,0.0,1
28.646494388580322,0.0,1
28.64751672744751,0.0,1
28.648517847061157,0.0,1
28.653483390808105,0.0,1
28.653483390808105,0.0,1
28.654483556747437,0.0,1
28.654483556747437,0.0,1
28.655481338500977,0.0,1
28.655481338500977,0.0,1
28.655481338500977,0.0,1
28.65648055076599,0.0,1
28.65748143196106,0.0,1
28.658480167388916,0.0,1
28.66248846054077,0.0,1
28.66248846054077,0.0,1
28.66248846054077,0.0,1
28.66248846054077,0.0,1
28.663496494293213,0.0,1
28.664273500442505,0.0,1
28.664724826812744,0.0,1
28.665741205215454,0.0,1
28.666763067245483,0.0,1
28.667742252349854,0.0,1
28.668755769729614,0.0,1
28.66974186897278,0.0,1
28.67074179649353,0.0,1
28.67176604270935,0.0,1
28.67280673980713,0.0,1
28.673741579055786,0.0,1
28.674784183502197,0.0,1
28.67574143409729,0.0,1
28.676820278167725,0.0,1
28.677741289138794,0.00015,1
28.678910732269287,8e-05,1
28.679928302764893,0.0,1
28.68127465248108,0.0,1
28.682214498519897,0.0,1
28.68327260017395,0.0,1
28.684251308441162,0.0,1
28.685275316238403,0.0,1
28.686256408691406,0.0,1
28.68725061416626,0.0,1
28.688254356384277,0.0,1
28.689250707626343,0.0,1
28.690250396728516,0.0,1
28.69125247001648,0.0,1
28.692256450653076,0.0,1
28.693249464035034,0.0,1
28.69428825378418,0.0,1
28.69977116584778,0.0,1
28.69977116584778,0.0,1
28.701797246932983,0.0,1
28.701797246932983,0.0,1
28.70329189300537,0.0,1
28.70430612564087,0.0,1
28.707070112228394,0.00026,1
28.708327293395996,0.00026,1
28.709345817565918,0.00026,1
28.709345817565918,0.00026,1
28.714003801345825,0.00026,1
28.715269088745117,0.00026,1
28.71632218360901,0.00026,1
28.71632218360901,0.00026,1
28.71632218360901,0.00026,1
28.71632218360901,0.00026,1
28.718042850494385,0.00026,1
28.718042850494385,0.00026,1
28.719690799713135,0.00026,1
28.719690799713135,0.00026,1
28.719690799713135,0.00026,1
28.719690799713135,0.0,1
28.720747709274292,0.0,1
28.720747709274292,0.0,1
28.720747709274292,0.0,1
28.721822261810303,0.0,1
28.721822261810303,0.0,1
28.721822261810303,0.0,1
28.72329592704773,0.0,1
28.724307537078857,0.0,1
28.725225925445557,0.0,1
28.72584819793701,0.0,1
28.72693181037903,0.0,1
28.728663682937622,0.0,1
28.728663682937622,0.0,1
28.730299949645996,0.0,1
28.730813026428223,0.0,1
28.73228144645691,0.0,1
28.7332980632782,0.0,1
28.734331369400024,0.0,1
28.734331369400024,0.0,1
28.736141204833984,0.0,1
28.737338304519653,0.0,1
28.737338304519653,0.00013,1
28.738727807998657,9e-05,1
28.73974347114563,9e-05,1
28.740806102752686,9e-05,1
28.741820335388184,9e-05,1
28.74309539794922,9e-05,1
28.752339363098145,9e-05,1
28.753379106521606,9e-05,1
28.754399061203003,9e-05,1
28.755414247512817,9e-05,1
28.75659203529358,9e-05,1
28.75659203529358,9e-05,1
28.75762176513672,9e-05,1
28.75861930847168,0.0,1
28.75861930847168,0.0,1
28.75861930847168,0.0,1
28.75861930847168,0.0,1
28.75989603996277,0.0,1
28.75989603996277,0.0,1
28.75989603996277,0.0,1
28.7611186504364,0.0,1
28.766494512557983,0.0,1
28.766494512557983,6e-05,1
28.767733097076416,6e-05,1
28.76873254776001,6e-05,1
28.76972484588623,6e-05,1
28.76972484588623,6e-05,1
28.770708560943604,6e-05,1
28.770708560943604,6e-05,1
28.770708560943604,6e-05,1
28.770708560943604,6e-05,1
28.77172565460205,6e-05,1
28.77172565460205,6e-05,1
28.772706985473633,6e-05,1
28.772706985473633,6e-05,1
28.773760557174683,6e-05,1
28.773760557174683,0.0,1
28.77498745918274,0.00014,1
28.776257514953613,0.00014,1
28.777364015579224,0.00014,1
28.77806258201599,0.00014,1
28.77946162223816,0.00014,1
28.77946162223816,0.00014,1
28.780776023864746,0.00014,1
28.781768798828125,0.00014,1
28.782774209976196,0.00014,1
28.78376865386963,0.00014,1
28.784775018692017,0.00014,1
28.78576922416687,0.00014,1
28.786773920059204,0.00014,1
28.787773609161377,0.00014,1
28.7887704372406,0.00014,1
28.789769172668457,0.00014,1
28.79106378555298,0.00014,1
28.792105674743652,0.00014,1
28.793149709701538,0.00014,1
28.794105529785156,0.00014,1
28.795527696609497,0.00014,1
28.79655957221985,0.00014,1
28.797252893447876,0.00014,1
28.798256635665894,0.00044,1
28.80027413368225,0.0,1
28.80027413368225,0.0,1
28.801267623901367,0.0,1
28.80226755142212,0.0,1
28.803262948989868,0.0,1
28.80426263809204,0.0,1
28.80526614189148,0.0,1
28.80926489830017,0.0,1
28.80926489830017,0.0,1
28.80926489830017,0.0,1
28.81028151512146,0.0,1
28.81028151512146,0.00011,1
28.812264680862427,0.00011,1
28.815265655517578,0.00011,1
28.817321300506592,0.00011,1
28.81930923461914,0.00011,1
28.829267501831055,0.00011,1
28.829267501831055,0.00011,1
28.829267501831055,0.00011,1
28.83032727241516,0.00011,1
28.83032727241516,5e-05,1
28.83032727241516,5e-05,1
28.83032727241516,5e-05,1
28.8312885761261,5e-05,1
28.8312885761261,5e-05,1
28.8312885761261,5e-05,1
28.8312885761261,5e-05,1
28.8312885761261,5e-05,1
28.832326650619507,5e-05,1
28.832326650619507,5e-05,1
28.832326650619507,5e-05,1
28.832326650619507,5e-05,1
28.832326650619507,5e-05,1
28.833265781402588,5e-05,1
28.833265781402588,5e-05,1
28.83426547050476,5e-05,1
28.83530330657959,5e-05,1
28.836310386657715,5e-05,1
28.837311506271362,5e-05,1
28.8383309841156,5e-05,1
28.83926296234131,5e-05,1
28.840301990509033,5e-05,1
28.84131383895874,0.0,1
28.842318773269653,0.00038,1
28.84331178665161,0.00038,1
28.844309329986572,0.00038,1
28.845312356948853,0.00038,1
28.846359252929688,0.00038,1
28.84732675552368,0.00038,1
28.848312854766846,0.00038,1
28.850362062454224,0.00038,1
28.850362062454224,0.00038,1
28.85131311416626,0.00038,1
28.852609395980835,0.00038,1
28.85364079475403,0.00038,1
28.854641914367676,0.00038,1
28.855677366256714,0.0,1
28.856653213500977,0.0,1
28.856653213500977,0.0,1
28.858113050460815,0.0,1
28.859122037887573,0.0,1
28.86019778251648,0.0,1
28.860949516296387,0.0,1
28.86201000213623,0.0,1
28.864041566848755,0.0,1
28.86502194404602,0.0,1
28.86502194404602,0.0,1
28.866027116775513,0.0,1
28.868033170700073,0.0,1
28.87739062309265,0.0,1
28.878390789031982,0.0,1
28.878390789031982,7e-05,1
28.879707098007202,7e-05,1
28.88073992729187,7e-05,1
28.883822441101074,7e-05,1
28.885107278823853,7e-05,1
28.888128757476807,7e-05,1
28.88954472541809,7e-05,1
28.890515327453613,0.0,1
28.890515327453613,0.0,1
28.89150619506836,0.0,1
28.894949913024902,0.0,1
28.89595103263855,0.0,1
28.89595103263855,0.0,1
28.89595103263855,0.0,1
28.89595103263855,0.0,1
28.89595103263855,0.0,1
28.89595103263855,0.0,1
28.89595103263855,0.0,1
28.89595103263855,0.0,1
28.89695119857788,0.0,1
28.89695119857788,0.0,1
28.89695119857788,0.0,1
28.89695119857788,0.00026,1
28.89695119857788,0.00026,1
28.89695119857788,0.00026,1
28.89695119857788,0.00026,1
28.897947311401367,0.00026,1
28.897947311401367,0.00026,1
28.897947311401367,0.00026,1
28.899015188217163,0.00026,1
28.900179624557495,0.0,1
28.90126657485962,0.0,1
28.90231680870056,0.0,1
28.903207778930664,0.0,1
28.904255151748657,0.0,1
28.905243158340454,0.0,1
28.906243562698364,0.0,1
28.907260417938232,0.0,1
28.908243894577026,0.0,1
28.909252643585205,0.0,1
28.91025161743164,0.0,1
28.911231517791748,0.0,1
28.912235975265503,0.0,1
28.91324496269226,0.0,1
28.914251565933228,0.0,1
28.915591955184937,0.00046,1
28.915591955184937,0.00046,1
28.916609287261963,0.00046,1
28.917606115341187,0.00046,1
28.918692588806152,0.00046,1
28.92029047012329,0.00046,1
28.921590328216553,0.00046,1
28.921590328216553,0.00046,1
28.922589540481567,0.00046,1
28.923593044281006,0.00046,1
28.92559003829956,0.00046,1
28.92559003829956,1e-05,1
28.926589965820312,1e-05,1
28.927615642547607,1e-05,1
28.930595874786377,1e-05,1
28.935760736465454,1e-05,1
28.935760736465454,1e-05,1
28.93677854537964,1e-05,1
28.937326192855835,1e-05,1
28.93783974647522,1e-05,1
28.93783974647522,0.0,1
28.939470052719116,0.0,1
28.94101095199585,0.0,1
28.94152545928955,0.0,1
28.942036151885986,0.0,1
28.942036151885986,0.0,1
28.942036151885986,0.0,1
28.943066596984863,0.0,1
28.943066596984863,0.0,1
28.948984146118164,0.0,1
28.948984146118164,0.0,1
28.948984146118164,0.0,1
28.950019598007202,0.0,1
28.950019598007202,0.0,1
28.950019598007202,0.0,1
28.950558185577393,7e-05,1
28.952123641967773,6e-05,1
28.953194618225098,0.0,1
28.953194618225098,0.0,1
28.95476770401001,0.0,1
28.95530080795288,0.0,1
28.956318855285645,0.0,1
28.957335710525513,0.0,1
28.9582200050354,0.0,1
28.95920991897583,0.0,1
28.960191011428833,0.0,1
28.961690425872803,0.0,1
28.961690425872803,0.0,1
28.962698459625244,0.0,1
28.963706731796265,0.0,1
28.964734077453613,0.0,1
28.965716123580933,0.0,1
28.966717958450317,0.0,1
28.967716455459595,0.0,1
28.968716382980347,0.0,1
28.96971607208252,0.0,1
28.97071671485901,0.00013,1
28.971715927124023,0.0,1
28.972716569900513,0.0,1
28.973716735839844,0.0,1
28.97473382949829,0.0,1
28.976741552352905,0.0,1
28.976741552352905,0.0,1
28.982086420059204,0.0,1
28.98309874534607,0.0,1
28.98309874534607,0.0,1
28.984168529510498,0.0,1
28.984168529510498,0.0,1
28.985718965530396,0.0,1
28.985718965530396,0.0,1
28.987273454666138,6e-05,1
28.991925716400146,6e-05,1
28.991925716400146,6e-05,1
28.991925716400146,6e-05,1
28.991925716400146,6e-05,1
28.991925716400146,6e-05,1
28.991925716400146,6e-05,1
28.991925716400146,6e-05,1
28.993280172348022,6e-05,1
28.99431800842285,6e-05,1
28.995328903198242,0.00047,1
28.996488094329834,0.00047,1
28.997497081756592,0.00047,1
28.997497081756592,0.00047,1
28.998563051223755,0.00047,1
28.999577045440674,0.00047,1
29.00058603286743,0.00047,1
29.001614570617676,0.00047,1
29.002622604370117,0.00047,1
29.003677368164062,0.00047,1
29.00525951385498,0.00047,1
29.005654096603394,0.00047,1
29.00767755508423,0.00047,1
29.00767755508423,4e-05,1
29.00870656967163,4e-05,1
29.00970721244812,0.00022,1
29.011698961257935,0.00022,1
29.01269793510437,0.00022,1
29.013689041137695,0.00022,1
29.014695644378662,0.00022,1
29.014695644378662,0.00022,1
29.01625394821167,0.00022,1
29.017268419265747,0.00022,1
29.018262147903442,0.00022,1
29.01926040649414,0.00022,1
29.020670890808105,0.00022,1
29.020670890808105,0.00022,1
29.021669387817383,0.00022,1
29.024832487106323,0.00022,1
29.02908945083618,0.00022,1
29.031091928482056,0.00022,1
29.032087087631226,0.00022,1
29.033088445663452,0.00022,1
29.036102533340454,0.00022,1
29.040093898773193,0.00022,1
29.041101217269897,0.00022,1
29.04210615158081,0.00022,1
29.04210615158081,0.00022,1
29.048767566680908,0.00022,1
29.049848556518555,0.00022,1
29.0508394241333,0.00022,1
29.05184817314148,0.00022,1
29.05184817314148,0.0,1
29.05184817314148,0.0,1
29.05184817314148,0.0,1
29.052834272384644,0.0,1
29.053850889205933,0.0,1
29.053850889205933,0.0,1
29.054863929748535,0.0,1
29.054863929748535,0.0,1
29.054863929748535,0.0,1
29.054863929748535,0.0,1
29.054863929748535,0.0,1
29.054863929748535,0.0,1
29.055851221084595,0.0,1
29.055851221084595,0.0,1
29.055851221084595,0.0,1
29.055851221084595,0.00042,1
29.055851221084595,0.00042,1
29.056833028793335,0.00042,1
29.056833028793335,0.00042,1
29.056833028793335,0.00042,1
29.056833028793335,0.00042,1
29.057837963104248,0.00042,1
29.059346437454224,0.00042,1
29.059346437454224,0.00042,1
29.061564445495605,0.00042,1
29.062279224395752,0.00042,1
29.06325936317444,0.00042,1
29.064305305480957,0.00042,1
29.065307140350342,0.00042,1
29.066303491592407,0.00042,1
29.067305326461792,0.00042,1
29.06830358505249,0.00042,1
29.069488048553467,0.00042,1
29.069488048553467,0.00042,1
29.070900201797485,0.00042,1
29.071919441223145,0.00042,1
29.072877407073975,2e-05,1
29.073920488357544,0.0,1
29.074921369552612,0.0,1
29.075891733169556,0.0,1
29.076918125152588,0.0,1
29.07843327522278,0.0,1
29.079447269439697,0.0,1
29.08020544052124,0.0,1
29.08095121383667,0.0,1
29.082021236419678,0.0,1
29.083054780960083,0.0,1
29.084203720092773,0.0,1
29.088439226150513,0.0,1
29.088439226150513,0.0,1
29.088439226150513,0.0,1
29.089519500732422,0.0,1
29.089519500732422,0.0,1
29.09052848815918,0.0,1
29.091583013534546,0.0,1
29.091583013534546,0.0,1
29.096233129501343,0.0,1
29.096233129501343,0.0,1
29.096233129501343,0.0,1
29.097354650497437,0.0,1
29.097354650497437,0.0,1
29.09836459159851,0.0,1
29.09836459159851,0.0,1
29.099510192871094,0.0,1
29.101149082183838,0.0,1
29.102270364761353,0.0,1
29.103168487548828,0.0,1
29.10419797897339,0.0,1
29.10419797897339,0.0,1
29.106207609176636,0.0,1
29.10726046562195,0.0,1
29.10839581489563,0.0,1
29.10839581489563,0.0,1
29.110426902770996,0.0,1
29.111433267593384,0.0,1
29.112428188323975,0.0,1
29.113428354263306,0.0,1
29.113428354263306,0.0,1
29.114639043807983,0.0,1
29.115907669067383,0.0,1
29.116926431655884,0.0,1
29.117927312850952,0.0,1
29.11893105506897,0.0,1
29.11996841430664,0.0,1
29.120928049087524,0.0,1
29.12226414680481,0.0,1
29.12329125404358,0.0,1
29.124494314193726,0.0,1
29.124494314193726,0.00029,1
29.125571966171265,0.0,1
29.12657380104065,0.0,1
29.12757396697998,0.0,1
29.12961196899414,0.0,1
29.13086748123169,0.0,1
29.13543939590454,0.0,1
29.140665769577026,0.0,1
29.140665769577026,0.0,1
29.141663789749146,0.0,1
29.141663789749146,0.0,1
29.142669200897217,0.0,1
29.142669200897217,0.0,1
29.142669200897217,0.0,1
29.143696784973145,0.0,1
29.144664764404297,0.0,1
29.144664764404297,0.0,1
29.145912170410156,0.0,1
29.145912170410156,0.0,1
29.145912170410156,0.0,1
29.14691424369812,0.0,1
29.14691424369812,0.0,1
29.14691424369812,0.0,1
29.15091824531555,0.0003,1
29.15091824531555,0.0,1
29.15091824531555,0.0,1
29.15091824531555,0.0,1
29.15226674079895,0.0,1
29.15320658683777,0.0,1
29.1542489528656,0.0,1
29.155245304107666,0.0,1
29.155245304107666,0.0,1
29.156742334365845,0.0,1
29.157740831375122,0.0,1
29.15884757041931,0.0,1
29.1599018573761,0.0,1
29.161099672317505,0.0,1
29.162564039230347,0.0,1
29.162564039230347,0.0,1
29.163564443588257,0.0,1
29.16457223892212,0.0,1
29.165571928024292,0.0,1
29.166570901870728,0.0,1
29.167572498321533,0.0,1
29.168572425842285,0.0,1
29.170042037963867,0.0,1
29.171106100082397,0.0,1
29.172496557235718,0.0,1
29.17351007461548,0.0,1
29.17450213432312,0.0,1
29.17450213432312,0.0,1
29.18155002593994,0.0,1
29.182552099227905,0.0,1
29.183558225631714,0.0,1
29.184903621673584,0.0,1
29.184903621673584,0.0,1
29.184903621673584,0.0,1
29.186119556427002,0.0,1
29.18712282180786,0.0,1
29.18712282180786,0.00026,1
29.1891188621521,0.00026,1
29.1891188621521,0.00069,1
29.19015336036682,0.00069,1
29.191162824630737,0.00069,1
29.195171356201172,0.00069,1
29.195171356201172,0.00069,1
29.195171356201172,0.00069,1
29.195171356201172,0.00069,1
29.196216106414795,0.00069,1
29.196216106414795,0.00069,1
29.196216106414795,0.00069,1
29.19720482826233,0.00069,1
29.198192358016968,0.00069,1
29.199172735214233,0.00069,1
29.199172735214233,0.00069,1
29.20020580291748,0.00069,1
29.202194213867188,0.00069,1
29.202194213867188,0.00069,1
29.20317578315735,0.00069,1
29.204184770584106,0.00069,1
29.205262184143066,0.00069,1
29.206273078918457,0.00069,1
29.20730233192444,0.00068,1
29.208269357681274,0.00068,1
29.209357023239136,0.00068,1
29.210367441177368,0.00068,1
29.211700677871704,0.00068,1
29.211700677871704,0.0,1
29.212697982788086,0.0,1
29.213695764541626,0.0,1
29.214693069458008,0.0,1
29.21569514274597,0.0,1
29.21669363975525,0.0,1
29.21786856651306,0.0,1
29.21897006034851,0.0,1
29.21997094154358,0.0,1
29.220973014831543,0.0,1
29.22198486328125,0.0,1
29.225672721862793,0.0,1
29.226674795150757,0.0,1
29.2277569770813,0.0,1
29.228764057159424,0.0,1
29.23046350479126,0.0,1
29.23046350479126,0.0,1
29.231475591659546,0.0,1
29.232483863830566,0.0,1
29.232483863830566,0.0,1
29.233537197113037,0.0,1
29.233537197113037,0.0,1
29.237963914871216,0.0,1
29.237963914871216,0.0,1
29.237963914871216,0.0,1
29.237963914871216,0.0,1
29.237963914871216,0.0,1
29.239266395568848,0.0,1
29.239266395568848,0.0,1
29.24078607559204,0.0,1
29.241815328598022,0.0,1
29.243077039718628,0.0,1
29.24461579322815,0.0,1
29.245126485824585,6e-05,1
29.246249198913574,6e-05,1
29.247291088104248,6e-05,1
29.24830389022827,6e-05,1
29.249292850494385,6e-05,1
29.250385284423828,6e-05,1
29.251394748687744,6e-05,1
29.25240468978882,6e-05,1
29.253431797027588,6e-05,1
29.253431797027588,6e-05,1
29.25466537475586,6e-05,1
29.255719661712646,6e-05,1
29.257201194763184,6e-05,1
29.257201194763184,6e-05,1
29.258598566055298,6e-05,1
29.259584188461304,6e-05,1
29.26062846183777,6e-05,1
29.262633562088013,6e-05,1
29.263654708862305,6e-05,1
29.263654708862305,0.0,1
29.26575541496277,0.0,1
29.266826629638672,0.0,1
29.266826629638672,0.0,1
29.27428889274597,0.0,1
29.27428889274597,0.0,1
29.275627613067627,0.0,1
29.275627613067627,0.0,1
29.275627613067627,0.0,1
29.27668857574463,0.0,1
29.27771282196045,0.0,1
29.27871298789978,0.0,1
29.279226064682007,0.0,1
29.279226064682007,0.0,1
29.280258178710938,0.0,1
29.280258178710938,0.0,1
29.280258178710938,0.0,1
29.28324007987976,0.0,1
29.28324007987976,0.0,1
29.284680366516113,0.0,1
29.284680366516113,0.0,1
29.285210847854614,0.0,1
29.286152362823486,0.0,1
29.287275791168213,0.0,1
29.288292407989502,0.0,1
29.2892963886261,0.00025,1
29.29028582572937,0.00025,1
29.29150938987732,0.00025,1
29.29150938987732,0.00025,1
29.29271936416626,0.00025,1
29.293730974197388,0.00025,1
29.29508113861084,0.00025,1
29.296095848083496,0.00025,1
29.29713797569275,0.00025,1
29.29809546470642,0.00025,1
29.29912519454956,0.00025,1
29.300631284713745,0.00025,1
29.300631284713745,0.00025,1
29.301655292510986,0.00025,1
29.30265188217163,0.00025,1
29.304261922836304,0.00025,1
29.305304288864136,0.00025,1
29.306344985961914,0.00025,1
29.30720067024231,0.00025,1
29.30820894241333,0.00025,1
29.30942440032959,7e-05,1
29.310487508773804,0.00011,1
29.311490535736084,0.00011,1
29.31250262260437,0.00011,1
29.313496351242065,0.00011,1
29.31467866897583,0.00011,1
29.317989349365234,0.00011,1
29.325472354888916,0.00011,1
29.327512741088867,0.00011,1
29.329519271850586,0.00011,1
29.33050799369812,0.00011,1
29.331785202026367,0.00011,1
29.33299493789673,0.00011,1
29.33601474761963,0.00011,1
29.33699893951416,0.00062,1
29.33699893951416,0.00062,1
29.33699893951416,0.00026,1
29.33699893951416,0.00026,1
29.33699893951416,0.00026,1
29.33699893951416,0.00026,1
29.33699893951416,0.00026,1
29.337995529174805,0.00026,1
29.337995529174805,0.00026,1
29.337995529174805,0.00026,1
29.337995529174805,0.00026,1
29.337995529174805,0.00026,1
29.337995529174805,0.00026,1
29.33899736404419,0.00026,1
29.33899736404419,0.00026,1
29.33899736404419,0.00026,1
29.33899736404419,0.00026,1
29.340380668640137,0.00026,1
29.341426610946655,0.00026,1
29.341426610946655,0.00026,1
29.3426616191864,0.00026,1
29.344672679901123,0.00026,1
29.345727682113647,0.00026,1
29.345727682113647,0.0,1
29.347217082977295,0.0,1
29.348457098007202,8e-05,1
29.34940242767334,8e-05,1
29.35143804550171,8e-05,1
29.35143804550171,8e-05,1
29.3524386882782,8e-05,1
29.353389501571655,8e-05,1
29.35443663597107,8e-05,1
29.355401039123535,8e-05,1
29.356395721435547,8e-05,1
29.357386350631714,8e-05,1
29.358575344085693,8e-05,1
29.358575344085693,0.00029,1
29.360578298568726,0.00029,1
29.361653804779053,0.00029,1
29.368181943893433,0.00029,1
29.368181943893433,0.00029,1
29.36918544769287,0.00029,1
29.370201587677002,0.00029,1
29.370201587677002,0.0,1
29.37118363380432,0.0,1
29.37118363380432,0.0,1
29.37221074104309,0.0,1
29.37221074104309,0.0,1
29.37221074104309,0.0,1
29.373181104660034,0.0,1
29.373181104660034,0.0,1
29.374402284622192,0.0,1
29.377790212631226,0.0,1
29.377790212631226,0.0,1
29.377790212631226,0.0,1
29.377790212631226,0.0,1
29.379206895828247,0.0,1
29.380204677581787,0.0,1
29.381244659423828,0.00056,1
29.382206439971924,0.0,1
29.38347053527832,0.00016,1
29.384469270706177,0.00016,1
29.385469436645508,0.00016,1
29.3864688873291,0.00016,1
29.387469053268433,0.00016,1
29.388468742370605,0.00016,1
29.389469385147095,0.00016,1
29.389469385147095,0.00016,1
29.39095973968506,0.00016,1
29.39203143119812,0.00016,1
29.393130779266357,0.00016,1
29.394450664520264,0.00016,1
29.395517110824585,0.00016,1
29.395517110824585,0.00016,1
29.397513151168823,0.00016,1
29.39851713180542,0.00016,1
29.399357557296753,0.00016,1
29.400236129760742,0.00016,1
29.401296615600586,0.00016,1
29.402276277542114,0.00016,1
29.40328311920166,0.00016,1
29.404276609420776,0.00013,1
29.40527629852295,0.00013,1
29.406275749206543,5e-05,1
29.407278537750244,5e-05,1
29.408284187316895,5e-05,1
29.41708016395569,5e-05,1
29.418623208999634,5e-05,1
29.41978168487549,5e-05,1
29.421106815338135,5e-05,1
29.42215085029602,5e-05,1
29.42215085029602,5e-05,1
29.4249529838562,5e-05,1
29.4249529838562,5e-05,1
29.426164627075195,0.0,1
29.426164627075195,0.0,1
29.427178859710693,0.0,1
29.427178859710693,0.0,1
29.43055248260498,0.0,1
29.43055248260498,0.0,1
29.43199849128723,0.00031,1
29.43199849128723,0.00031,1
29.43199849128723,0.00031,1
29.432503700256348,0.00031,1
29.432503700256348,0.00031,1
29.432503700256348,0.00031,1
29.432503700256348,0.00031,1
29.432503700256348,0.00031,1
29.432503700256348,0.00031,1
29.432503700256348,0.00031,1
29.43381929397583,0.00031,1
29.43381929397583,0.00031,1
29.434857606887817,0.00031,1
29.435853719711304,0.00031,1
29.437841415405273,0.00031,1
29.437841415405273,0.00031,1
29.438833951950073,0.00031,1
29.4402437210083,0.00031,1
29.44124698638916,0.00031,1
29.44165015220642,0.00031,1
29.442670583724976,0.00031,1
29.44472599029541,0.00031,1
29.44472599029541,0.00031,1
29.44671106338501,0.00031,1
29.447708129882812,0.0,1
29.448715686798096,0.0,1
29.44972801208496,0.0,1
29.44972801208496,0.0,1
29.451685428619385,0.0,1
29.452678442001343,0.0,1
29.453720092773438,0.0,1
29.454718112945557,0.0,1
29.456756353378296,0.0,1
29.45992946624756,0.0,1
29.45992946624756,0.0,1
29.4609477519989,0.0,1
29.461936950683594,0.0,1
29.46293807029724,0.0,1
29.46393585205078,1e-05,1
29.465950965881348,0.0,1
29.467950105667114,0.0,1
29.468945503234863,0.0,1
29.468945503234863,0.0,1
29.47000527381897,0.0,1
29.470948457717896,0.0,1
29.471981525421143,0.0,1
29.471981525421143,0.0,1
29.473000526428223,0.0,1
29.47608494758606,0.0,1
29.47608494758606,0.0,1
29.4770565032959,0.0,1
29.4770565032959,0.0,1
29.4770565032959,0.0,1
29.4770565032959,0.0,1
29.4781014919281,0.0,1
29.4781014919281,0.0,1
29.47908306121826,0.0,1
29.480510711669922,0.0,1
29.481501579284668,0.0,1
29.481501579284668,0.0,1
29.483548879623413,0.0,1
29.483548879623413,0.0,1
29.485536813735962,0.0,1
29.485536813735962,0.0,1
29.487203359603882,0.0,1
29.48819875717163,0.0,1
29.489292860031128,0.0,1
29.490227460861206,0.0,1
29.49121618270874,0.0,1
29.492204427719116,0.0,1
29.493252754211426,0.0,1
29.494247674942017,0.0,1
29.49525237083435,0.0,1
29.496251821517944,0.0,1
29.497257471084595,0.0,1
29.498246431350708,0.0,1
29.49924373626709,0.0,1
29.50037431716919,0.0,1
29.501372575759888,0.0,1
29.5048725605011,0.0,1
29.505873441696167,0.0,1
29.505873441696167,0.0,1
29.505873441696167,0.0,1
29.50687336921692,0.0,1
29.50687336921692,0.0,1
29.507874965667725,0.0,1
29.508873462677002,0.0,1
29.513171911239624,0.0,1
29.513171911239624,0.0,1
29.513171911239624,0.0,1
29.513171911239624,0.0,1
29.514272451400757,0.0,1
29.51518201828003,0.0,1
29.51629614830017,0.0,1
29.51729393005371,0.0,1
29.518206357955933,0.0,1
29.51929783821106,0.0,1
29.52031707763672,0.0,1
29.52129101753235,0.0,1
29.522295236587524,0.0,1
29.52329182624817,0.0,1
29.52329182624817,0.0,1
29.52446413040161,0.0,1
29.52646255493164,0.0,1
29.527461528778076,0.0,1
29.52846097946167,0.0,1
29.52846097946167,0.0,1
29.52954888343811,0.0,1
29.530548572540283,0.0,1
29.531553030014038,0.0,1
29.53306245803833,0.0,1
29.5350661277771,0.0,1
29.536059379577637,0.0,1
29.539058446884155,0.0,1
29.540062189102173,0.0,1
29.54106616973877,0.0,1
29.54106616973877,0.0,1
29.542078733444214,0.0,1
29.542078733444214,0.0,1
29.542078733444214,0.0,1
29.543620347976685,0.0001,1
29.543620347976685,0.0001,1
29.545836210250854,0.0001,1
29.546892166137695,0.0001,1
29.555744171142578,0.0001,1
29.557167768478394,0.0001,1
29.557167768478394,0.0,1
29.557167768478394,0.0,1
29.557167768478394,0.0,1
29.557167768478394,0.0,1
29.557167768478394,0.0,1
29.557167768478394,0.0,1
29.55816102027893,0.0,1
29.55816102027893,0.0,1
29.55816102027893,0.0,1
29.55816102027893,0.0,1
29.559160470962524,0.00028,1
29.56016445159912,0.00028,1
29.561166048049927,0.00028,1
29.56222105026245,0.00028,1
29.563321113586426,0.00028,1
29.563321113586426,0.00028,1
29.565573930740356,0.00028,1
29.565573930740356,0.00028,1
29.566625833511353,0.00028,1
29.567622184753418,0.00028,1
29.568633556365967,0.00028,1
29.569623231887817,0.00028,1
29.570628881454468,0.00028,1
29.571629285812378,0.00028,1
29.572638750076294,0.00028,1
29.573590993881226,0.00028,1
29.574586868286133,0.00028,1
29.575591325759888,0.00028,1
29.57758641242981,0.00028,1
29.57758641242981,0.00028,1
29.581507205963135,0.00046,1
29.584892511367798,0.00046,1
29.584892511367798,0.0,1
29.58618187904358,0.0,1
29.58618187904358,0.0,1
29.58618187904358,0.0,1
29.58718991279602,0.0,1
29.58772611618042,0.0,1
29.588234424591064,0.0,1
29.588234424591064,0.0,1
29.589285373687744,0.0,1
29.59034514427185,0.0,1
29.594592809677124,0.0,1
29.594592809677124,0.0,1
29.594592809677124,0.00021,1
29.594592809677124,0.00021,1
29.594592809677124,0.00021,1
29.595654249191284,0.00021,1
29.597696542739868,0.00021,1
29.597696542739868,0.00021,1
29.59928822517395,0.00021,1
29.599796533584595,7e-05,1
29.60123300552368,7e-05,1
29.602304935455322,7e-05,1
29.603312015533447,7e-05,1
29.604349851608276,7e-05,1
29.605366230010986,7e-05,1
29.605366230010986,7e-05,1
29.60710620880127,7e-05,1
29.607523441314697,7e-05,1
29.608535289764404,7e-05,1
29.6108615398407,7e-05,1
29.61186170578003,7e-05,1
29.61186170578003,7e-05,1
29.612855195999146,7e-05,1
29.613853693008423,7e-05,1
29.614850759506226,0.0,1
29.615859746932983,0.0,1
29.61803674697876,9e-05,1
29.61803674697876,9e-05,1
29.61903405189514,9e-05,1
29.62002921104431,9e-05,1
29.621028184890747,9e-05,1
29.6220223903656,9e-05,1
29.62302851676941,9e-05,1
29.62413501739502,9e-05,1
29.62517213821411,0.0,1
29.631191968917847,0.0,1
29.63326621055603,0.0,1
29.63326621055603,0.0,1
29.635201692581177,0.0,1
29.63623332977295,0.0,1
29.63719129562378,0.0,1
29.638187646865845,0.0,1
29.638187646865845,0.0,1
29.63919472694397,0.0,1
29.63919472694397,0.0,1
29.64118719100952,0.0,1
29.64118719100952,0.0,1
29.642183780670166,0.0,1
29.642183780670166,0.0,1
29.643181562423706,0.0,1
29.643181562423706,0.0,1
29.647215366363525,0.0,1
29.647215366363525,0.0,1
29.648205518722534,0.0,1
29.648205518722534,0.0,1
29.648205518722534,0.0,1
29.648205518722534,0.0,1
29.648205518722534,0.0,1
29.649207830429077,0.0,1
29.650222063064575,0.0,1
29.651225090026855,0.0,1
29.652223348617554,0.0,1
29.653229475021362,0.0,1
29.65423011779785,0.0,1
29.655231714248657,0.0,1
29.65624499320984,0.0,1
29.65722632408142,0.0,1
29.658205270767212,0.0,1
29.65921688079834,0.0,1
29.66020131111145,0.0,1
29.661208152770996,0.0,1
29.66220211982727,0.0,1
29.663200616836548,0.0,1
29.664201736450195,0.0,1
29.665207147598267,0.0,1
29.66620683670044,0.0,1
29.667211532592773,0.0,1
29.668206930160522,0.0,1
29.669207096099854,2e-05,1
29.670207023620605,2e-05,1
29.671206951141357,2e-05,1
29.67621421813965,2e-05,1
29.67621421813965,2e-05,1
29.67621421813965,2e-05,1
29.677216053009033,2e-05,1
29.679215669631958,2e-05,1
29.680485725402832,2e-05,1
29.682324171066284,2e-05,1
29.682324171066284,2e-05,1
29.682836055755615,2e-05,1
29.683843851089478,2e-05,1
29.683843851089478,2e-05,1
29.68485999107361,2e-05,1
29.68485999107361,2e-05,1
29.685883283615112,2e-05,1
29.689471006393433,2e-05,1
29.689471006393433,2e-05,1
29.689471006393433,2e-05,1
29.689471006393433,0.0,1
29.689996004104614,0.0,1
29.691073894500732,0.0,1
29.692190885543823,0.0,1
29.693092823028564,0.0,1
29.69411039352417,0.0,1
29.69511914253235,0.0,1
29.69623112678528,0.0,1
29.697222232818604,0.0,1
29.697222232818604,0.0,1
29.698861360549927,0.0,1
29.699870586395264,0.0,1
29.701241493225098,0.0,1
29.701241493225098,0.0,1
29.70284676551819,0.0,1
29.703900814056396,0.0,1
29.70523452758789,0.0,1
29.70624089241028,0.0,1
29.70724105834961,0.0,1
29.708240509033203,0.0,1
29.709240436553955,0.0,1
29.71023941040039,0.0,1
29.712266206741333,0.0,1
29.712266206741333,0.0,1
29.713244915008545,0.0,1
29.713244915008545,0.0,1
29.715041160583496,0.0,1
29.715041160583496,0.0,1
29.716690063476562,0.0,1
29.718321323394775,0.0,1
29.72514009475708,0.0,1
29.726165533065796,0.0,1
29.726165533065796,0.0,1
29.727200269699097,0.0,1
29.727200269699097,0.0,1
29.728209257125854,0.0,1
29.728209257125854,0.0,1
29.72871971130371,0.0,1
29.72871971130371,0.0,1
29.731796979904175,0.0,1
29.733346939086914,0.0,1
29.733871459960938,0.0,1
29.733871459960938,0.0,1
29.73488163948059,0.0,1
29.735391855239868,0.0,1
29.73589777946472,0.0,1
29.736913919448853,0.0,1
29.73795247077942,0.0,1
29.746989965438843,0.0,1
29.74798345565796,0.0,1
29.748965740203857,0.0,1
29.748965740203857,0.0,1
29.748965740203857,0.0,1
29.748965740203857,0.0,1
29.749974250793457,0.0,1
29.749974250793457,0.0,1
29.751056432724,0.0,1
29.751056432724,0.0,1
29.751056432724,0.0,1
29.75204348564148,1e-05,1
29.75204348564148,1e-05,1
29.75204348564148,1e-05,1
29.753067016601562,1e-05,1
29.754051685333252,1e-05,1
29.75503182411194,1e-05,1
29.75503182411194,1e-05,1
29.75503182411194,1e-05,1
29.75628685951233,1e-05,1
29.757304668426514,1e-05,1
29.758298635482788,1e-05,1
29.759264707565308,1e-05,1
29.760313987731934,1e-05,1
29.760313987731934,0.0,1
29.761727333068848,0.0,1
29.762726068496704,0.0,1
29.76409077644348,0.0,1
29.765146732330322,0.0,1
29.766417503356934,0.0,1
29.766929864883423,0.0,1
29.767967462539673,0.0,1
29.769197463989258,0.0,1
29.77074885368347,1e-05,1
29.77074885368347,0.0,1
29.77178430557251,0.0,1
29.77278423309326,0.0,1
29.773783922195435,0.0,1
29.77480983734131,0.0,1
29.77574634552002,0.0,1
29.776747226715088,0.0,1
29.786952018737793,0.0,1
29.78792905807495,0.0,1
29.788941860198975,0.0,1
29.790913820266724,0.0,1
29.790913820266724,0.0,1
29.792092084884644,0.0,1
29.792092084884644,0.0,1
29.792092084884644,0.0,1
29.79309058189392,0.0,1
29.796093463897705,0.0,1
29.79711103439331,0.0,1
29.79711103439331,0.0,1
29.79711103439331,0.0,1
29.79711103439331,0.0,1
29.79711103439331,0.0,1
29.79711103439331,0.0,1
29.79711103439331,0.0,1
29.79711103439331,0.0,1
29.79711103439331,0.0,1
29.79711103439331,0.0,1
29.798110008239746,0.0,1
29.799105167388916,0.0,1
29.800174951553345,0.0,1
29.80099391937256,0.0,1
29.802217960357666,0.0,1
29.802990674972534,0.0,1
29.804425954818726,0.0,1
29.805419206619263,0.0,1
29.805419206619263,0.0,1
29.80649995803833,0.0,1
29.808504343032837,1e-05,1
29.809510707855225,1e-05,1
29.810505151748657,1e-05,1
29.81149911880493,1e-05,1
29.81249690055847,1e-05,1
29.81249690055847,1e-05,1
29.813497066497803,1e-05,1
29.814518928527832,1e-05,1
29.81549644470215,1e-05,1
29.8164963722229,1e-05,1
29.8176372051239,1e-05,1
29.819328546524048,1e-05,1
29.82031226158142,1e-05,1
29.82031226158142,1e-05,1
29.821535110473633,1e-05,1
29.8225200176239,1e-05,1
29.823545694351196,1e-05,1
29.824540376663208,1e-05,1
29.82556176185608,1e-05,1
29.826541423797607,1e-05,1
29.828539848327637,0.0,1
29.829858541488647,0.0,1
29.830852270126343,0.0,1
29.831876277923584,0.0,1
29.832944869995117,0.0,1
29.832944869995117,0.0,1
29.834954500198364,0.0,1
29.834954500198364,0.0,1
29.83629322052002,0.0,1
29.837323427200317,0.0,1
29.838306188583374,0.0,1
29.83930230140686,0.0,1
29.840351104736328,0.0,1
29.847761869430542,0.0,1
29.847761869430542,0.0,1
29.84875512123108,0.0,1
29.84875512123108,0.0,1
29.84875512123108,0.0,1
29.84875512123108,0.0,1
29.849753856658936,0.0,1
29.849753856658936,0.0,1
29.850761651992798,0.0,1
29.850761651992798,0.0,1
29.85184907913208,0.0,1
29.85305881500244,0.0,1
29.85305881500244,0.0,1
29.85706353187561,0.0,1
29.85706353187561,0.0,1
29.85706353187561,0.0,1
29.858086347579956,0.0,1
29.85836100578308,0.0,1
29.85943579673767,0.0,1
29.85943579673767,0.0,1
29.86141562461853,0.0,1
29.862473487854004,0.0,1
29.863525390625,0.0,1
29.863525390625,0.0,1
29.86556911468506,0.0,1
29.86666178703308,0.0,1
29.867507457733154,0.0,1
29.86849331855774,0.0,1
29.869524002075195,1e-05,1
29.870546340942383,1e-05,1
29.870546340942383,1e-05,1
29.872771501541138,1e-05,1
29.872771501541138,1e-05,1
29.873826026916504,1e-05,1
29.874820470809937,1e-05,1
29.87581515312195,1e-05,1
29.876788854599,1e-05,1
29.878804922103882,1e-05,1
29.878804922103882,1e-05,1
29.880251169204712,1e-05,1
29.88123059272766,1e-05,1
29.88229250907898,1e-05,1
29.883240461349487,1e-05,1
29.884238958358765,1e-05,1
29.88523554801941,1e-05,1
29.88873553276062,1e-05,1
29.889811992645264,0.0,1
29.889811992645264,0.0,1
29.890811681747437,0.0,1
29.890811681747437,0.0,1
29.890811681747437,0.0,1
29.891808032989502,0.0,1
29.89281702041626,0.0,1
29.90198588371277,0.0,1
29.903181076049805,0.0,1
29.903181076049805,0.0,1
29.904235363006592,0.0,1
29.904235363006592,0.0,1
29.904235363006592,0.0,1
29.904235363006592,0.0,1
29.90524458885193,0.0,1
29.90524458885193,0.0,1
29.90577507019043,0.0,1
29.90577507019043,0.0,1
29.90577507019043,0.0,1
29.90577507019043,0.0,1
29.90680742263794,0.0,1
29.90809202194214,0.0,1
29.909226894378662,0.0,1
29.90993595123291,0.0,1
29.91117787361145,0.0,1
29.912229537963867,0.0,1
29.913220405578613,0.0,1
29.91422176361084,0.0,1
29.915239095687866,0.0,1
29.916237831115723,0.0,1
29.91722583770752,0.0,1
29.91818618774414,0.0,1
29.919224977493286,0.0,1
29.920185804367065,0.0,1
29.921220302581787,0.0,1
29.922224521636963,0.0,1
29.92318606376648,0.0,1
29.924184560775757,0.0,1
29.925219535827637,0.0,1
29.926219940185547,0.0,1
29.927186012268066,0.0,1
29.928176164627075,0.0,1
29.92921733856201,0.0,1
29.929763555526733,0.0,1
29.930840492248535,0.0,1
29.935283660888672,0.0,1
29.93629550933838,0.0,1
29.93629550933838,0.0,1
29.936825275421143,0.0,1
29.936825275421143,0.0,1
29.937334299087524,0.0,1
29.938881158828735,0.0,1
29.939390182495117,0.0,1
29.943533658981323,0.0,1
29.943533658981323,0.0,1
29.943533658981323,0.0,1
29.943533658981323,0.0,1
29.943533658981323,0.0,1
29.944542169570923,0.0,1
29.94558835029602,0.0,1
29.947184324264526,0.0,1
29.94757390022278,0.0,1
29.949185132980347,0.0,1
29.949557781219482,0.0,1
29.950568199157715,0.0,1
29.951696395874023,0.0,1
29.953184366226196,0.0,1
29.954221963882446,0.0,1
29.955228328704834,0.0,1
29.956243753433228,0.0,1
29.957257986068726,0.0,1
29.958249807357788,0.0,1
29.95925498008728,0.0,1
29.960325002670288,1e-05,1
29.96125340461731,1e-05,1
29.962300777435303,1e-05,1
29.96329665184021,1e-05,1
29.96429681777954,1e-05,1
29.96530795097351,1e-05,1
29.966306686401367,2e-05,1
29.967309951782227,2e-05,1
29.96830677986145,2e-05,1
29.96930718421936,2e-05,1
29.970307111740112,2e-05,1
29.971306800842285,2e-05,1
29.972307682037354,2e-05,1
29.97330403327942,2e-05,1
29.974308967590332,2e-05,1
29.97530770301819,2e-05,1
29.97630763053894,2e-05,1
29.977308750152588,2e-05,1
29.97831416130066,2e-05,1
29.97831416130066,2e-05,1
29.981861114501953,2e-05,1
29.98685073852539,2e-05,1
29.987928867340088,0.0,1
29.987928867340088,0.0,1
29.989023208618164,0.0,1
29.989023208618164,0.0,1
29.990020751953125,0.0,1
29.99101948738098,0.0,1
29.992027282714844,0.0,1
29.99309253692627,0.0,1
30.00105333328247,0.0,1
30.00105333328247,0.0,1
30.001981496810913,0.0,1
30.001981496810913,0.0,1
30.001981496810913,0.0,1
30.002968549728394,0.0,1
30.002968549728394,0.0,1
30.002968549728394,0.0,1
30.002968549728394,0.0,1
30.004027843475342,0.0,1
30.004027843475342,0.0,1
30.004027843475342,0.0,1
30.004969596862793,0.0,1
30.004969596862793,0.0,1
30.004969596862793,0.0,1
30.004969596862793,0.0,1
30.006283283233643,0.0,1
30.007303476333618,0.0,1
30.00833511352539,0.0,1
30.00954294204712,0.0,1
30.01065492630005,0.0,1
30.01065492630005,0.0,1
30.011652946472168,0.0,1
30.01273012161255,0.0,1
30.013895273208618,0.0,1
30.01498770713806,0.0,1
30.01598834991455,0.0,1
30.016989946365356,0.0,1
30.01792073249817,0.0,1
30.018987894058228,0.0,1
30.01991605758667,0.0,1
30.020938634872437,0.0,1
30.021989822387695,0.0,1
30.022995948791504,0.0,1
30.02396249771118,0.0,1
30.024986743927002,0.0,1
30.02598261833191,0.0,1
30.0279381275177,0.0,1
30.0279381275177,0.0,1
30.02930188179016,0.0,1
30.02976369857788,0.0,1
30.031367540359497,0.0,1
30.032379865646362,0.0,1
30.03339672088623,0.0,1
30.03339672088623,0.0,1
30.034403800964355,0.0,1
30.03644871711731,0.0,1
30.03644871711731,0.0,1
30.03752112388611,0.0,1
30.038527965545654,0.0,1
30.039680242538452,0.0,1
30.04086947441101,0.0,1
30.04246473312378,0.0,1
30.04714345932007,0.0,1
30.04714345932007,0.0,1
30.047672748565674,0.0,1
30.047672748565674,0.0,1
30.047672748565674,0.0,1
30.049214601516724,0.0,1
30.0497465133667,0.0,1
30.05077624320984,0.0,1
30.051287174224854,0.0,1
30.054874420166016,0.0,1
30.055863857269287,0.0,1
30.055863857269287,0.0,1
30.055863857269287,0.0,1
30.055863857269287,0.0,1
30.056864976882935,0.0,1
30.058226346969604,0.0,1
30.05917978286743,0.0,1
30.060216665267944,0.0,1
30.061217069625854,0.0,1
30.062222480773926,0.0,1
30.06321668624878,0.0,1
30.064212560653687,0.0,1
30.065239191055298,0.0,1
30.06622576713562,0.0,1
30.06723928451538,0.0,1
30.068231105804443,0.0,1
30.069265127182007,0.0,1
30.0702862739563,0.0,1
30.07129454612732,0.0,1
30.07222056388855,0.0,1
30.074273586273193,0.0,1
30.074273586273193,0.0,1
30.075227737426758,0.0,1
30.076303482055664,0.0,1
30.077235221862793,0.0,1
30.078243017196655,0.0,1
30.07988166809082,0.0,1
30.07988166809082,0.0,1
30.080906867980957,0.0,1
30.08292269706726,0.0,1
30.08292269706726,0.0,1
30.084116220474243,0.0,1
30.08511447906494,0.0,1
30.086095333099365,0.0,1
30.087160348892212,0.0,1
30.088464736938477,0.0,1
30.093619108200073,0.0,1
30.093619108200073,0.0,1
30.093619108200073,0.0,1
30.094791889190674,0.0,1
30.094791889190674,0.0,1
30.094791889190674,0.0,1
30.094791889190674,0.0,1
30.09688639640808,0.0,1
30.097893714904785,0.0,1
30.097893714904785,0.0,1
30.102895736694336,0.0,1
30.102895736694336,0.0,1
30.102895736694336,0.0,1
30.102895736694336,0.0,1
30.102895736694336,0.0,1
30.1038761138916,0.0,1
30.10525918006897,0.0,1
30.106240034103394,0.0,1
30.1072735786438,0.0,1
30.108253717422485,0.0,1
30.109253883361816,0.0,1
30.11029291152954,0.0,1
30.111250162124634,0.0,1
30.112252473831177,0.0,1
30.113256216049194,0.0,1
30.11425232887268,0.0,1
30.115251064300537,0.0,1
30.11625051498413,0.0,1
30.117253303527832,0.0,1
30.118253469467163,0.0,1
30.11925482749939,0.0,1
30.11925482749939,0.0,1
30.12067198753357,0.0,1
30.12168836593628,0.0,1
30.12327241897583,0.0,1
30.12425422668457,0.0,1
30.125262022018433,0.0,1
30.126259803771973,0.0,1
30.12826704978943,0.0,1
30.12826704978943,0.0,1
30.129262685775757,0.0,1
30.129794597625732,0.0,1
30.130845308303833,0.0,1
30.13187837600708,0.0,1
30.133097171783447,0.0,1
30.134105682373047,0.0,1
30.13525366783142,0.0,1
30.136467456817627,0.0,1
30.139559507369995,0.0,1
30.139559507369995,0.0,1
30.139559507369995,0.0,1
30.140086889266968,0.0,1
30.141624450683594,0.0,1
30.142827033996582,0.0,1
30.14385962486267,0.0,1
30.144365549087524,0.0,1
30.14717698097229,0.0,1
30.148197412490845,0.0,1
30.148197412490845,0.0,1
30.148197412490845,0.0,1
30.148197412490845,0.0,1
30.149577140808105,0.0,1
30.15063166618347,0.0,1
30.15175771713257,0.0,1
30.152780771255493,0.0,1
30.15379023551941,0.0,1
30.154894590377808,0.0,1
30.155965566635132,0.0,1
30.15720796585083,0.0,1
30.158233642578125,1e-05,1
30.15922999382019,0.0,1
30.15922999382019,0.0,1
30.161728382110596,0.0,1
30.162174701690674,0.0,1
30.16317868232727,0.0,1
30.163687705993652,0.0,1
30.164701223373413,0.0,1
30.165708780288696,0.0,1
30.167062520980835,0.0,1
30.168073892593384,0.0,1
30.16911792755127,0.0,1
30.16911792755127,0.0,1
30.17055869102478,0.0,1
30.171558380126953,0.0,1
30.172557830810547,0.0,1
30.173558235168457,0.0,1
30.17455792427063,0.0,1
30.175557613372803,0.0,1
30.176576852798462,0.0,1
30.178624153137207,0.0,1
30.18016219139099,0.0,1
30.18016219139099,0.0,1
30.18367338180542,0.0,1
30.19011163711548,0.0,1
30.191142559051514,0.0,1
30.19245195388794,0.0,1
30.19245195388794,0.0,1
30.19362783432007,0.0,1
30.194687843322754,0.0,1
30.195820808410645,0.0,1
30.195820808410645,0.0,1
30.197792768478394,0.0,1
30.198822259902954,0.0,1
30.199803829193115,0.0,1
30.199803829193115,0.0,1
30.199803829193115,0.0,1
30.199803829193115,0.0,1
30.200816869735718,0.0,1
30.20580530166626,0.0,1
30.20580530166626,0.0,1
30.20580530166626,0.0,1
30.20580530166626,0.0,1
30.20580530166626,0.0,1
30.20580530166626,0.0,1
30.20580530166626,0.0,1
30.206820011138916,0.0,1
30.206820011138916,0.0,1
30.206820011138916,0.0,1
30.207252025604248,0.0,1
30.2082839012146,0.0,1
30.208876132965088,0.0,1
30.209911584854126,0.0,1
30.21089792251587,0.0,1
30.212095737457275,0.0,1
30.21355676651001,0.0,1
30.21454954147339,0.0,1
30.215567111968994,0.0,1
30.216567277908325,0.0,1
30.217569589614868,0.0,1
30.21855330467224,0.0,1
30.21957802772522,0.0,1
30.22055983543396,0.0,1
30.221562147140503,0.0,1
30.221562147140503,0.0,1
30.222554683685303,0.0,1
30.223551273345947,0.0,1
30.225260496139526,0.0,1
30.226049423217773,0.0,1
30.2282874584198,0.0,1
30.2282874584198,0.0,1
30.22929072380066,0.0,1
30.23017168045044,0.0,1
30.231217861175537,0.0,1
30.232178211212158,0.0,1
30.232178211212158,0.0,1
30.233537197113037,0.0,1
30.234537363052368,0.0,1
30.235536813735962,0.0,1
30.236536979675293,0.0,1
30.237573385238647,0.0,1
30.23858666419983,0.0,1
30.23958706855774,1e-05,1
30.240586757659912,1e-05,1
30.24159550666809,1e-05,1
30.247126579284668,1e-05,1
30.24812364578247,1e-05,1
30.249120712280273,1e-05,1
30.250119924545288,1e-05,1
30.250119924545288,1e-05,1
30.251105308532715,1e-05,1
30.251105308532715,1e-05,1
30.252116918563843,1e-05,1
30.255406379699707,1e-05,1
30.255406379699707,0.0,1
30.255406379699707,0.0,1
30.255406379699707,0.0,1
30.256576776504517,0.0,1
30.256576776504517,0.0,1
30.256576776504517,0.0,1
30.25830841064453,1e-05,1
30.25879669189453,1e-05,1
30.25981640815735,1e-05,1
30.26083016395569,1e-05,1
30.261853218078613,1e-05,1
30.262876987457275,1e-05,1
30.263871431350708,1e-05,1
30.264877319335938,1e-05,1
30.26590323448181,1e-05,1
30.266892194747925,1e-05,1
30.267887592315674,1e-05,1
30.268939971923828,1e-05,1
30.269925117492676,1e-05,1
30.270930528640747,1e-05,1
30.27188801765442,1e-05,1
30.27288794517517,1e-05,1
30.273946523666382,1e-05,1
30.275171041488647,0.0,1
30.276087999343872,0.0,1
30.27718472480774,0.0,1
30.279186487197876,0.0,1
30.279186487197876,0.0,1
30.280192375183105,0.0,1
30.281779050827026,0.0,1
30.281779050827026,0.0,1
30.2837975025177,0.0,1
30.2837975025177,0.0,1
30.285826921463013,0.0,1
30.286832571029663,0.0,1
30.28795623779297,0.0,1
30.28795623779297,0.0,1
30.29431676864624,0.0,1
30.295340299606323,0.0,1
30.295340299606323,0.0,1
30.29631805419922,0.0,1
30.29631805419922,0.0,1
30.29782795906067,0.0,1
30.29782795906067,0.0,1
30.29881978034973,0.0,1
30.29881978034973,0.0,1
30.29881978034973,0.0,1
30.29881978034973,0.0,1
30.300179481506348,0.0,1
30.301207542419434,0.0,1
30.303791046142578,0.0,1
30.305222272872925,0.0,1
30.305222272872925,0.0,1
30.305222272872925,0.0,1
30.306225776672363,0.0,1
30.30725860595703,0.0,1
30.308179140090942,0.0,1
30.309226274490356,0.0,1
30.310253858566284,1e-05,1
30.311229944229126,1e-05,1
30.313299417495728,1e-05,1
30.313299417495728,1e-05,1
30.31422472000122,1e-05,1
30.316309928894043,1e-05,1
30.316309928894043,1e-05,1
30.31723928451538,1e-05,1
30.318228006362915,0.0,1
30.319234609603882,0.0,1
30.320226192474365,0.0,1
30.32122802734375,0.0,1
30.32222580909729,0.0,1
30.323225259780884,0.0,1
30.324283838272095,0.0,1
30.325294733047485,0.0,1
30.325936794281006,0.0,1
30.32700777053833,0.0,1
30.327980041503906,0.0,1
30.328980207443237,0.0,1
30.330000162124634,0.0,1
30.33100199699402,0.0,1
30.33198642730713,0.0,1
30.332977294921875,0.0,1
30.338162422180176,2e-05,1
30.338162422180176,2e-05,1
30.33916664123535,2e-05,1
30.33916664123535,2e-05,1
30.34016466140747,2e-05,1
30.34016466140747,2e-05,1
30.34116291999817,2e-05,1
30.342164516448975,2e-05,1
30.342164516448975,2e-05,1
30.34314274787903,2e-05,1
30.34432291984558,2e-05,1
30.351515293121338,2e-05,1
30.352524518966675,2e-05,1
30.352524518966675,2e-05,1
30.352524518966675,2e-05,1
30.352524518966675,2e-05,1
30.352524518966675,2e-05,1
30.352524518966675,2e-05,1
30.35373854637146,2e-05,1
30.35373854637146,2e-05,1
30.35373854637146,2e-05,1
30.355271339416504,0.0,1
30.355271339416504,0.0,1
30.357475996017456,1e-05,1
30.357475996017456,0.0,1
30.358452081680298,0.0,1
30.35946822166443,0.0,1
30.361485481262207,0.0,1
30.362513542175293,0.0,1
30.36352252960205,0.0,1
30.364482402801514,0.0,1
30.365487337112427,0.0,1
30.366557836532593,0.0,1
30.367547273635864,0.0,1
30.36854362487793,0.0,1
30.369502067565918,0.0,1
30.370519638061523,0.0,1
30.37152647972107,0.0,1
30.372562170028687,0.0,1
30.372562170028687,0.0,1
30.373515367507935,0.0,1
30.374537229537964,0.0,1
30.37653374671936,0.0,1
30.377513647079468,0.0,1
30.378504037857056,0.0,1
30.37953019142151,0.0,1
30.380529642105103,0.0,1
30.386142253875732,0.0,1
30.386142253875732,0.0,1
30.38713026046753,0.0,1
30.38713026046753,0.0,1
30.388149976730347,0.0,1
30.388149976730347,0.0,1
30.388149976730347,0.0,1
30.389113426208496,0.0,1
30.389113426208496,0.0,1
30.390119075775146,0.0,1
30.395130395889282,1e-05,1
30.395130395889282,1e-05,1
30.39615821838379,1e-05,1
30.397149324417114,1e-05,1
30.397149324417114,1e-05,1
30.39812159538269,1e-05,1
30.39812159538269,1e-05,1
30.39812159538269,1e-05,1
30.400206327438354,1e-05,1
30.400206327438354,1e-05,1
30.40114688873291,1e-05,1
30.402156829833984,1e-05,1
30.403139352798462,1e-05,1
30.40423607826233,1e-05,1
30.40520191192627,1e-05,1
30.406046152114868,1e-05,1
30.40705633163452,1e-05,1
30.40807819366455,1e-05,1
30.409098863601685,1e-05,1
30.41005849838257,1e-05,1
30.41105628013611,0.0,1
30.41206979751587,0.0,1
30.413268566131592,0.0,1
30.413268566131592,0.0,1
30.41437292098999,0.0,1
30.41580605506897,0.0,1
30.416916847229004,0.0,1
30.41786766052246,0.0,1
30.41890859603882,0.0,1
30.419894695281982,0.0,1
30.420865774154663,0.0,1
30.422255277633667,0.0,1
30.423177242279053,0.0,1
30.424216270446777,0.0,1
30.425283670425415,0.0,1
30.425283670425415,0.0,1
30.427353858947754,0.0,1
30.432857990264893,0.0,1
30.432857990264893,0.0,1
30.434215545654297,0.0,1
30.434215545654297,0.0,1
30.434751987457275,0.0,1
30.435256719589233,0.0,1
30.435256719589233,0.0,1
30.435256719589233,0.0,1
30.436264753341675,0.0,1
30.437374114990234,0.0,1
30.438390016555786,0.0,1
30.439452648162842,0.0,1
30.445094108581543,0.0,1
30.445094108581543,0.0,1
30.445094108581543,0.0,1
30.445094108581543,0.0,1
30.445094108581543,0.0,1
30.445094108581543,0.0,1
30.44618058204651,0.0,1
30.44768714904785,0.0,1
30.448697328567505,0.0,1
30.449719190597534,0.0,1
30.449719190597534,0.0,1
30.451738834381104,0.0,1
30.452756881713867,0.0,1
30.452756881713867,0.0,1
30.4542293548584,0.0,1
30.455267429351807,0.0,1
30.456268310546875,0.0,1
30.45738387107849,0.0,1
30.458397150039673,0.0,1
30.459575414657593,0.0,1
30.459575414657593,0.0,1
30.46059274673462,0.0,1
30.462178945541382,0.0,1
30.46329689025879,0.0,1
30.464308500289917,0.0,1
30.4653103351593,0.0,1
30.466321229934692,0.0,1
30.467320680618286,0.0,1
30.468318939208984,0.0,1
30.469316482543945,0.0,1
30.470337629318237,0.0,1
30.471318006515503,0.0,1
30.472318410873413,0.0,1
30.47331690788269,0.0,1
30.474318504333496,0.0,1
30.47531771659851,0.0,1
30.47936224937439,0.0,1
30.480838298797607,0.0,1
30.480838298797607,0.0,1
30.481417417526245,0.0,1
30.481417417526245,0.0,1
30.482425212860107,0.0,1
30.482425212860107,0.0,1
30.483648777008057,0.0,1
30.484684944152832,0.0,1
30.486200094223022,0.0,1
30.489861011505127,0.0,1
30.490378856658936,0.0,1
30.490378856658936,0.0,1
30.490378856658936,0.0,1
30.490378856658936,0.0,1
30.491395235061646,0.0,1
30.492405652999878,0.0,1
30.49345111846924,0.0,1
30.494463443756104,0.0,1
30.494463443756104,0.0,1
30.495546102523804,0.0,1
30.4968159198761,0.0,1
30.49786686897278,0.0,1
30.498882055282593,0.0,1
30.500163316726685,0.0,1
30.5011944770813,0.0,1
30.502200841903687,0.0,1
30.503209352493286,0.0,1
30.50421977043152,0.0,1
30.505272150039673,0.0,1
30.506576538085938,0.0,1
30.506576538085938,0.0,1
30.508283853530884,0.0,1
30.50929355621338,0.0,1
30.51029086112976,0.0,1
30.51129126548767,0.0,1
30.513293266296387,0.0,1
30.513293266296387,0.0,1
30.51431441307068,0.0,1
30.515324592590332,0.0,1
30.51630401611328,0.0,1
30.517293453216553,0.0,1
30.51829743385315,0.0,1
30.519320487976074,0.0,1
30.52031183242798,0.0,1
30.521294593811035,0.0,1
30.526054620742798,0.0,1
30.52729105949402,0.0,1
30.52729105949402,0.0,1
30.528294801712036,0.0,1
30.528294801712036,0.0,1
30.528294801712036,0.0,1
30.529293298721313,0.0,1
30.529293298721313,0.0,1
30.530290603637695,0.0,1
30.53129243850708,0.0,1
30.535290479660034,0.0,1
30.535290479660034,0.0,1
30.535290479660034,0.0,1
30.535290479660034,0.0,1
30.535290479660034,0.0,1
30.537142276763916,0.0,1
30.53819704055786,0.0,1
30.539288759231567,0.0,1
30.540034532546997,0.0,1
30.541051387786865,0.0,1
30.542094945907593,0.0,1
30.543079376220703,0.0,1
30.544058799743652,0.0,1
30.54509973526001,0.0,1
30.546092748641968,0.0,1
30.547064781188965,0.0,1
30.548053979873657,0.0,1
30.549089670181274,0.0,1
30.549089670181274,0.0,1
30.550588607788086,0.0,1
30.551587343215942,0.0,1
30.55286931991577,0.0,1
30.55387258529663,0.0,1
30.554872274398804,0.0,1
30.555983066558838,0.0,1
30.557260036468506,0.0,1
30.55817699432373,0.0,1
30.55923867225647,0.0,1
30.56022071838379,0.0,1
30.56022071838379,0.0,1
30.562358617782593,0.0,1
30.56337308883667,0.0,1
30.564384698867798,0.0,1
30.565422773361206,0.0,1
30.566428422927856,0.0,1
30.571533203125,0.0,1
30.572540283203125,0.0,1
30.57383131980896,0.0,1
30.57506251335144,0.0,1
30.57506251335144,0.0,1
30.57506251335144,0.0,1
30.57506251335144,0.0,1
30.576071739196777,0.0,1
30.576071739196777,0.0,1
30.576071739196777,0.0,1
30.577173233032227,0.0,1
30.581326007843018,0.0,1
30.581326007843018,0.0,1
30.581326007843018,0.0,1
30.581326007843018,0.0,1
30.581326007843018,0.0,1
30.58274221420288,0.0,1
30.58403778076172,0.0,1
30.585092544555664,0.0,1
30.586206912994385,0.0,1
30.58723783493042,0.0,1
30.58821940422058,0.0,1
30.589385271072388,0.0,1
30.589385271072388,0.0,1
30.590404510498047,0.0,1
30.591413259506226,0.0,1
30.593460083007812,0.0,1
30.594451665878296,0.0,1
30.595454931259155,0.0,1
30.59645915031433,0.0,1
30.597448110580444,0.0,1
30.598471879959106,0.0,1
30.59947657585144,0.0,1
30.60046100616455,0.0,1
30.60046100616455,0.0,1
30.6019184589386,0.0,1
30.6029953956604,0.0,1
30.604024171829224,0.0,1
30.605276107788086,0.0,1
30.6062970161438,0.0,1
30.60731315612793,0.0,1
30.608173608779907,0.0,1
30.60919165611267,0.0,1
30.611182928085327,0.0,1
30.611182928085327,0.0,1
30.61185383796692,0.0,1
30.61292338371277,0.0,1
30.61388635635376,0.0,1
30.620117902755737,0.0,1
30.620117902755737,0.0,1
30.620117902755737,0.0,1
30.621561527252197,0.0,1
30.621561527252197,0.0,1
30.621561527252197,0.0,1
30.622740745544434,0.0,1
30.622740745544434,0.0,1
30.622740745544434,0.0,1
30.623765468597412,0.0,1
30.624738931655884,0.0,1
30.630249977111816,0.0,1
30.630249977111816,0.0,1
30.630249977111816,0.0,1
30.630249977111816,0.0,1
30.630249977111816,0.0,1
30.630249977111816,0.0,1
30.6315176486969,0.0,1
30.63260293006897,0.0,1
30.63354516029358,0.0,1
30.634594440460205,0.0,1
30.635591983795166,0.0,1
30.637174606323242,0.0,1
30.63818860054016,0.0,1
30.63924479484558,0.0,1
30.640181303024292,0.0,1
30.64121174812317,0.0,1
30.64121174812317,0.0,1
30.642770767211914,0.0,1
30.64370894432068,1e-05,1
30.645196437835693,1e-05,1
30.646348476409912,0.0,1
30.64734411239624,0.0,1
30.648358821868896,0.0,1
30.65035080909729,0.0,1
30.65035080909729,0.0,1
30.651344776153564,0.0,1
30.652379512786865,0.0,1
30.65334153175354,0.0,1
30.654399394989014,0.0,1
30.65534257888794,0.0,1
30.656131744384766,0.0,1
30.657341241836548,0.0,1
30.657934188842773,0.0,1
30.659350395202637,0.0,1
30.666714906692505,0.0,1
30.66771697998047,0.0,1
30.66771697998047,0.0,1
30.66911816596985,0.0,1
30.66911816596985,0.0,1
30.66911816596985,0.0,1
30.670427322387695,0.0,1
30.671377420425415,0.0,1
30.67336654663086,0.0,1
30.67336654663086,0.0,1
30.674371480941772,0.0,1
30.674371480941772,0.0,1
30.675862312316895,0.0,1
30.676860332489014,0.0,1
30.676860332489014,0.0,1
30.676860332489014,0.0,1
30.68557095527649,0.0,1
30.68557095527649,0.0,1
30.686604499816895,0.0,1
30.686604499816895,0.0,1
30.686604499816895,1e-05,1
30.687577724456787,0.0,1
30.687577724456787,0.0,1
30.687577724456787,0.0,1
30.687577724456787,0.0,1
30.687577724456787,0.0,1
30.687577724456787,0.0,1
30.688576698303223,0.0,1
30.688576698303223,0.0,1
30.688576698303223,0.0,1
30.689603090286255,0.0,1
30.690963983535767,0.0,1
30.692171573638916,0.0,1
30.693143129348755,0.0,1
30.694178342819214,0.0,1
30.695225477218628,0.0,1
30.696220874786377,0.0,1
30.69722557067871,0.0,1
30.6982262134552,0.0,1
30.69922184944153,0.0,1
30.700233936309814,0.0,1
30.70122742652893,0.0,1
30.702224254608154,0.0,1
30.703221559524536,0.0,1
30.70422863960266,0.0,1
30.705222129821777,0.0,1
30.71130061149597,0.0,1
30.71130061149597,0.0,1
30.71229577064514,0.0,1
30.714114904403687,0.0,1
30.714114904403687,0.0,1
30.715129613876343,0.0,1
30.715129613876343,0.0,1
30.71685481071472,0.0,1
30.71685481071472,0.0,1
30.717865467071533,0.0,1
30.717865467071533,0.0,1
30.718374490737915,0.0,1
30.718881130218506,0.0,1
30.718881130218506,0.0,1
30.722805976867676,0.0,1
30.722805976867676,0.0,1
30.722805976867676,0.0,1
30.722805976867676,0.0,1
30.724143981933594,0.0,1
30.725147485733032,0.0,1
30.72617268562317,0.0,1
30.7273006439209,0.0,1
30.728848218917847,0.0,1
30.729878664016724,0.0,1
30.729878664016724,0.0,1
30.73147463798523,0.0,1
30.73198938369751,0.0,1
30.73305654525757,0.0,1
30.73449206352234,0.0,1
30.735536813735962,0.0,1
30.73606777191162,0.0,1
30.73657488822937,0.0,1
30.7376606464386,0.0,1
30.73932933807373,1e-05,1
30.73932933807373,1e-05,1
30.740532875061035,1e-05,1
30.741533041000366,1e-05,1
30.742534637451172,1e-05,1
30.744558095932007,1e-05,1
30.746554851531982,1e-05,1
30.746554851531982,1e-05,1
30.747576236724854,1e-05,1
30.748534202575684,1e-05,1
30.749550580978394,1e-05,1
30.749550580978394,1e-05,1
30.752089977264404,1e-05,1
30.757383108139038,1e-05,1
30.75838351249695,1e-05,1
30.75838351249695,1e-05,1
30.759382963180542,1e-05,1
30.760382413864136,1e-05,1
30.760382413864136,1e-05,1
30.761414766311646,1e-05,1
30.762388229370117,0.0,1
30.762388229370117,0.0,1
30.763440370559692,0.0,1
30.763440370559692,0.0,1
30.763440370559692,0.0,1
30.764472723007202,0.0,1
30.768516540527344,0.0,1
30.768516540527344,0.0,1
30.768516540527344,0.0,1
30.768516540527344,0.0,1
30.768516540527344,0.0,1
30.770254611968994,0.0,1
30.771262407302856,0.0,1
30.77226686477661,0.0,1
30.773260831832886,0.0,1
30.77426052093506,0.0,1
30.775268077850342,0.0,1
30.776262998580933,0.0,1
30.77726697921753,0.0,1
30.77826428413391,0.0,1
30.779178380966187,0.0,1
30.779178380966187,0.0,1
30.780577659606934,0.0,1
30.78158712387085,0.0,1
30.78259825706482,0.0,1
30.78359889984131,0.0,1
30.784597635269165,0.0,1
30.785614490509033,0.0,1
30.786598920822144,0.0,1
30.78759765625,0.0,1
30.78859806060791,0.0,1
30.789597988128662,0.0,1
30.790598154067993,0.0,1
30.791597843170166,0.0,1
30.792620182037354,0.0,1
30.793612480163574,0.0,1
30.796005249023438,0.0,1
30.796005249023438,0.0,1
30.797945737838745,0.0,1
30.797945737838745,0.0,1
30.802449703216553,0.0,1
30.807438135147095,0.0,1
30.807438135147095,0.0,1
30.807438135147095,0.0,1
30.808435916900635,0.0,1
30.809495210647583,0.0,1
30.809495210647583,0.0,1
30.809495210647583,0.0,1
30.810433626174927,0.0,1
30.81143832206726,0.0,1
30.81143832206726,0.0,1
30.812440633773804,0.0,1
30.812440633773804,0.0,1
30.812440633773804,0.0,1
30.81345820426941,0.0,1
30.81643319129944,0.0,1
30.817482948303223,0.0,1
30.817482948303223,0.0,1
30.817482948303223,0.0,1
30.818284034729004,0.0,1
30.818284034729004,0.0,1
30.820164442062378,0.0,1
30.82115650177002,0.0,1
30.82223081588745,0.0,1
30.823199033737183,0.0,1
30.824193477630615,0.0,1
30.825217723846436,0.0,1
30.82619857788086,5e-05,1
30.82725477218628,0.00022,1
30.828192710876465,0.00022,1
30.82919979095459,0.00022,1
30.830265998840332,0.00022,1
30.83120822906494,0.00022,1
30.832262754440308,0.00022,1
30.83327293395996,0.00022,1
30.834271669387817,0.00022,1
30.83524990081787,0.00022,1
30.836271047592163,0.00022,1
30.83727216720581,0.00022,1
30.838200330734253,0.00022,1
30.839242696762085,0.00022,1
30.84026789665222,0.00022,1
30.841270685195923,0.00022,1
30.842172384262085,0.00022,1
30.843247890472412,0.00022,1
30.84823441505432,0.00022,1
30.85467028617859,0.00022,1
30.85604429244995,0.00022,1
30.85709547996521,0.00022,1
30.858101844787598,0.00022,1
30.859148502349854,0.00013,1
30.86015796661377,0.0,1
30.86123490333557,0.0,1
30.862775802612305,0.0,1
30.86328125,0.0,1
30.864818572998047,0.0,1
30.865328311920166,0.0,1
30.865328311920166,0.0,1
30.867357969284058,0.0,1
30.86838698387146,0.0,1
30.8725106716156,0.0,1
30.87350821495056,0.0,1
30.87350821495056,0.0,1
30.87350821495056,0.0,1
30.87350821495056,0.0,1
30.87350821495056,0.0,1
30.87350821495056,0.0,1
30.87350821495056,0.0,1
30.87350821495056,0.0,1
30.87350821495056,0.0,1
30.87453532218933,0.0,1
30.87453532218933,0.0,1
30.87453532218933,0.0,1
30.87453532218933,0.0,1
30.87453532218933,0.0,1
30.87453532218933,0.0,1
30.87453532218933,0.0,1
30.875680446624756,0.0,1
30.876664876937866,0.0,1
30.87816834449768,0.0,1
30.879238843917847,0.00046,1
30.880255460739136,0.00046,1
30.880255460739136,0.00046,1
30.88177728652954,0.00046,1
30.882798194885254,0.00046,1
30.88381338119507,0.00046,1
30.88481044769287,0.00019,1
30.885794639587402,0.0,1
30.886793851852417,0.0,1
30.88781976699829,0.0,1
30.88880753517151,0.0,1
30.89382290840149,0.0,1
30.894815921783447,0.0,1
30.8958261013031,0.0,1
30.8958261013031,0.0,1
30.89683723449707,0.0,1
30.898813009262085,0.0,1
30.89981245994568,0.0,1
30.90081024169922,0.0,1
30.901819705963135,0.0,1
30.90282130241394,0.0,1
30.90282130241394,0.0,1
30.90479016304016,0.0,1
30.90479016304016,0.0,1
30.906050205230713,0.0,1
30.906050205230713,0.0,1
30.907047510147095,0.0,1
30.907047510147095,0.0,1
30.907047510147095,0.0,1
30.911309242248535,9e-05,1
30.911309242248535,9e-05,1
30.912308931350708,9e-05,1
30.912308931350708,9e-05,1
30.912308931350708,9e-05,1
30.913292169570923,9e-05,1
30.914316415786743,9e-05,1
30.914316415786743,0.0,1
30.91551971435547,0.0,1
30.91651940345764,0.0,1
30.91751766204834,0.0,1
30.91853427886963,0.0,1
30.91998529434204,0.0,1
30.921415090560913,0.0,1
30.921415090560913,0.0,1
30.923435926437378,0.0,1
30.923435926437378,0.0,1
30.924437522888184,0.0,1
30.926481008529663,0.0,1
30.927470684051514,0.0,1
30.927470684051514,0.0,1
30.928544521331787,0.00023,1
30.92953586578369,0.0,1
30.931211471557617,0.0,1
30.932166814804077,0.0,1
30.93319058418274,0.0,1
30.934189558029175,0.0,1
30.935189723968506,0.0,1
30.936452865600586,0.0,1
30.936452865600586,0.0,1
30.93798279762268,0.0,1
30.93898296356201,0.0,1
30.93998074531555,0.0,1
30.94098138809204,0.0,1
30.94194269180298,0.0,1
30.943947792053223,0.0,1
30.943947792053223,2e-05,1
30.945789575576782,2e-05,1
30.945789575576782,2e-05,1
30.947311401367188,2e-05,1
30.947818279266357,2e-05,1
30.949340343475342,2e-05,1
30.949846506118774,2e-05,1
30.955233335494995,0.00076,1
30.955233335494995,0.00076,1
30.956269025802612,0.00076,1
30.956269025802612,0.00076,1
30.956269025802612,0.00076,1
30.957275867462158,0.00076,1
30.957815170288086,0.00076,1
30.95933508872986,0.00076,1
30.959848642349243,0.00076,1
30.961360216140747,0.00076,1
30.96186852455139,0.00076,1
30.96543788909912,0.00076,1
30.96543788909912,0.00076,1
30.965970039367676,0.00076,1
30.965970039367676,0.00076,1
30.965970039367676,0.0,1
30.966485738754272,0.0,1
30.967776775360107,0.0,1
30.96890640258789,0.0,1
30.970062494277954,0.0,1
30.971070289611816,0.0,1
30.972074031829834,0.0,1
30.97319269180298,0.0,1
30.974207878112793,0.0,1
30.975218296051025,0.0,1
30.976206064224243,0.0,1
30.977205991744995,0.0,1
30.97833251953125,0.0,1
30.97833251953125,0.0,1
30.97963237762451,0.0,1
30.980656147003174,0.0,1
30.98223114013672,0.0,1
30.983280897140503,0.0,1
30.984687566757202,0.0,1
30.984687566757202,0.0,1
30.98569631576538,0.0,1
30.98733401298523,0.0,1
30.98821210861206,0.0,1
30.989209175109863,0.0,1
30.99021315574646,0.0,1
30.991218090057373,0.0,1
30.991218090057373,0.0,1
30.992689847946167,0.0,1
30.995115041732788,0.0,1
30.995115041732788,0.0,1
30.996304750442505,0.0,1
30.997288942337036,0.0,1
31.005597829818726,0.0,1
31.00662136077881,0.0,1
31.00662136077881,0.0,1
31.00662136077881,0.0,1
31.00662136077881,0.0,1
31.007575035095215,0.0,1
31.007575035095215,0.0,1
31.007575035095215,0.0,1
31.00906467437744,0.0,1
31.01007628440857,0.0,1
31.01007628440857,0.0,1
31.011073112487793,0.0,1
31.012065410614014,0.0,1
31.012065410614014,0.0,1
31.013065814971924,0.0,1
31.013065814971924,0.0,1
31.017070770263672,0.0,1
31.017070770263672,0.0,1
31.017070770263672,0.0,1
31.017070770263672,0.0,1
31.018256664276123,0.0,1
31.019153833389282,0.0,1
31.019973278045654,0.0,1
31.021374464035034,0.0,1
31.022423028945923,0.0,1
31.023374795913696,0.0,1
31.023374795913696,0.0,1
31.025458574295044,0.0,1
31.02646780014038,0.0,1
31.027459621429443,0.0,1
31.027459621429443,0.0,1
31.02854037284851,0.0,1
31.029763221740723,0.00011,1
31.03073763847351,0.00015,1
31.03175139427185,0.00015,1
31.032734155654907,0.00015,1
31.03372836112976,0.00015,1
31.035730123519897,0.00015,1
31.035730123519897,0.00015,1
31.03677248954773,0.00015,1
31.03777241706848,0.00015,1
31.038774013519287,0.00015,1
31.040801525115967,0.00015,1
31.041253089904785,0.00015,1
31.043387413024902,0.00015,1
31.044270992279053,0.00015,1
31.044270992279053,0.00015,1
31.045271635055542,0.0,1
31.046266794204712,0.0,1
31.047272443771362,0.0,1
31.048264980316162,0.0,1
31.049265384674072,0.0,1
31.050272464752197,0.0,1
31.050272464752197,0.0,1
31.052194833755493,0.0,1
31.053205966949463,0.0,1
31.054235696792603,0.0,1
31.055238962173462,0.0,1
31.056223392486572,0.0,1
31.057209253311157,0.0,1
31.058223485946655,0.0,1
31.059247732162476,0.0,1
31.06122636795044,8e-05,1
31.065226554870605,0.0,1
31.070266008377075,0.0,1
31.071266174316406,0.0,1
31.07227087020874,0.0,1
31.07227087020874,0.0,1
31.07227087020874,0.0,1
31.07326364517212,0.0,1
31.07326364517212,0.0,1
31.07326364517212,0.0,1
31.07326364517212,0.0,1
31.074265956878662,0.0,1
31.074265956878662,0.0,1
31.074265956878662,0.0,1
31.074265956878662,0.0,1
31.07526135444641,0.0,1
31.07627558708191,0.0,1
31.07627558708191,0.0,1
31.084208726882935,0.0,1
31.084208726882935,0.0,1
31.084208726882935,0.0,1
31.085204124450684,0.0,1
31.085204124450684,0.00027,1
31.085204124450684,0.00033,1
31.086204767227173,0.00033,1
31.086204767227173,0.00033,1
31.086204767227173,0.00033,1
31.087241888046265,0.00033,1
31.088316917419434,0.00033,1
31.089205026626587,0.00033,1
31.090205192565918,0.00033,1
31.091246604919434,0.00033,1
31.092252731323242,0.00033,1
31.09324860572815,0.00033,1
31.094778299331665,0.00033,1
31.095858097076416,0.00033,1
31.096809148788452,0.00033,1
31.09781765937805,0.00033,1
31.098869562149048,0.00033,1
31.098869562149048,0.00033,1
31.099825859069824,0.00033,1
31.10081195831299,0.00033,1
31.102803945541382,0.00033,1
31.102803945541382,0.00033,1
31.103862762451172,0.00033,1
31.104804277420044,0.0,1
31.105865001678467,0.0,1
31.106900215148926,0.0,1
31.108153581619263,0.0,1
31.10945963859558,0.0,1
31.11049509048462,0.0,1
31.111048221588135,0.0,1
31.112271070480347,0.0,1
31.11323595046997,0.0,1
31.11323595046997,0.0,1
31.114420175552368,0.0,1
31.115448236465454,0.0,1
31.116418838500977,0.0,1
31.117423057556152,0.0,1
31.118445873260498,0.0,1
31.12041711807251,0.0,1
31.121416091918945,0.0,1
31.121416091918945,0.0,1
31.125847578048706,0.0,1
31.126825094223022,0.0,1
31.126825094223022,0.0,1
31.126825094223022,0.0,1
31.126825094223022,0.0,1
31.12809681892395,0.0,1
31.129215240478516,0.0,1
31.129215240478516,0.0,1
31.134698152542114,0.0,1
31.134698152542114,0.0,1
31.134698152542114,0.0,1
31.134698152542114,0.0,1
31.134698152542114,0.0,1
31.136188983917236,0.0,1
31.137193202972412,0.0,1
31.138264417648315,0.0,1
31.139397859573364,0.0,1
31.140400171279907,0.0,1
31.140400171279907,0.0,1
31.141711950302124,0.0,1
31.142808198928833,0.0,1
31.1438148021698,0.0,1
31.144792079925537,0.0,1
31.1457781791687,0.0,1
31.146823406219482,0.0,1
31.147819757461548,0.0,1
31.1487934589386,0.0,1
31.14982295036316,0.0,1
31.15077829360962,0.0,1
31.15177822113037,0.0,1
31.152841567993164,0.0,1
31.153819799423218,0.0,1
31.155121564865112,0.0,1
31.156211853027344,0.0,1
31.1572105884552,0.0,1
31.158209800720215,0.0,1
31.159212112426758,0.0,1
31.160231351852417,0.0,1
31.161189079284668,0.0,1
31.162266731262207,0.00015,1
31.163280725479126,8e-05,1
31.16429901123047,0.0,1
31.16530680656433,0.0,1
31.16633677482605,0.0,1
31.16735029220581,0.0,1
31.16835880279541,0.0,1
31.16835880279541,0.0,1
31.1705002784729,0.0,1
31.172770977020264,0.0,1
31.172770977020264,0.0,1
31.17417621612549,0.0,1
31.17417621612549,0.0,1
31.175183296203613,0.0,1
31.176215410232544,0.0,1
31.17722225189209,0.0,1
31.180511474609375,0.0,1
31.180511474609375,0.0,1
31.180511474609375,0.0,1
31.180511474609375,0.0,1
31.18191695213318,0.0,1
31.18297815322876,0.0,1
31.18416166305542,0.0,1
31.185171365737915,0.00026,1
31.185171365737915,0.00026,1
31.1875901222229,0.00026,1
31.1875901222229,0.00026,1
31.18858814239502,0.00026,1
31.18958592414856,0.00026,1
31.190585136413574,0.00026,1
31.19258713722229,0.00026,1
31.19258713722229,0.00026,1
31.19463348388672,0.00026,1
31.19463348388672,0.00026,1
31.195606231689453,0.00026,1
31.196589469909668,0.00026,1
31.19777274131775,0.00026,1
31.198804140090942,0.00026,1
31.199809551239014,0.0,1
31.200791120529175,0.0,1
31.201971769332886,0.0,1
31.20298480987549,0.0,1
31.20398712158203,0.0,1
31.205026149749756,0.0,1
31.20598578453064,0.0,1
31.206990480422974,0.0,1
31.2079918384552,0.0,1
31.20903253555298,0.0,1
31.20999836921692,0.0,1
31.21099042892456,0.0,1
31.21198344230652,0.0,1
31.213250398635864,0.0,1
31.21423840522766,0.0,1
31.21423840522766,0.0,1
31.215485334396362,0.0,1
31.220305681228638,0.0,1
31.221630096435547,0.0,1
31.221630096435547,0.0,1
31.221630096435547,0.0,1
31.222641229629517,0.0,1
31.222641229629517,0.00013,1
31.223645210266113,9e-05,1
31.224648475646973,9e-05,1
31.22562837600708,9e-05,1
31.226627588272095,9e-05,1
31.228636264801025,9e-05,1
31.236634254455566,9e-05,1
31.236634254455566,9e-05,1
31.23762798309326,9e-05,1
31.23762798309326,9e-05,1
31.23865008354187,9e-05,1
31.23865008354187,9e-05,1
31.23865008354187,9e-05,1
31.239627599716187,0.0,1
31.239627599716187,0.0,1
31.239627599716187,0.0,1
31.240626573562622,0.0,1
31.240626573562622,0.0,1
31.240626573562622,0.0,1
31.240626573562622,0.0,1
31.242660999298096,0.0,1
31.243144035339355,0.0,1
31.244304418563843,6e-05,1
31.244304418563843,6e-05,1
31.245499849319458,6e-05,1
31.24651288986206,6e-05,1
31.247649431228638,6e-05,1
31.248648643493652,6e-05,1
31.24965810775757,6e-05,1
31.250648498535156,6e-05,1
31.251654863357544,6e-05,1
31.25264859199524,6e-05,1
31.25365400314331,6e-05,1
31.254648447036743,6e-05,1
31.255653858184814,6e-05,1
31.256648540496826,6e-05,1
31.257653951644897,0.0,1
31.25968360900879,0.00014,1
31.25968360900879,0.00014,1
31.26167893409729,0.00014,1
31.26167893409729,0.00014,1
31.26378583908081,0.00014,1
31.26378583908081,0.00014,1
31.26531410217285,0.00014,1
31.265820503234863,0.00014,1
31.267379999160767,0.00014,1
31.267904043197632,0.00014,1
31.269304990768433,0.00014,1
31.270393133163452,0.00014,1
31.270393133163452,0.00014,1
31.27155876159668,0.00014,1
31.272592782974243,0.00014,1
31.273641347885132,0.00014,1
31.275176286697388,0.00014,1
31.275691032409668,0.00014,1
31.278849363327026,0.00014,1
31.283568859100342,0.00014,1
31.284101724624634,0.00014,1
31.284101724624634,0.00014,1
31.285136222839355,0.00014,1
31.285136222839355,0.00044,1
31.285680770874023,0.0,1
31.286193370819092,0.0,1
31.286193370819092,0.0,1
31.287208318710327,0.0,1
31.287208318710327,0.0,1
31.288224697113037,0.0,1
31.291211128234863,0.0,1
31.29262351989746,0.0,1
31.29262351989746,0.0,1
31.29262351989746,0.0,1
31.29262351989746,0.0,1
31.294758796691895,0.00011,1
31.295819520950317,0.00011,1
31.295819520950317,0.00011,1
31.297809600830078,0.00011,1
31.298752784729004,0.00011,1
31.2998046875,0.00011,1
31.300787925720215,0.00011,1
31.301761627197266,0.00011,1
31.302769899368286,0.00011,1
31.303781032562256,5e-05,1
31.304767608642578,5e-05,1
31.305805444717407,5e-05,1
31.30674457550049,5e-05,1
31.30674457550049,5e-05,1
31.308635234832764,5e-05,1
31.308635234832764,5e-05,1
31.310193061828613,5e-05,1
31.311195373535156,5e-05,1
31.312204837799072,5e-05,1
31.313203811645508,5e-05,1
31.314274311065674,5e-05,1
31.315274953842163,5e-05,1
31.3162899017334,5e-05,1
31.317272186279297,5e-05,1
31.318284034729004,5e-05,1
31.3192720413208,5e-05,1
31.320271968841553,5e-05,1
31.321271896362305,5e-05,1
31.322279691696167,5e-05,1
31.323271989822388,5e-05,1
31.330420970916748,5e-05,1
31.331416606903076,0.0,1
31.333807706832886,0.00038,1
31.334908962249756,0.00038,1
31.33593201637268,0.00038,1
31.336931228637695,0.00038,1
31.338899850845337,0.00038,1
31.34021282196045,0.00038,1
31.34021282196045,0.00038,1
31.341214418411255,0.00038,1
31.341214418411255,0.00038,1
31.34221315383911,0.00038,1
31.34530782699585,0.00038,1
31.34631848335266,0.00038,1
31.34631848335266,0.00038,1
31.34631848335266,0.0,1
31.34631848335266,0.0,1
31.34631848335266,0.0,1
31.34631848335266,0.0,1
31.34631848335266,0.0,1
31.34631848335266,0.0,1
31.34631848335266,0.0,1
31.34631848335266,0.0,1
31.34732151031494,0.0,1
31.34822702407837,0.0,1
31.34934663772583,0.0,1
31.350372552871704,0.0,1
31.351346731185913,0.0,1
31.351346731185913,0.0,1
31.353474140167236,0.0,1
31.35446572303772,7e-05,1
31.355527877807617,7e-05,1
31.355527877807617,7e-05,1
31.357205867767334,7e-05,1
31.358243703842163,7e-05,1
31.35925030708313,7e-05,1
31.35925030708313,7e-05,1
31.36159873008728,0.0,1
31.36159873008728,0.0,1
31.363057374954224,0.0,1
31.364287614822388,0.0,1
31.36553716659546,0.0,1
31.36759853363037,0.0,1
31.36759853363037,0.0,1
31.36759853363037,0.0,1
31.369580030441284,0.0,1
31.37057638168335,0.0,1
31.371560096740723,0.0,1
31.372679948806763,0.0,1
31.372679948806763,0.0,1
31.374023914337158,0.0,1
31.375542879104614,0.0,1
31.37677025794983,0.00026,1
31.376991987228394,0.00026,1
31.378098726272583,0.00026,1
31.379202127456665,0.00026,1
31.380221366882324,0.00026,1
31.381212949752808,0.00026,1
31.382230281829834,0.00026,1
31.383312940597534,0.00026,1
31.384309768676758,0.0,1
31.3853120803833,0.0,1
31.38846731185913,0.0,1
31.389466524124146,0.0,1
31.389466524124146,0.0,1
31.389466524124146,0.0,1
31.390465259552002,0.0,1
31.39147138595581,0.0,1
31.39147138595581,0.0,1
31.3936927318573,0.0,1
31.395678997039795,0.0,1
31.395678997039795,0.0,1
31.396680116653442,0.0,1
31.40471053123474,0.0,1
31.40471053123474,0.0,1
31.40471053123474,0.00046,1
31.40566921234131,0.00046,1
31.40566921234131,0.00046,1
31.40566921234131,0.00046,1
31.40566921234131,0.00046,1
31.40566921234131,0.00046,1
31.40566921234131,0.00046,1
31.40566921234131,0.00046,1
31.406909942626953,0.00046,1
31.40806531906128,0.00046,1
31.40926694869995,0.00046,1
31.41036367416382,1e-05,1
31.41117835044861,1e-05,1
31.41219472885132,1e-05,1
31.412901878356934,1e-05,1
31.41401696205139,1e-05,1
31.41504430770874,1e-05,1
31.416019916534424,1e-05,1
31.417020797729492,1e-05,1
31.41804838180542,1e-05,1
31.41901731491089,0.0,1
31.420089721679688,0.0,1
31.421082735061646,0.0,1
31.42206358909607,0.0,1
31.423053741455078,0.0,1
31.424066066741943,0.0,1
31.425021171569824,0.0,1
31.426039695739746,0.0,1
31.428101062774658,0.0,1
31.428101062774658,0.0,1
31.43009614944458,0.0,1
31.43009614944458,0.0,1
31.431053161621094,0.0,1
31.434077978134155,0.0,1
31.439051866531372,0.0,1
31.44013738632202,7e-05,1
31.441138744354248,6e-05,1
31.441138744354248,0.0,1
31.441138744354248,0.0,1
31.441138744354248,0.0,1
31.442523956298828,0.0,1
31.442523956298828,0.0,1
31.443689107894897,0.0,1
31.444709062576294,0.0,1
31.444709062576294,0.0,1
31.4457049369812,0.0,1
31.4457049369812,0.0,1
31.4457049369812,0.0,1
31.449202060699463,0.0,1
31.45068335533142,0.0,1
31.45068335533142,0.0,1
31.45068335533142,0.0,1
31.45114278793335,0.0,1
31.452157735824585,0.0,1
31.453244924545288,0.0,1
31.454256296157837,0.0,1
31.455252408981323,0.00013,1
31.456257820129395,0.0,1
31.4572594165802,0.0,1
31.458256721496582,0.0,1
31.459253787994385,0.0,1
31.460256814956665,0.0,1
31.46125340461731,0.0,1
31.46225094795227,0.0,1
31.463253498077393,0.0,1
31.464257955551147,0.0,1
31.465261459350586,0.0,1
31.466259956359863,0.0,1
31.467257261276245,0.0,1
31.46826481819153,0.0,1
31.469264268875122,6e-05,1
31.469264268875122,6e-05,1
31.47120976448059,6e-05,1
31.472216367721558,6e-05,1
31.47300958633423,6e-05,1
31.474210262298584,6e-05,1
31.475248098373413,6e-05,1
31.47626233100891,6e-05,1
31.477797508239746,6e-05,1
31.477797508239746,6e-05,1
31.486735820770264,0.00047,1
31.487751960754395,0.00047,1
31.487751960754395,0.00047,1
31.4891414642334,0.00047,1
31.490171432495117,0.00047,1
31.490171432495117,0.00047,1
31.491159677505493,0.00047,1
31.4921612739563,0.00047,1
31.493249893188477,0.00047,1
31.493249893188477,0.00047,1
31.494248628616333,0.00047,1
31.495248556137085,0.00047,1
31.498249769210815,0.00047,1
31.498249769210815,4e-05,1
31.499253273010254,4e-05,1
31.499253273010254,0.00022,1
31.499253273010254,0.00022,1
31.499253273010254,0.00022,1
31.499253273010254,0.00022,1
31.499253273010254,0.00022,1
31.50024962425232,0.00022,1
31.50024962425232,0.00022,1
31.50125479698181,0.00022,1
31.50224995613098,0.00022,1
31.50320792198181,0.00022,1
31.504297256469727,0.00022,1
31.505249977111816,0.00022,1
31.50625777244568,0.00022,1
31.507256269454956,0.00022,1
31.50826334953308,0.00022,1
31.509260416030884,0.00022,1
31.509260416030884,0.00022,1
31.51062297821045,0.00022,1
31.511638402938843,0.00022,1
31.512638807296753,0.00022,1
31.513638019561768,0.00022,1
31.514638423919678,0.00022,1
31.51563811302185,0.00022,1
31.516639232635498,0.00022,1
31.51763892173767,0.00022,1
31.518638610839844,0.00022,1
31.519638061523438,0.00022,1
31.520638465881348,0.0,1
31.52225637435913,0.0,1
31.523157596588135,0.0,1
31.523157596588135,0.0,1
31.527430534362793,0.0,1
31.53145408630371,0.0,1
31.53145408630371,0.0,1
31.532512664794922,0.0,1
31.532512664794922,0.0,1
31.532512664794922,0.0,1
31.53351879119873,0.0,1
31.534058332443237,0.0,1
31.534058332443237,0.0,1
31.53457283973694,0.0,1
31.53560733795166,0.0,1
31.53677535057068,0.00042,1
31.537784576416016,0.00042,1
31.541967153549194,0.00042,1
31.541967153549194,0.00042,1
31.541967153549194,0.00042,1
31.54300570487976,0.00042,1
31.54300570487976,0.00042,1
31.54300570487976,0.00042,1
31.54441475868225,0.00042,1
31.545419454574585,0.00042,1
31.546204566955566,0.00042,1
31.546918392181396,0.00042,1
31.547959804534912,0.00042,1
31.549235105514526,0.00042,1
31.55031442642212,0.00042,1
31.551205158233643,0.00042,1
31.551795482635498,0.00042,1
31.553258895874023,0.00042,1
31.553802013397217,0.00042,1
31.55481481552124,0.00042,1
31.55582022666931,0.00042,1
31.557182550430298,2e-05,1
31.558197021484375,0.0,1
31.55923366546631,0.0,1
31.55923366546631,0.0,1
31.560808658599854,0.0,1
31.561867475509644,0.0,1
31.562827348709106,0.0,1
31.56381916999817,0.0,1
31.56482219696045,0.0,1
31.565864324569702,0.0,1
31.566866397857666,0.0,1
31.56786012649536,0.0,1
31.568944692611694,0.0,1
31.569942235946655,0.0,1
31.572980880737305,0.0,1
31.572980880737305,0.0,1
31.57764983177185,0.0,1
31.579437017440796,0.0,1
31.579437017440796,0.0,1
31.580451726913452,0.0,1
31.581504344940186,0.0,1
31.581504344940186,0.0,1
31.58255124092102,0.0,1
31.58255124092102,0.0,1
31.58310079574585,0.0,1
31.583643674850464,0.0,1
31.584654092788696,0.0,1
31.584654092788696,0.0,1
31.58519721031189,0.0,1
31.59139609336853,0.0,1
31.591949939727783,0.0,1
31.591949939727783,0.0,1
31.591949939727783,0.0,1
31.592999696731567,0.0,1
31.592999696731567,0.0,1
31.592999696731567,0.0,1
31.592999696731567,0.0,1
31.594223976135254,0.0,1
31.595812559127808,0.0,1
31.596325635910034,0.0,1
31.59734082221985,0.0,1
31.59838104248047,0.0,1
31.599385738372803,0.0,1
31.600211143493652,0.0,1
31.60089421272278,0.0,1
31.601935863494873,0.0,1
31.60319232940674,0.0,1
31.60420799255371,0.0,1
31.60420799255371,0.0,1
31.60562491416931,0.0,1
31.606629610061646,0.0,1
31.607624292373657,0.0,1
31.608700275421143,0.00029,1
31.610690355300903,0.0,1
31.61164093017578,0.0,1
31.6126492023468,0.0,1
31.613635540008545,0.0,1
31.613635540008545,0.0,1
31.615771532058716,0.0,1
31.62015151977539,0.0,1
31.62015151977539,0.0,1
31.624120235443115,0.0,1
31.62513041496277,0.0,1
31.62513041496277,0.0,1
31.62513041496277,0.0,1
31.626214265823364,0.0,1
31.626214265823364,0.0,1
31.626214265823364,0.0,1
31.62718677520752,0.0,1
31.62718677520752,0.0,1
31.62718677520752,0.0,1
31.62817621231079,0.0,1
31.62912344932556,0.0,1
31.634517908096313,0.0,1
31.634517908096313,0.0,1
31.634517908096313,0.0003,1
31.634517908096313,0.0,1
31.634517908096313,0.0,1
31.635554790496826,0.0,1
31.636608362197876,0.0,1
31.63722825050354,0.0,1
31.638197422027588,0.0,1
31.639233827590942,0.0,1
31.64018726348877,0.0,1
31.64120101928711,0.0,1
31.642200231552124,0.0,1
31.64329481124878,0.0,1
31.64329481124878,0.0,1
31.64466905593872,0.0,1
31.64566731452942,0.0,1
31.646666526794434,0.0,1
31.647661924362183,0.0,1
31.6487295627594,0.0,1
31.64966607093811,0.0,1
31.65066647529602,0.0,1
31.651672840118408,0.0,1
31.652665376663208,0.0,1
31.653666257858276,0.0,1
31.654670000076294,0.0,1
31.655731201171875,0.0,1
31.656710863113403,0.0,1
31.657734870910645,0.0,1
31.659724712371826,0.0,1
31.659724712371826,0.0,1
31.66071605682373,0.0,1
31.662461280822754,0.0,1
31.667200088500977,0.0,1
31.66832184791565,0.0,1
31.66832184791565,0.0,1
31.66989278793335,0.0,1
31.66989278793335,0.0,1
31.66989278793335,0.00026,1
31.671515226364136,0.00026,1
31.672526597976685,0.00069,1
31.67402458190918,0.00069,1
31.67402458190918,0.00069,1
31.67572331428528,0.00069,1
31.676733016967773,0.00069,1
31.678083181381226,0.00069,1
31.688160181045532,0.00069,1
31.688160181045532,0.00069,1
31.688160181045532,0.00069,1
31.689223527908325,0.00069,1
31.689223527908325,0.00069,1
31.689223527908325,0.00069,1
31.689223527908325,0.00069,1
31.689223527908325,0.00069,1
31.689223527908325,0.00069,1
31.689223527908325,0.00069,1
31.69022560119629,0.00069,1
31.69022560119629,0.00069,1
31.69022560119629,0.00069,1
31.69022560119629,0.00069,1
31.69022560119629,0.00069,1
31.69141912460327,0.00068,1
31.692197799682617,0.00068,1
31.693427562713623,0.00068,1
31.69418716430664,0.00068,1
31.694746494293213,0.00068,1
31.695764303207397,0.0,1
31.69680404663086,0.0,1
31.697810649871826,0.0,1
31.698816776275635,0.0,1
31.699764728546143,0.0,1
31.700803756713867,0.0,1
31.70178532600403,0.0,1
31.702768325805664,0.0,1
31.703771829605103,0.0,1
31.70479154586792,0.0,1
31.705789804458618,0.0,1
31.706794261932373,0.0,1
31.70776629447937,0.0,1
31.708797693252563,0.0,1
31.709778785705566,0.0,1
31.710798263549805,0.0,1
31.71287703514099,0.0,1
31.713866472244263,0.0,1
31.713866472244263,0.0,1
31.714808225631714,0.0,1
31.716851949691772,0.0,1
31.716851949691772,0.0,1
31.717891693115234,0.0,1
31.718909740447998,0.0,1
31.719902515411377,0.0,1
31.721285343170166,0.0,1
31.722387552261353,0.0,1
31.72335958480835,0.0,1
31.725514888763428,0.0,1
31.729542016983032,0.0,1
31.73158860206604,0.0,1
31.73256778717041,0.0,1
31.73354482650757,0.0,1
31.73456907272339,6e-05,1
31.736594200134277,6e-05,1
31.736594200134277,6e-05,1
31.73855233192444,6e-05,1
31.739579677581787,6e-05,1
31.739579677581787,6e-05,1
31.739579677581787,6e-05,1
31.74071955680847,6e-05,1
31.741737604141235,6e-05,1
31.744739532470703,6e-05,1
31.744739532470703,6e-05,1
31.744739532470703,6e-05,1
31.74573802947998,6e-05,1
31.74573802947998,6e-05,1
31.74573802947998,6e-05,1
31.74573802947998,6e-05,1
31.74573802947998,6e-05,1
31.74573802947998,6e-05,1
31.746732711791992,6e-05,1
31.747779607772827,0.0,1
31.749151945114136,0.0,1
31.750126361846924,0.0,1
31.75114941596985,0.0,1
31.75216317176819,0.0,1
31.75318670272827,0.0,1
31.754183769226074,0.0,1
31.755162477493286,0.0,1
31.75619626045227,0.0,1
31.75716733932495,0.0,1
31.75821042060852,0.0,1
31.759164094924927,0.0,1
31.760184288024902,0.0,1
31.76118779182434,0.0,1
31.762184619903564,0.0,1
31.76319456100464,0.0,1
31.76418375968933,0.0,1
31.76520538330078,0.0,1
31.766164779663086,0.0,1
31.767162322998047,0.0,1
31.768292665481567,0.0,1
31.76916003227234,0.0,1
31.77014946937561,0.0,1
31.771196603775024,0.0,1
31.772481203079224,0.0,1
31.777451276779175,0.00025,1
31.77846908569336,0.00025,1
31.78050971031189,0.00025,1
31.78151822090149,0.00025,1
31.78151822090149,0.00025,1
31.782732725143433,0.00025,1
31.782732725143433,0.00025,1
31.783750772476196,0.00025,1
31.783750772476196,0.00025,1
31.788906574249268,0.00025,1
31.788906574249268,0.00025,1
31.789419174194336,0.00025,1
31.789419174194336,0.00025,1
31.789419174194336,0.00025,1
31.789419174194336,0.00025,1
31.789419174194336,0.00025,1
31.790431022644043,0.00025,1
31.790431022644043,0.00025,1
31.790431022644043,0.00025,1
31.792457818984985,0.00025,1
31.793484449386597,7e-05,1
31.793484449386597,0.00011,1
31.79496717453003,0.00011,1
31.796188354492188,0.00011,1
31.797293663024902,0.00011,1
31.798307180404663,0.00011,1
31.799363613128662,0.00011,1
31.800368785858154,0.00011,1
31.801331996917725,0.00011,1
31.802336931228638,0.00011,1
31.802336931228638,0.00011,1
31.80383062362671,0.00011,1
31.80483889579773,0.00011,1
31.80593490600586,0.00011,1
31.807185173034668,0.00062,1
31.808225393295288,0.00062,1
31.809220790863037,0.00026,1
31.81126856803894,0.00026,1
31.81126856803894,0.00026,1
31.813291311264038,0.00026,1
31.813291311264038,0.00026,1
31.814239025115967,0.00026,1
31.815227031707764,0.00026,1
31.81622862815857,0.00026,1
31.817227602005005,0.00026,1
31.819223165512085,0.00026,1
31.8232204914093,0.00026,1
31.82422709465027,0.00026,1
31.825231790542603,0.00026,1
31.826224327087402,0.00026,1
31.827231645584106,0.00026,1
31.82822012901306,0.00026,1
31.82822012901306,0.00026,1
31.829222917556763,0.00026,1
31.829222917556763,0.00026,1
31.83022665977478,0.00026,1
31.83022665977478,0.00026,1
31.831222534179688,0.0,1
31.83866286277771,0.0,1
31.83866286277771,8e-05,1
31.83866286277771,8e-05,1
31.83866286277771,8e-05,1
31.839572191238403,8e-05,1
31.839572191238403,8e-05,1
31.839572191238403,8e-05,1
31.839572191238403,8e-05,1
31.839572191238403,8e-05,1
31.839572191238403,8e-05,1
31.840898275375366,8e-05,1
31.841939687728882,8e-05,1
31.842937469482422,0.00029,1
31.84496760368347,0.00029,1
31.845916032791138,0.00029,1
31.84695315361023,0.00029,1
31.84695315361023,0.00029,1
31.848915576934814,0.00029,1
31.850040674209595,0.00029,1
31.851062297821045,0.0,1
31.851062297821045,0.0,1
31.85204005241394,0.0,1
31.853179693222046,0.0,1
31.854201793670654,0.0,1
31.855424404144287,0.0,1
31.855424404144287,0.0,1
31.8564395904541,0.0,1
31.85742211341858,0.0,1
31.85890769958496,0.0,1
31.86024570465088,0.0,1
31.86024570465088,0.0,1
31.862661123275757,0.0,1
31.862661123275757,0.0,1
31.864821434020996,0.0,1
31.870869398117065,0.00056,1
31.870869398117065,0.0,1
31.872855186462402,0.00016,1
31.872855186462402,0.00016,1
31.872855186462402,0.00016,1
31.874308824539185,0.00016,1
31.874308824539185,0.00016,1
31.87631583213806,0.00016,1
31.878665685653687,0.00016,1
31.879831314086914,0.00016,1
31.88105535507202,0.00016,1
31.882092237472534,0.00016,1
31.888701915740967,0.00016,1
31.888701915740967,0.00016,1
31.888701915740967,0.00016,1
31.888701915740967,0.00016,1
31.889718532562256,0.00016,1
31.889718532562256,0.00016,1
31.889718532562256,0.00016,1
31.889718532562256,0.00016,1
31.889718532562256,0.00016,1
31.889718532562256,0.00016,1
31.89071822166443,0.00016,1
31.89071822166443,0.00013,1
31.89071822166443,0.00013,1
31.89071822166443,5e-05,1
31.89071822166443,5e-05,1
31.892704963684082,5e-05,1
31.892704963684082,5e-05,1
31.894132375717163,5e-05,1
31.8951735496521,5e-05,1
31.8951735496521,5e-05,1
31.896570920944214,5e-05,1
31.89758825302124,5e-05,1
31.89887547492981,5e-05,1
31.900209188461304,5e-05,1
31.901245594024658,0.0,1
31.902181386947632,0.0,1
31.90319538116455,0.0,1
31.90418839454651,0.0,1
31.905194997787476,0.0,1
31.906187772750854,0.0,1
31.907222509384155,0.00031,1
31.908189058303833,0.00031,1
31.909198999404907,0.00031,1
31.91123914718628,0.00031,1
31.913418531417847,0.00031,1
31.91930389404297,0.00031,1
31.921302318572998,0.00031,1
31.922334671020508,0.00031,1
31.923413038253784,0.00031,1
31.924439430236816,0.00031,1
31.925703048706055,0.00031,1
31.925703048706055,0.00031,1
31.930585384368896,0.00031,1
31.930585384368896,0.00031,1
31.930585384368896,0.00031,1
31.930585384368896,0.00031,1
31.930585384368896,0.00031,1
31.930585384368896,0.00031,1
31.931602478027344,0.00031,1
31.931602478027344,0.00031,1
31.931602478027344,0.00031,1
31.931602478027344,0.00031,1
31.931602478027344,0.00031,1
31.931602478027344,0.00031,1
31.931602478027344,0.0,1
31.932587385177612,0.0,1
31.93317747116089,0.0,1
31.934202909469604,0.0,1
31.935211896896362,0.0,1
31.936208248138428,0.0,1
31.93720817565918,0.0,1
31.938214778900146,0.0,1
31.93920874595642,0.0,1
31.94020962715149,0.0,1
31.94125509262085,0.0,1
31.94221019744873,0.0,1
31.943213939666748,0.0,1
31.944211721420288,0.0,1
31.945241689682007,1e-05,1
31.94624376296997,0.0,1
31.94724750518799,0.0,1
31.94825053215027,0.0,1
31.94925594329834,0.0,1
31.950242519378662,0.0,1
31.95121955871582,0.0,1
31.952356576919556,0.0,1
31.953157424926758,0.0,1
31.95430326461792,0.0,1
31.955315113067627,0.0,1
31.956314086914062,0.0,1
31.957313776016235,0.0,1
31.958317756652832,0.0,1
31.964977025985718,0.0,1
31.96597647666931,0.0,1
31.96597647666931,0.0,1
31.967000246047974,0.0,1
31.967000246047974,0.0,1
31.967000246047974,0.0,1
31.96798038482666,0.0,1
31.96798038482666,0.0,1
31.96899724006653,0.0,1
31.96899724006653,0.0,1
31.96899724006653,0.0,1
31.9709951877594,0.0,1
31.9709951877594,0.0,1
31.971996784210205,0.0,1
31.979483127593994,0.0,1
31.979483127593994,0.0,1
31.979483127593994,0.0,1
31.979483127593994,0.0,1
31.979483127593994,0.0,1
31.979483127593994,0.0,1
31.979483127593994,0.0,1
31.980480432510376,0.0,1
31.98115563392639,0.0,1
31.982194185256958,0.0,1
31.982194185256958,0.0,1
31.98370385169983,0.0,1
31.98477578163147,0.0,1
31.98621439933777,0.0,1
31.9869544506073,0.0,1
31.988006353378296,0.0,1
31.989322423934937,0.0,1
31.990325927734375,0.0,1
31.991342067718506,0.0,1
31.992343187332153,0.0,1
31.993327856063843,0.0,1
31.994367122650146,0.0,1
31.99534249305725,0.0,1
31.996325731277466,0.0,1
31.997385501861572,0.0,1
31.998332500457764,0.0,1
31.999842166900635,0.0,1
31.999842166900635,0.0,1
32.00121021270752,0.0,1
32.00121021270752,0.0,1
32.002978563308716,0.0,1
32.00404977798462,0.0,1
32.01010775566101,0.0,1
32.01120686531067,0.0,1
32.01120686531067,0.0,1
32.01225686073303,0.0,1
32.01225686073303,0.0,1
32.013246059417725,0.0,1
32.01425099372864,0.0,1
32.01524019241333,0.0,1
32.01524019241333,0.0,1
32.01524019241333,0.0,1
32.01653695106506,0.0,1
32.01653695106506,0.0,1
32.017672538757324,0.0,1
32.02215313911438,0.0,1
32.02215313911438,0.0,1
32.02215313911438,0.0,1
32.02215313911438,0.0,1
32.02215313911438,0.0,1
32.02316188812256,0.0,1
32.024163246154785,0.0,1
32.025177240371704,0.0,1
32.02616620063782,0.0,1
32.0271577835083,0.0001,1
32.027937173843384,0.0001,1
32.029353618621826,0.0001,1
32.03034520149231,0.0001,1
32.03034520149231,0.0001,1
32.031404972076416,0.0001,1
32.033180475234985,0.0,1
32.034223556518555,0.0,1
32.035245180130005,0.0,1
32.035245180130005,0.0,1
32.03643488883972,0.0,1
32.03772521018982,0.0,1
32.0387978553772,0.0,1
32.03975510597229,0.0,1
32.040783405303955,0.0,1
32.04172873497009,0.0,1
32.043771266937256,0.00028,1
32.044753074645996,0.00028,1
32.04572939872742,0.00028,1
32.046762466430664,0.00028,1
32.04777002334595,0.00028,1
32.04875421524048,0.00028,1
32.04974436759949,0.00028,1
32.050761222839355,0.00028,1
32.05172848701477,0.00028,1
32.057146310806274,0.00028,1
32.057146310806274,0.00028,1
32.058260917663574,0.00028,1
32.05925941467285,0.00028,1
32.05925941467285,0.00028,1
32.06026101112366,0.00028,1
32.06125998497009,0.00028,1
32.06125998497009,0.00028,1
32.06226086616516,0.00028,1
32.06226086616516,0.00028,1
32.06325817108154,0.00028,1
32.06325817108154,0.00046,1
32.067283153533936,0.00046,1
32.067283153533936,0.0,1
32.067283153533936,0.0,1
32.067283153533936,0.0,1
32.0682578086853,0.0,1
32.069159507751465,0.0,1
32.07012438774109,0.0,1
32.071149826049805,0.0,1
32.07217884063721,0.0,1
32.073187589645386,0.0,1
32.0744903087616,0.0,1
32.0744903087616,0.0,1
32.07618689537048,0.0,1
32.077213287353516,0.00021,1
32.078211307525635,0.00021,1
32.07924675941467,0.00021,1
32.08024024963379,0.00021,1
32.081196308135986,0.00021,1
32.08221173286438,0.00021,1
32.08221173286438,0.00021,1
32.0837197303772,7e-05,1
32.08473014831543,7e-05,1
32.08574557304382,7e-05,1
32.08672881126404,7e-05,1
32.08775186538696,7e-05,1
32.088728189468384,7e-05,1
32.08973050117493,7e-05,1
32.09072971343994,7e-05,1
32.09319734573364,7e-05,1
32.09319734573364,7e-05,1
32.09459972381592,7e-05,1
32.09569334983826,7e-05,1
32.09569334983826,7e-05,1
32.0968804359436,7e-05,1
32.09887671470642,7e-05,1
32.09887671470642,0.0,1
32.10205149650574,0.0,1
32.10518550872803,9e-05,1
32.10619831085205,9e-05,1
32.10619831085205,9e-05,1
32.10718894004822,9e-05,1
32.10718894004822,9e-05,1
32.108165979385376,9e-05,1
32.108165979385376,9e-05,1
32.1093168258667,9e-05,1
32.11032199859619,0.0,1
32.11360049247742,0.0,1
32.11592435836792,0.0,1
32.116931676864624,0.0,1
32.116931676864624,0.0,1
32.118409156799316,0.0,1
32.119447231292725,0.0,1
32.12245416641235,0.0,1
32.12344193458557,0.0,1
32.12344193458557,0.0,1
32.12344193458557,0.0,1
32.12344193458557,0.0,1
32.12344193458557,0.0,1
32.12344193458557,0.0,1
32.12344193458557,0.0,1
32.12451362609863,0.0,1
32.125086545944214,0.0,1
32.12609529495239,0.0,1
32.12711834907532,0.0,1
32.12826180458069,0.0,1
32.12926125526428,0.0,1
32.13011336326599,0.0,1
32.13011336326599,0.0,1
32.132421255111694,0.0,1
32.132421255111694,0.0,1
32.133575677871704,0.0,1
32.1345911026001,0.0,1
32.13559079170227,0.0,1
32.13658952713013,0.0,1
32.13800024986267,0.0,1
32.139036655426025,0.0,1
32.14008116722107,0.0,1
32.141034841537476,0.0,1
32.142014265060425,0.0,1
32.14408612251282,0.0,1
32.14408612251282,0.0,1
32.14602589607239,0.0,1
32.1532986164093,0.0,1
32.1532986164093,0.0,1
32.1532986164093,0.0,1
32.15464949607849,0.0,1
32.15464949607849,0.0,1
32.157113552093506,0.0,1
32.15816020965576,0.0,1
32.15816020965576,2e-05,1
32.16218304634094,2e-05,1
32.16218304634094,2e-05,1
32.16218304634094,2e-05,1
32.16218304634094,2e-05,1
32.16218304634094,2e-05,1
32.16218304634094,2e-05,1
32.16317439079285,2e-05,1
32.16317439079285,2e-05,1
32.16317439079285,2e-05,1
32.16317439079285,2e-05,1
32.16415524482727,2e-05,1
32.165154695510864,2e-05,1
32.16617488861084,2e-05,1
32.16716742515564,2e-05,1
32.167866706848145,2e-05,1
32.16914129257202,2e-05,1
32.17023944854736,2e-05,1
32.171226024627686,2e-05,1
32.17222809791565,2e-05,1
32.17322874069214,0.0,1
32.17424511909485,0.0,1
32.1752450466156,0.0,1
32.176244258880615,0.0,1
32.177401304244995,0.0,1
32.177401304244995,0.0,1
32.1786949634552,0.0,1
32.179802894592285,0.0,1
32.18080163002014,0.0,1
32.18183779716492,0.0,1
32.18324065208435,0.0,1
32.183753490448,0.0,1
32.185003995895386,0.0,1
32.18612504005432,0.0,1
32.1871235370636,0.0,1
32.18826484680176,0.0,1
32.18927478790283,0.0,1
32.19027328491211,0.0,1
32.19127607345581,0.0,1
32.19227743148804,0.0,1
32.20237731933594,0.0,1
32.20337796211243,0.0,1
32.20337796211243,0.0,1
32.20437955856323,0.0,1
32.20437955856323,0.0,1
32.20537543296814,0.0,1
32.20537543296814,0.0,1
32.206374645233154,0.0,1
32.20737671852112,0.0,1
32.208375453948975,0.0,1
32.208375453948975,0.0,1
32.20937633514404,0.0,1
32.20937633514404,0.0,1
32.213377237319946,0.0,1
32.213377237319946,0.0,1
32.213377237319946,0.0,1
32.213377237319946,0.0,1
32.213377237319946,0.0,1
32.21437478065491,0.0,1
32.21437478065491,0.0,1
32.21437478065491,0.0,1
32.21437478065491,0.0,1
32.2151837348938,0.0,1
32.216208696365356,0.0,1
32.217228412628174,0.0,1
32.217228412628174,0.0,1
32.21836876869202,0.0,1
32.220388889312744,0.0,1
32.220388889312744,0.0,1
32.221460819244385,0.0,1
32.2224555015564,0.0,1
32.224610567092896,0.0,1
32.22561693191528,0.0,1
32.22561693191528,0.0,1
32.226606607437134,0.0,1
32.22761130332947,0.0,1
32.22859811782837,0.0,1
32.230624198913574,0.0,1
32.231608152389526,0.0,1
32.231608152389526,1e-05,1
32.233179330825806,1e-05,1
32.234227657318115,1e-05,1
32.23521828651428,1e-05,1
32.23617768287659,1e-05,1
32.237175941467285,1e-05,1
32.23974394798279,1e-05,1
32.24533462524414,1e-05,1
32.246315479278564,1e-05,1
32.248913288116455,1e-05,1
32.250264406204224,1e-05,1
32.251516580581665,1e-05,1
32.25276017189026,1e-05,1
32.25372362136841,0.0,1
32.255059480667114,0.0,1
32.255059480667114,0.0,1
32.25611186027527,0.0,1
32.25611186027527,0.0,1
32.2571120262146,0.0,1
32.2571120262146,0.0,1
32.2604763507843,0.0,1
32.2604763507843,0.0,1
32.2604763507843,1e-05,1
32.26150178909302,0.0,1
32.26150178909302,0.0,1
32.26150178909302,0.0,1
32.26150178909302,0.0,1
32.26150178909302,0.0,1
32.26150178909302,0.0,1
32.26150178909302,0.0,1
32.26150178909302,0.0,1
32.263123989105225,0.0,1
32.264190435409546,0.0,1
32.26522469520569,0.0,1
32.265743255615234,0.0,1
32.266899824142456,0.0,1
32.266899824142456,0.0,1
32.2683162689209,0.0,1
32.26934576034546,0.0,1
32.27134847640991,0.0,1
32.27234649658203,0.0,1
32.273345947265625,0.0,1
32.27441620826721,0.0,1
32.27538752555847,0.0,1
32.27538752555847,0.0,1
32.27643656730652,0.0,1
32.27845788002014,0.0,1
32.27845788002014,0.0,1
32.2794394493103,0.0,1
32.28044033050537,0.0,1
32.2816367149353,0.0,1
32.28371047973633,0.0,1
32.28371047973633,0.0,1
32.286288022994995,0.0,1
32.288283824920654,0.0,1
32.289284229278564,0.0,1
32.289284229278564,0.0,1
32.290284395217896,0.0,1
32.290284395217896,0.0,1
32.29128313064575,0.0,1
32.29328274726868,1e-05,1
32.29531812667847,1e-05,1
32.29531812667847,1e-05,1
32.29728865623474,1e-05,1
32.29728865623474,1e-05,1
32.29928278923035,1e-05,1
32.300283670425415,1e-05,1
32.30641794204712,1e-05,1
32.30641794204712,1e-05,1
32.30641794204712,1e-05,1
32.307421922683716,1e-05,1
32.307421922683716,1e-05,1
32.307421922683716,1e-05,1
32.30841517448425,1e-05,1
32.30841517448425,1e-05,1
32.30841517448425,1e-05,1
32.30841517448425,1e-05,1
32.30924153327942,1e-05,1
32.31017732620239,1e-05,1
32.31121826171875,1e-05,1
32.31222677230835,0.0,1
32.3132164478302,0.0,1
32.31421947479248,0.0,1
32.3152220249176,0.0,1
32.3152220249176,0.0,1
32.316421031951904,0.0,1
32.31742835044861,0.0,1
32.31842374801636,0.0,1
32.31942415237427,0.0,1
32.32042336463928,0.0,1
32.32142376899719,0.0,1
32.32242512702942,0.0,1
32.32342481613159,0.0,1
32.32544302940369,0.0,1
32.32642650604248,0.0,1
32.32744526863098,0.0,1
32.32842421531677,0.0,1
32.32842421531677,0.0,1
32.32943844795227,0.0,1
32.33042240142822,0.0,1
32.33142113685608,0.0,1
32.333422899246216,0.0,1
32.33643102645874,0.0,1
32.33643102645874,0.0,1
32.33742952346802,0.0,1
32.33742952346802,0.0,1
32.3384268283844,0.0,1
32.33943319320679,0.0,1
32.340457916259766,0.0,1
32.34188652038574,0.0,1
32.34188652038574,0.0,1
32.34293246269226,0.0,1
32.347797870635986,0.0,1
32.347797870635986,0.0,1
32.347797870635986,0.0,1
32.347797870635986,0.0,1
32.347797870635986,0.0,1
32.34911584854126,0.0,1
32.35014343261719,0.0,1
32.35113787651062,0.0,1
32.35215950012207,0.0,1
32.35316252708435,1e-05,1
32.35416769981384,1e-05,1
32.355124950408936,1e-05,1
32.35616636276245,1e-05,1
32.35712933540344,1e-05,1
32.35815954208374,1e-05,1
32.35914731025696,1e-05,1
32.36017179489136,1e-05,1
32.362178564071655,1e-05,1
32.362178564071655,1e-05,1
32.3641300201416,1e-05,1
32.3641300201416,1e-05,1
32.36614179611206,1e-05,1
32.367167711257935,1e-05,1
32.367167711257935,1e-05,1
32.36812925338745,1e-05,1
32.369192123413086,1e-05,1
32.37035632133484,1e-05,1
32.371217012405396,0.0,1
32.37149214744568,0.0,1
32.372504472732544,0.0,1
32.37350630760193,0.0,1
32.375566244125366,0.0,1
32.375566244125366,0.0,1
32.376569509506226,0.0,1
32.378519773483276,0.0,1
32.37951374053955,0.0,1
32.38299584388733,0.0,1
32.38299584388733,0.0,1
32.383955240249634,0.0,1
32.3844735622406,0.0,1
32.385496377944946,0.0,1
32.385496377944946,0.0,1
32.38750720024109,0.0,1
32.38849234580994,0.0,1
32.38949251174927,0.0,1
32.38949251174927,0.0,1
32.39051365852356,0.0,1
32.39151406288147,0.0,1
32.39250659942627,0.0,1
32.39632177352905,0.0,1
32.39632177352905,0.0,1
32.39632177352905,0.0,1
32.39632177352905,0.0,1
32.397319078445435,0.0,1
32.398009061813354,0.0,1
32.399179458618164,0.0,1
32.40025067329407,0.0,1
32.4012553691864,0.0,1
32.4012553691864,0.0,1
32.402528047561646,0.0,1
32.40375018119812,0.0,1
32.40513348579407,0.0,1
32.40611553192139,0.0,1
32.40715670585632,0.0,1
32.40815186500549,0.0,1
32.40914726257324,0.0,1
32.410584688186646,0.0,1
32.411699295043945,0.0,1
32.41265273094177,0.0,1
32.41369295120239,0.0,1
32.41369295120239,0.0,1
32.41571021080017,0.0,1
32.4166784286499,0.0,1
32.4166784286499,0.0,1
32.41773009300232,0.0,1
32.41965365409851,0.0,1
32.420647859573364,0.0,1
32.420647859573364,0.0,1
32.42164611816406,0.0,1
32.4231231212616,0.0,1
32.42416310310364,0.0,1
32.42516827583313,0.0,1
32.431374073028564,0.0,1
32.43237066268921,0.0,1
32.43237066268921,0.0,1
32.43237066268921,0.0,1
32.43237066268921,0.0,1
32.433595180511475,0.0,1
32.433595180511475,0.0,1
32.43461012840271,0.0,1
32.43461012840271,0.0,1
32.43461012840271,0.0,1
32.439066648483276,0.0,1
32.439066648483276,0.0,1
32.439066648483276,0.0,1
32.439066648483276,0.0,1
32.439066648483276,0.0,1
32.44111514091492,0.0,1
32.44212532043457,0.0,1
32.44316387176514,0.0,1
32.44432973861694,1e-05,1
32.445335149765015,1e-05,1
32.446332931518555,1e-05,1
32.446332931518555,1e-05,1
32.44750642776489,1e-05,1
32.448567390441895,1e-05,1
32.44956707954407,2e-05,1
32.45056653022766,2e-05,1
32.45156764984131,2e-05,1
32.452566385269165,2e-05,1
32.453567028045654,2e-05,1
32.45456647872925,2e-05,1
32.455567598342896,2e-05,1
32.45679712295532,2e-05,1
32.45896244049072,2e-05,1
32.45896244049072,2e-05,1
32.45998430252075,2e-05,1
32.46108651161194,2e-05,1
32.461809396743774,2e-05,1
32.46280527114868,2e-05,1
32.463868856430054,2e-05,1
32.4649133682251,2e-05,1
32.4649133682251,0.0,1
32.46638631820679,0.0,1
32.46812438964844,0.0,1
32.469388008117676,0.0,1
32.469388008117676,0.0,1
32.470393657684326,0.0,1
32.474897623062134,0.0,1
32.47590112686157,0.0,1
32.47590112686157,0.0,1
32.47590112686157,0.0,1
32.47590112686157,0.0,1
32.476901054382324,0.0,1
32.4778790473938,0.0,1
32.47903227806091,0.0,1
32.48330283164978,0.0,1
32.48330283164978,0.0,1
32.4838330745697,0.0,1
32.4838330745697,0.0,1
32.48411536216736,0.0,1
32.48513126373291,0.0,1
32.4861741065979,0.0,1
32.487175703048706,0.0,1
32.48813605308533,0.0,1
32.48915910720825,0.0,1
32.490142583847046,0.0,1
32.49114370346069,0.0,1
32.49214315414429,0.0,1
32.493141412734985,0.0,1
32.49416971206665,0.0,1
32.49514150619507,0.0,1
32.4961621761322,0.0,1
32.49719262123108,0.0,1
32.49816417694092,0.0,1
32.499141454696655,0.0,1
32.500158071517944,0.0,1
32.50116491317749,0.0,1
32.502159118652344,0.0,1
32.502159118652344,0.0,1
32.50339961051941,0.0,1
32.50520133972168,0.0,1
32.506123781204224,0.0,1
32.50716280937195,0.0,1
32.50817561149597,0.0,1
32.50917363166809,0.0,1
32.51016545295715,0.0,1
32.511162519454956,0.0,1
32.51216530799866,0.0,1
32.51316428184509,0.0,1
32.51416635513306,0.0,1
32.51517152786255,0.0,1
32.516165256500244,0.0,1
32.51716661453247,0.0,1
32.52046608924866,0.0,1
32.52346467971802,0.0,1
32.52346467971802,0.0,1
32.52346467971802,0.0,1
32.52477717399597,0.0,1
32.52477717399597,0.0,1
32.526172161102295,0.0,1
32.52860975265503,0.0,1
32.53116416931152,0.0,1
32.533161640167236,0.0,1
32.533161640167236,0.0,1
32.53415393829346,0.0,1
32.53517007827759,0.0,1
32.53615474700928,0.0,1
32.53615474700928,0.0,1
32.53615474700928,0.0,1
32.54171061515808,0.0,1
32.54171061515808,0.0,1
32.54171061515808,0.0,1
32.54171061515808,0.0,1
32.54171061515808,0.0,1
32.54171061515808,0.0,1
32.54171061515808,0.0,1
32.54270958900452,0.0,1
32.54270958900452,0.0,1
32.54270958900452,0.0,1
32.54373073577881,0.0,1
32.54472899436951,0.0,1
32.54671001434326,0.0,1
32.54671001434326,0.0,1
32.54775428771973,0.0,1
32.54906678199768,0.0,1
32.54946565628052,0.0,1
32.55037069320679,0.0,1
32.552125215530396,0.0,1
32.5531587600708,0.0,1
32.5541410446167,0.0,1
32.55516481399536,0.0,1
32.55615782737732,0.0,1
32.557140827178955,0.0,1
32.5581419467926,0.0,1
32.55914115905762,0.0,1
32.56015086174011,0.0,1
32.56119513511658,0.0,1
32.56314826011658,0.0,1
32.56314826011658,0.0,1
32.566444635391235,0.0,1
32.566444635391235,0.0,1
32.57045125961304,0.0,1
32.57145404815674,0.0,1
32.57145404815674,0.0,1
32.57245182991028,0.0,1
32.57245182991028,0.0,1
32.57245182991028,0.0,1
32.57245182991028,0.0,1
32.57448410987854,0.0,1
32.57548379898071,0.0,1
32.57548379898071,0.0,1
32.57548379898071,0.0,1
32.57687330245972,0.0,1
32.5779173374176,0.0,1
32.58196568489075,0.0,1
32.58196568489075,0.0,1
32.58196568489075,0.0,1
32.582937240600586,0.0,1
32.582937240600586,0.0,1
32.58396053314209,0.0,1
32.58522415161133,0.0,1
32.58622336387634,0.0,1
32.587223291397095,0.0,1
32.588223457336426,0.0,1
32.58922362327576,0.0,1
32.590224742889404,0.0,1
32.59122371673584,0.0,1
32.59223747253418,0.0,1
32.593220710754395,0.0,1
32.59422755241394,0.0,1
32.595354318618774,0.0,1
32.59636688232422,0.0,1
32.59736943244934,0.0,1
32.59736943244934,0.0,1
32.598474979400635,0.0,1
32.59947609901428,0.0,1
32.600569009780884,0.0,1
32.60170388221741,0.0,1
32.60289025306702,0.0,1
32.60391640663147,0.0,1
32.60490918159485,0.0,1
32.60591125488281,0.0,1
32.606910943984985,0.0,1
32.60794639587402,0.0,1
32.60891008377075,0.0,1
32.6163113117218,0.0,1
32.6163113117218,0.0,1
32.617308378219604,0.0,1
32.617308378219604,0.0,1
32.61830806732178,0.0,1
32.61830806732178,0.0,1
32.61932611465454,0.0,1
32.62039375305176,0.0,1
32.62039375305176,0.0,1
32.62180805206299,0.0,1
32.62180805206299,0.0,1
32.6233012676239,0.0,1
32.6233012676239,0.0,1
32.6233012676239,0.0,1
32.6233012676239,0.0,1
32.63391947746277,0.0,1
32.63487362861633,0.0,1
32.63487362861633,0.0,1
32.63487362861633,0.0,1
32.63594675064087,0.0,1
32.63594675064087,0.0,1
32.63594675064087,0.0,1
32.63594675064087,0.0,1
32.63594675064087,0.0,1
32.63594675064087,0.0,1
32.63594675064087,0.0,1
32.636993646621704,0.0,1
32.636993646621704,0.0,1
32.63797044754028,0.0,1
32.63920283317566,0.0,1
32.63974690437317,0.0,1
32.64076280593872,0.0,1
32.64177370071411,1e-05,1
32.642759561538696,0.0,1
32.64377689361572,0.0,1
32.644776344299316,0.0,1
32.64580464363098,0.0,1
32.646803855895996,0.0,1
32.6478054523468,0.0,1
32.64880299568176,0.0,1
32.64980888366699,0.0,1
32.65080428123474,0.0,1
32.651803731918335,0.0,1
32.65280556678772,0.0,1
32.65380549430847,0.0,1
32.65480375289917,0.0,1
32.66188621520996,0.0,1
32.66188621520996,0.0,1
32.66188621520996,0.0,1
32.66331124305725,0.0,1
32.66331124305725,0.0,1
32.66331124305725,0.0,1
32.664334535598755,0.0,1
32.66533827781677,0.0,1
32.66533827781677,0.0,1
32.66675138473511,0.0,1
32.66675138473511,0.0,1
32.66675138473511,0.0,1
32.67090821266174,0.0,1
32.67090821266174,0.0,1
32.67090821266174,0.0,1
32.67090821266174,0.0,1
32.67222857475281,0.0,1
32.673211336135864,0.0,1
32.674431800842285,0.0,1
32.674431800842285,0.0,1
32.67612838745117,0.0,1
32.67717003822327,0.0,1
32.678168058395386,0.0,1
32.67916798591614,0.0,1
32.68016767501831,0.0,1
32.68116784095764,0.0,1
32.682167768478394,0.0,1
32.6831693649292,0.0,1
32.68416953086853,0.0,1
32.68416953086853,0.0,1
32.68636441230774,0.0,1
32.687411069869995,0.0,1
32.688366651535034,0.0,1
32.689359188079834,0.0,1
32.690367698669434,0.0,1
32.69136190414429,0.0,1
32.69239807128906,0.0,1
32.69341206550598,0.0,1
32.694114446640015,0.0,1
32.695178508758545,0.0,1
32.69618773460388,0.0,1
32.697187423706055,0.0,1
32.69820737838745,0.0,1
32.69920611381531,0.0,1
32.70002007484436,0.0,1
32.70093393325806,0.0,1
32.703195571899414,0.0,1
32.70928454399109,0.0,1
32.70928454399109,0.0,1
32.7107892036438,0.0,1
32.7128267288208,0.0,1
32.713839054107666,0.0,1
32.71479034423828,0.0,1
32.71479034423828,0.0,1
32.71479034423828,0.0,1
32.71769118309021,0.0,1
32.71971249580383,0.0,1
32.7209095954895,0.0,1
32.72222900390625,0.0,1
32.72323560714722,0.0,1
32.73230195045471,0.0,1
32.73334097862244,0.0,1
32.73334097862244,0.0,1
32.73334097862244,0.0,1
32.73431324958801,0.0,1
32.73431324958801,0.0,1
32.73431324958801,0.0,1
32.73431324958801,0.0,1
32.73431324958801,1e-05,1
32.73431324958801,1e-05,1
32.73575520515442,1e-05,1
32.73575520515442,1e-05,1
32.73575520515442,1e-05,1
32.73575520515442,1e-05,1
32.73575520515442,1e-05,1
32.73575520515442,1e-05,1
32.73679780960083,1e-05,1
32.73679780960083,1e-05,1
32.73679780960083,1e-05,1
32.73679780960083,1e-05,1
32.73679780960083,0.0,1
32.73679780960083,0.0,1
32.73777461051941,0.0,1
32.739137172698975,0.0,1
32.74017357826233,0.0,1
32.74115300178528,0.0,1
32.742178440093994,1e-05,1
32.74318528175354,1e-05,1
32.744149923324585,1e-05,1
32.74571967124939,1e-05,1
32.74622821807861,1e-05,1
32.74723672866821,1e-05,1
32.74723672866821,1e-05,1
32.748462200164795,1e-05,1
32.75000357627869,1e-05,1
32.750513553619385,1e-05,1
32.7520649433136,1e-05,1
32.75259470939636,1e-05,1
32.754709005355835,1e-05,1
32.754709005355835,1e-05,1
32.75610899925232,1e-05,1
32.75714564323425,1e-05,1
32.75869560241699,1e-05,1
32.759214639663696,0.0,1
32.76079344749451,0.0,1
32.76130175590515,0.0,1
32.76290154457092,0.0,1
32.76290154457092,0.0,1
32.76719260215759,0.0,1
32.76993775367737,0.0,1
32.77094578742981,0.0,1
32.77094578742981,0.0,1
32.77194261550903,0.0,1
32.77300047874451,0.0,1
32.77300047874451,0.0,1
32.77400064468384,0.0,1
32.77400064468384,0.0,1
32.77502655982971,0.0,1
32.776039838790894,0.0,1
32.776039838790894,0.0,1
32.776039838790894,0.0,1
32.77701115608215,0.0,1
32.78200316429138,0.0,1
32.78200316429138,0.0,1
32.78200316429138,0.0,1
32.78200316429138,0.0,1
32.78200316429138,0.0,1
32.78299641609192,0.0,1
32.78299641609192,0.0,1
32.78450608253479,0.0,1
32.78551530838013,0.0,1
32.78653025627136,0.0,1
32.78753399848938,0.0,1
32.78854298591614,0.0,1
32.79053974151611,0.0,1
32.79053974151611,0.0,1
32.79253339767456,0.0,1
32.793142318725586,0.0,1
32.7941951751709,1e-05,1
32.795204639434814,1e-05,1
32.79616141319275,1e-05,1
32.79616141319275,1e-05,1
32.797539949417114,1e-05,1
32.79855227470398,1e-05,1
32.79955267906189,1e-05,1
32.800551891326904,1e-05,1
32.80155158042908,0.0,1
32.80255126953125,0.0,1
32.80355167388916,0.0,1
32.804551124572754,0.0,1
32.80557107925415,0.0,1
32.80655241012573,0.0,1
32.80757284164429,0.0,1
32.80962371826172,0.0,1
32.810574531555176,0.0,1
32.810574531555176,0.0,1
32.81208562850952,0.0,1
32.813055992126465,0.0,1
32.814119815826416,0.0,1
32.815645933151245,0.0,1
32.815645933151245,0.0,1
32.816797971725464,0.0,1
32.81808161735535,2e-05,1
32.819369316101074,2e-05,1
32.820363998413086,2e-05,1
32.82136130332947,2e-05,1
32.82236075401306,2e-05,1
32.823383808135986,2e-05,1
32.82419967651367,2e-05,1
32.82481598854065,2e-05,1
32.82621479034424,2e-05,1
32.82962679862976,2e-05,1
32.82962679862976,2e-05,1
32.83060836791992,2e-05,1
32.83060836791992,2e-05,1
32.83060836791992,2e-05,1
32.8320734500885,2e-05,1
32.834120988845825,2e-05,1
32.83611726760864,2e-05,1
32.84111976623535,2e-05,1
32.84211826324463,2e-05,1
32.84211826324463,2e-05,1
32.84211826324463,2e-05,1
32.843361139297485,0.0,1
32.843361139297485,0.0,1
32.844494581222534,1e-05,1
32.84545087814331,0.0,1
32.84545087814331,0.0,1
32.846532583236694,0.0,1
32.846532583236694,0.0,1
32.846532583236694,0.0,1
32.847442865371704,0.0,1
32.84847044944763,0.0,1
32.84944176673889,0.0,1
32.85012412071228,0.0,1
32.851815938949585,0.0,1
32.851815938949585,0.0,1
32.85311770439148,0.0,1
32.85416293144226,0.0,1
32.855159521102905,0.0,1
32.85612344741821,0.0,1
32.85717225074768,0.0,1
32.85817003250122,0.0,1
32.86234641075134,0.0,1
32.86234641075134,0.0,1
32.863301277160645,0.0,1
32.863301277160645,0.0,1
32.863301277160645,0.0,1
32.8643479347229,0.0,1
32.86536717414856,0.0,1
32.86630368232727,0.0,1
32.86935639381409,0.0,1
32.87041759490967,0.0,1
32.87041759490967,0.0,1
32.87041759490967,0.0,1
32.87041759490967,0.0,1
32.87149119377136,0.0,1
32.8735146522522,0.0,1
32.874451637268066,0.0,1
32.87544083595276,1e-05,1
32.87629747390747,1e-05,1
32.87731575965881,1e-05,1
32.87844181060791,1e-05,1
32.87942171096802,1e-05,1
32.880403995513916,1e-05,1
32.88139796257019,1e-05,1
32.88240122795105,1e-05,1
32.88240122795105,1e-05,1
32.883397340774536,1e-05,1
32.884398460388184,1e-05,1
32.8855082988739,1e-05,1
32.88649892807007,1e-05,1
32.887513637542725,1e-05,1
32.889602184295654,1e-05,1
32.89060425758362,1e-05,1
32.89161419868469,1e-05,1
32.89262413978577,1e-05,1
32.893635749816895,1e-05,1
32.89467930793762,1e-05,1
32.89467930793762,0.0,1
32.89665150642395,0.0,1
32.89761018753052,0.0,1
32.89761018753052,0.0,1
32.89869737625122,0.0,1
32.90022850036621,0.0,1
32.901124238967896,0.0,1
32.90218448638916,0.0,1
32.90318298339844,0.0,1
32.90419554710388,0.0,1
32.90516114234924,0.0,1
32.911267042160034,0.0,1
32.913272857666016,0.0,1
32.91525888442993,0.0,1
32.916264295578,0.0,1
32.91726565361023,0.0,1
32.91826820373535,0.0,1
32.91926050186157,0.0,1
32.91926050186157,0.0,1
32.91926050186157,0.0,1
32.92039155960083,0.0,1
32.92039155960083,0.0,1
32.921515464782715,0.0,1
32.921515464782715,0.0,1
32.921515464782715,0.0,1
32.926000118255615,0.0,1
32.926000118255615,0.0,1
32.926000118255615,0.0,1
32.926000118255615,0.0,1
32.926000118255615,0.0,1
32.926000118255615,0.0,1
32.926000118255615,0.0,1
32.92717695236206,0.0,1
32.92818021774292,0.0,1
32.92818021774292,0.0,1
32.92936873435974,0.0,1
32.93036437034607,0.0,1
32.932363510131836,0.0,1
32.932363510131836,0.0,1
32.93342304229736,0.0,1
32.93439960479736,0.0,1
32.935420513153076,0.0,1
32.9374041557312,0.0,1
32.93843460083008,0.0,1
32.93843460083008,0.0,1
32.939544677734375,0.0,1
32.94099521636963,0.0,1
32.94204020500183,0.0,1
32.943033933639526,0.0,1
32.94412350654602,0.0,1
32.94516158103943,0.0,1
32.9461772441864,0.0,1
32.94709801673889,0.0,1
32.948157787323,0.0,1
32.949113607406616,0.0,1
32.950133085250854,0.0,1
32.951167583465576,0.0,1
32.953125,0.0,1
32.95418643951416,0.0,1
32.957133293151855,0.0,1
32.95816898345947,0.0,1
32.95912528038025,0.0,1
32.95912528038025,0.0,1
32.95912528038025,0.0,1
32.9605278968811,0.0,1
32.9605278968811,0.0,1
32.96154427528381,0.0,1
32.9625506401062,0.0,1
32.9635488986969,0.0,1
32.964571952819824,0.0,1
32.96954560279846,0.0,1
32.96954560279846,0.0,1
32.96954560279846,0.0,1
32.97056293487549,0.0,1
32.97056293487549,0.0,1
32.97056293487549,0.0,1
32.97056293487549,0.0,1
32.97155833244324,0.0,1
32.97257900238037,0.0,1
32.974064350128174,0.0,1
32.97512435913086,0.0,1
32.97623944282532,0.0,1
32.97712445259094,0.0,1
32.97816252708435,0.0,1
32.979159355163574,0.0,1
32.98015880584717,0.0,1
32.981165409088135,0.0,1
32.98215913772583,0.0,1
32.98315978050232,0.0,1
32.98315978050232,0.0,1
32.984721183776855,0.0,1
32.98577046394348,0.0,1
32.98677182197571,0.0,1
32.987781286239624,0.0,1
32.98877716064453,0.0,1
32.989731788635254,0.0,1
32.99075150489807,0.0,1
32.99278664588928,0.0,1
32.99378561973572,0.0,1
32.99378561973572,0.0,1
32.99573349952698,0.0,1
32.99573349952698,0.0,1
32.99774503707886,0.0,1
32.99876809120178,0.0,1
33.00375437736511,0.0,1
33.00476288795471,0.0,1
33.00476288795471,0.0,1
33.00476288795471,0.0,1
33.00579118728638,0.0,1
33.00579118728638,0.0,1
33.00579118728638,0.0,1
33.00675582885742,0.0,1
33.00675582885742,0.0,1
33.00780248641968,0.0,1
33.00883865356445,0.0,1
33.0118989944458,0.0,1
33.013269901275635,0.0,1
33.013269901275635,0.0,1
33.013269901275635,0.0,1
33.01426553726196,0.0,1
33.01426553726196,0.0,1
33.01539182662964,0.0,1
33.01687741279602,0.0,1
33.01809906959534,0.0,1
33.01912307739258,0.0,1
33.02014756202698,0.0,1
33.02115726470947,0.0,1
33.02215623855591,0.0,1
33.02312254905701,0.0,1
33.02412486076355,0.0,1
33.025123834609985,0.0,1
33.025123834609985,0.0,1
33.02660322189331,0.0,1
33.02761721611023,0.0,1
33.02861666679382,0.0,1
33.029616832733154,0.0,1
33.030617237091064,0.0,1
33.03168725967407,0.0,1
33.03261685371399,0.0,1
33.03363108634949,0.0,1
33.035178422927856,0.0,1
33.03609752655029,0.0,1
33.03709673881531,0.0,1
33.03813290596008,0.0,1
33.03913426399231,0.0,1
33.04114079475403,0.0,1
33.04114079475403,0.0,1
33.0421986579895,0.0,1
33.04313588142395,0.0,1
33.044217586517334,0.0,1
33.04521822929382,0.0,1
33.052003622055054,0.0,1
33.053059339523315,0.0,1
33.054035663604736,0.0,1
33.054035663604736,0.0,1
33.054035663604736,0.0,1
33.054035663604736,0.0,1
33.054035663604736,0.0,1
33.055156230926514,0.0,1
33.055156230926514,0.0,1
33.05617046356201,0.0,1
33.05617046356201,0.0,1
33.05716514587402,0.0,1
33.059159994125366,0.0,1
33.06016659736633,0.0,1
33.061156034469604,0.0,1
33.06216049194336,0.0,1
33.06315994262695,0.0,1
33.07117223739624,0.0,1
33.07117223739624,0.0,1
33.07117223739624,0.0,1
33.07117223739624,0.0,1
33.07117223739624,0.0,1
33.07117223739624,0.0,1
33.07117223739624,0.0,1
33.07117223739624,0.0,1
33.07217192649841,0.0,1
33.07217192649841,0.0,1
33.07317495346069,0.0,1
33.07417392730713,0.0,1
33.07516813278198,0.0,1
33.07618594169617,0.0,1
33.077168226242065,0.0,1
33.077168226242065,0.0,1
33.079097747802734,0.0,1
33.07955551147461,0.0,1
33.08059334754944,0.0,1
33.0816388130188,0.0,1
33.08265256881714,0.0,1
33.08458471298218,0.0,1
33.08515810966492,0.0,1
33.08623456954956,0.0,1
33.08728551864624,0.0,1
33.088271379470825,0.0,1
33.08922791481018,0.0,1
33.09022283554077,0.0,1
33.09123659133911,0.0,1
33.0922966003418,0.0,1
33.10122871398926,0.0,1
33.10219383239746,0.0,1
33.10310363769531,0.0,1
33.10310363769531,0.0,1
33.10310363769531,0.0,1
33.104100942611694,0.0,1
33.104100942611694,0.0,1
33.10515856742859,0.0,1
33.10624694824219,0.0,1
33.10675621032715,0.0,1
33.10675621032715,0.0,1
33.10675621032715,0.0,1
33.107826709747314,0.0,1
33.107826709747314,0.0,1
33.107826709747314,0.0,1
33.11112332344055,0.0,1
33.11112332344055,0.0,1
33.11246967315674,0.0,1
33.11246967315674,0.0,1
33.11246967315674,0.0,1
33.113088607788086,0.0,1
33.11418581008911,0.0,1
33.115193128585815,0.0,1
33.116198778152466,0.0,1
33.117192029953,0.0,1
33.11819529533386,0.0,1
33.11921143531799,0.0,1
33.120201587677,0.0,1
33.121214628219604,0.0,1
33.122199296951294,0.0,1
33.123194456100464,0.0,1
33.12419509887695,0.0,1
33.1252064704895,0.0,1
33.12619638442993,0.0,1
33.12719511985779,0.0,1
33.12819218635559,1e-05,1
33.12931942939758,1e-05,1
33.13032388687134,0.0,1
33.13122296333313,0.0,1
33.13211965560913,0.0,1
33.133121728897095,0.0,1
33.1341712474823,0.0,1
33.13520526885986,0.0,1
33.13618350028992,0.0,1
33.13719439506531,0.0,1
33.13818550109863,0.0,1
33.13919734954834,0.0,1
33.14185070991516,0.0,1
33.1464729309082,0.0,1
33.147467613220215,0.0,1
33.147467613220215,0.0,1
33.148531675338745,0.0,1
33.148531675338745,0.0,1
33.148531675338745,0.0,1
33.148531675338745,0.0,1
33.148531675338745,0.0,1
33.14977025985718,0.0,1
33.1507887840271,0.0,1
33.1507887840271,0.0,1
33.154791593551636,0.0,1
33.154791593551636,0.0,1
33.154791593551636,0.0,1
33.15579533576965,0.0,1
33.15601372718811,0.0,1
33.15702247619629,0.0,1
33.15805745124817,0.0,1
33.1590735912323,0.0,1
33.1590735912323,0.0,1
33.16033315658569,0.0,1
33.162182569503784,0.0,1
33.162182569503784,0.0,1
33.1643807888031,1e-05,1
33.1643807888031,0.0,1
33.165465354919434,0.0,1
33.166460037231445,0.0,1
33.16746473312378,0.0,1
33.16845965385437,0.0,1
33.16946578025818,0.0,1
33.17047309875488,0.0,1
33.17174029350281,0.0,1
33.17268252372742,0.0,1
33.17468738555908,0.0,1
33.17468738555908,0.0,1
33.17568397521973,0.0,1
33.176689863204956,0.0,1
33.17799186706543,0.0,1
33.17898154258728,0.0,1
33.17997884750366,0.0,1
33.180978775024414,0.0,1
33.18209624290466,0.0,1
33.18288993835449,0.0,1
33.18397545814514,0.0,1
33.18397545814514,0.0,1
33.185487270355225,0.0,1
33.18824601173401,0.0,1
33.19053649902344,0.0,1
33.19156575202942,0.0,1
33.19156575202942,0.0,1
33.19255971908569,0.0,1
33.19255971908569,0.0,1
33.19255971908569,0.0,1
33.19355392456055,0.0,1
33.198537826538086,0.0,1
33.198537826538086,0.0,1
33.198537826538086,0.0,1
33.198537826538086,0.0,1
33.198537826538086,0.0,1
33.20019197463989,0.0,1
33.201098918914795,0.0,1
33.202253341674805,0.0,1
33.202253341674805,0.0,1
33.2033953666687,0.0,1
33.20437955856323,0.0,1
33.206384897232056,0.0,1
33.20741581916809,0.0,1
33.20741581916809,0.0,1
33.20877695083618,0.0,1
33.2098114490509,0.0,1
33.2108154296875,0.0,1
33.211835622787476,0.0,1
33.21280908584595,0.0,1
33.21381115913391,0.0,1
33.21479249000549,0.0,1
33.21580386161804,0.0,1
33.21709847450256,0.0,1
33.21811628341675,0.0,1
33.22411918640137,0.0,1
33.22535538673401,0.0,1
33.22651934623718,0.0,1
33.22651934623718,0.0,1
33.22899580001831,1e-05,1
33.22999906539917,1e-05,1
33.22999906539917,1e-05,1
33.231019020080566,1e-05,1
33.23346304893494,1e-05,1
33.2354519367218,1e-05,1
33.2354519367218,1e-05,1
33.236661434173584,1e-05,1
33.23784279823303,1e-05,1
33.23888564109802,1e-05,1
33.23996615409851,1e-05,1
33.24715495109558,1e-05,1
33.24715495109558,1e-05,1
33.24824857711792,1e-05,1
33.24824857711792,1e-05,1
33.24924159049988,1e-05,1
33.24924159049988,1e-05,1
33.25025129318237,1e-05,1
33.25025129318237,1e-05,1
33.25025129318237,1e-05,1
33.251304149627686,0.0,1
33.251304149627686,0.0,1
33.251304149627686,0.0,1
33.251304149627686,0.0,1
33.251304149627686,0.0,1
33.251304149627686,0.0,1
33.251304149627686,0.0,1
33.25226926803589,0.0,1
33.25226926803589,0.0,1
33.25226926803589,0.0,1
33.2532594203949,0.0,1
33.25423860549927,0.0,1
33.25525784492493,0.0,1
33.256240367889404,0.0,1
33.256240367889404,0.0,1
33.25772190093994,0.0,1
33.258986949920654,0.0,1
33.25998640060425,0.0,1
33.260984659194946,0.0,1
33.26198410987854,0.0,1
33.26300621032715,0.0,1
33.264158964157104,0.0,1
33.26615500450134,0.0,1
33.26714015007019,0.0,1
33.26926898956299,0.0,1
33.26926898956299,0.0,1
33.270572900772095,0.0,1
33.270572900772095,0.0,1
33.270572900772095,0.0,1
33.2728476524353,0.0,1
33.2728476524353,0.0,1
33.27433252334595,0.0,1
33.27588605880737,0.0,1
33.28561019897461,0.0,1
33.28561019897461,0.0,1
33.28561019897461,0.0,1
33.28561019897461,0.0,1
33.28561019897461,0.0,1
33.28561019897461,0.0,1
33.28679084777832,0.0,1
33.28679084777832,0.0,1
33.28679084777832,0.0,1
33.28679084777832,0.0,1
33.28679084777832,0.0,1
33.28679084777832,0.0,1
33.28766489028931,0.0,1
33.28966450691223,0.0,1
33.28966450691223,0.0,1
33.29101300239563,0.0,1
33.29207420349121,0.0,1
33.293078660964966,0.0,1
33.29408812522888,0.0,1
33.29449009895325,0.0,1
33.2955117225647,0.0,1
33.296509981155396,0.0,1
33.2975070476532,0.0,1
33.29852867126465,0.0,1
33.29951000213623,0.0,1
33.300509452819824,0.0,1
33.301509857177734,0.0,1
33.303507804870605,0.0,1
33.303507804870605,0.0,1
33.30450654029846,0.0,1
33.30551600456238,0.0,1
33.307520627975464,0.0,1
33.30856895446777,0.0,1
33.309526205062866,0.0,1
33.31052231788635,5e-05,1
33.31152701377869,0.00022,1
33.31253242492676,0.00022,1
33.31780505180359,0.00022,1
33.318835735321045,0.00022,1
33.319802045822144,0.00022,1
33.32080101966858,0.00022,1
33.32280158996582,0.00022,1
33.32280158996582,0.00022,1
33.32380247116089,0.00022,1
33.331809520721436,0.00022,1
33.331809520721436,0.00022,1
33.331809520721436,0.00022,1
33.33280658721924,0.00022,1
33.33280658721924,0.00022,1
33.33384585380554,0.00022,1
33.33384585380554,0.00022,1
33.33384585380554,0.00022,1
33.3348753452301,0.00022,1
33.33581566810608,0.00022,1
33.33581566810608,0.00022,1
33.33581566810608,0.00022,1
33.33581566810608,0.00022,1
33.336873054504395,0.00013,1
33.336873054504395,0.0,1
33.336873054504395,0.0,1
33.33781337738037,0.0,1
33.33781337738037,0.0,1
33.33781337738037,0.0,1
33.3390998840332,0.0,1
33.340134143829346,0.0,1
33.341089487075806,0.0,1
33.34209656715393,0.0,1
33.34311270713806,0.0,1
33.34416890144348,0.0,1
33.34513998031616,0.0,1
33.346155881881714,0.0,1
33.34713339805603,0.0,1
33.34813594818115,0.0,1
33.34912610054016,0.0,1
33.35013031959534,0.0,1
33.35113048553467,0.0,1
33.35214447975159,0.0,1
33.353134632110596,0.0,1
33.3541316986084,0.0,1
33.355130672454834,0.0,1
33.35611009597778,0.0,1
33.35715103149414,0.0,1
33.358149766922,0.0,1
33.360116720199585,0.0,1
33.36457419395447,0.0,1
33.36556315422058,0.0,1
33.36656713485718,0.0,1
33.36656713485718,0.00046,1
33.36656713485718,0.00046,1
33.367578983306885,0.00046,1
33.367578983306885,0.00046,1
33.368566036224365,0.00046,1
33.36957406997681,0.00046,1
33.36957406997681,0.00019,1
33.373610973358154,0.0,1
33.373610973358154,0.0,1
33.373610973358154,0.0,1
33.373610973358154,0.0,1
33.373610973358154,0.0,1
33.375089168548584,0.0,1
33.376192569732666,0.0,1
33.37723231315613,0.0,1
33.37723231315613,0.0,1
33.37839221954346,0.0,1
33.37936449050903,0.0,1
33.38036346435547,0.0,1
33.38136434555054,0.0,1
33.382362842559814,0.0,1
33.38336443901062,0.0,1
33.38436937332153,0.0,1
33.38592195510864,0.0,1
33.387306928634644,0.0,1
33.388304233551025,0.0,1
33.389429330825806,0.0,1
33.39045071601868,0.0,1
33.39370512962341,0.0,1
33.39762473106384,9e-05,1
33.39762473106384,9e-05,1
33.40002942085266,9e-05,1
33.401042461395264,9e-05,1
33.401042461395264,9e-05,1
33.40526056289673,9e-05,1
33.40526056289673,9e-05,1
33.40526056289673,0.0,1
33.40526056289673,0.0,1
33.40526056289673,0.0,1
33.40526056289673,0.0,1
33.40526056289673,0.0,1
33.40526056289673,0.0,1
33.40632247924805,0.0,1
33.40632247924805,0.0,1
33.407265186309814,0.0,1
33.408257246017456,0.0,1
33.40926194190979,0.0,1
33.411290645599365,0.0,1
33.411290645599365,0.0,1
33.41326951980591,0.0,1
33.41326951980591,0.00023,1
33.414294719696045,0.0,1
33.41526412963867,0.0,1
33.416285037994385,0.0,1
33.41732048988342,0.0,1
33.41826105117798,0.0,1
33.41932821273804,0.0,1
33.42025828361511,0.0,1
33.42126750946045,0.0,1
33.42226481437683,0.0,1
33.43081545829773,0.0,1
33.43081545829773,0.0,1
33.43081545829773,0.0,1
33.43233299255371,0.0,1
33.43343472480774,0.0,1
33.43443751335144,2e-05,1
33.43443751335144,2e-05,1
33.43443751335144,2e-05,1
33.43543839454651,2e-05,1
33.43543839454651,2e-05,1
33.43644833564758,2e-05,1
33.43644833564758,2e-05,1
33.43743109703064,0.00076,1
33.4424409866333,0.00076,1
33.4424409866333,0.00076,1
33.443474769592285,0.00076,1
33.44450378417969,0.00076,1
33.44450378417969,0.00076,1
33.44651412963867,0.00076,1
33.44651412963867,0.00076,1
33.44651412963867,0.00076,1
33.44744324684143,0.00076,1
33.44744324684143,0.00076,1
33.44846057891846,0.00076,1
33.44949722290039,0.00076,1
33.450451612472534,0.00076,1
33.450451612472534,0.00076,1
33.450451612472534,0.0,1
33.450451612472534,0.0,1
33.452433824539185,0.0,1
33.452433824539185,0.0,1
33.45343542098999,0.0,1
33.45510792732239,0.0,1
33.455787897109985,0.0,1
33.45734643936157,0.0,1
33.45734643936157,0.0,1
33.458709478378296,0.0,1
33.45991373062134,0.0,1
33.45991373062134,0.0,1
33.46126651763916,0.0,1
33.46326684951782,0.0,1
33.46326684951782,0.0,1
33.46443486213684,0.0,1
33.46542954444885,0.0,1
33.4664351940155,0.0,1
33.46843099594116,0.0,1
33.46843099594116,0.0,1
33.46942853927612,0.0,1
33.47374939918518,0.0,1
33.47474956512451,0.0,1
33.47677683830261,0.0,1
33.47875142097473,0.0,1
33.47875142097473,0.0,1
33.48175263404846,0.0,1
33.482757329940796,0.0,1
33.48398733139038,0.0,1
33.48398733139038,0.0,1
33.48598527908325,0.0,1
33.48598527908325,0.0,1
33.490558385849,0.0,1
33.490558385849,0.0,1
33.490558385849,0.0,1
33.490558385849,0.0,1
33.490558385849,0.0,1
33.490558385849,0.0,1
33.4915452003479,0.0,1
33.4915452003479,0.0,1
33.4915452003479,0.0,1
33.4915452003479,0.0,1
33.4915452003479,0.0,1
33.492536306381226,0.0,1
33.494104623794556,0.0,1
33.495208978652954,0.0,1
33.49609851837158,0.0,1
33.497143507003784,0.0,1
33.498138427734375,0.0,1
33.4991180896759,0.0,1
33.500133752822876,0.0,1
33.500133752822876,0.0,1
33.50154685974121,0.0,1
33.50252604484558,0.0,1
33.50352692604065,0.0,1
33.50452733039856,0.0,1
33.50652575492859,0.0,1
33.50652575492859,0.0,1
33.507527589797974,0.0,1
33.50852656364441,0.0,1
33.50952649116516,0.0,1
33.510526180267334,0.0,1
33.511526346206665,0.0,1
33.51319146156311,0.0,1
33.51422476768494,0.00011,1
33.51422476768494,0.00015,1
33.52009558677673,0.00015,1
33.522151470184326,0.00015,1
33.52330732345581,0.00015,1
33.52432727813721,0.00015,1
33.5283203125,0.00015,1
33.529309034347534,0.00015,1
33.53153443336487,0.00015,1
33.532543420791626,0.00015,1
33.53753471374512,0.00015,1
33.53853917121887,0.00015,1
33.53853917121887,0.00015,1
33.53853917121887,0.00015,1
33.53853917121887,0.00015,1
33.53853917121887,0.0,1
33.539530754089355,0.0,1
33.539530754089355,0.0,1
33.539530754089355,0.0,1
33.539530754089355,0.0,1
33.539530754089355,0.0,1
33.539530754089355,0.0,1
33.54053235054016,0.0,1
33.54053235054016,0.0,1
33.54053235054016,0.0,1
33.54053235054016,0.0,1
33.54053235054016,0.0,1
33.54053235054016,0.0,1
33.54257845878601,0.0,1
33.5435528755188,0.0,1
33.544559478759766,8e-05,1
33.545533418655396,0.0,1
33.545533418655396,0.0,1
33.547547578811646,0.0,1
33.54855728149414,0.0,1
33.549566984176636,0.0,1
33.55008816719055,0.0,1
33.551023960113525,0.0,1
33.552035093307495,0.0,1
33.55308818817139,0.0,1
33.55420207977295,0.0,1
33.55420207977295,0.0,1
33.55534100532532,0.0,1
33.55742311477661,0.0,1
33.55836725234985,0.0,1
33.55836725234985,0.0,1
33.56055545806885,0.0,1
33.56055545806885,0.0,1
33.56582260131836,0.0,1
33.566779375076294,0.0,1
33.566779375076294,0.0,1
33.566779375076294,0.0,1
33.56777739524841,0.00027,1
33.56777739524841,0.00033,1
33.568846464157104,0.00033,1
33.56987547874451,0.00033,1
33.570900201797485,0.00033,1
33.571908950805664,0.00033,1
33.57591223716736,0.00033,1
33.57591223716736,0.00033,1
33.57591223716736,0.00033,1
33.57591223716736,0.00033,1
33.57692837715149,0.00033,1
33.57692837715149,0.00033,1
33.57816815376282,0.00033,1
33.579140186309814,0.00033,1
33.580188274383545,0.00033,1
33.581165075302124,0.00033,1
33.58214521408081,0.00033,1
33.58319115638733,0.00033,1
33.58319115638733,0.00033,1
33.584484815597534,0.00033,1
33.586008071899414,0.00033,1
33.58710265159607,0.00033,1
33.588090658187866,0.00033,1
33.58905076980591,0.0,1
33.59005117416382,0.0,1
33.59109568595886,0.0,1
33.592081785202026,0.0,1
33.593050479888916,0.0,1
33.59412479400635,0.0,1
33.595083713531494,0.0,1
33.596182107925415,0.0,1
33.5970983505249,0.0,1
33.598132371902466,0.0,1
33.598132371902466,0.0,1
33.59951400756836,0.0,1
33.600523233413696,0.0,1
33.60152268409729,0.0,1
33.60252285003662,0.0,1
33.60352277755737,0.0,1
33.604522943496704,0.0,1
33.60653018951416,0.0,1
33.60653018951416,0.0,1
33.60998487472534,0.0,1
33.61342239379883,0.0,1
33.614423751831055,0.0,1
33.614423751831055,0.0,1
33.614423751831055,0.0,1
33.61592364311218,0.0,1
33.61592364311218,0.0,1
33.61592364311218,0.0,1
33.61697006225586,0.0,1
33.61697006225586,0.0,1
33.617982625961304,0.0,1
33.61901807785034,0.0,1
33.626068353652954,0.0,1
33.626068353652954,0.0,1
33.626068353652954,0.0,1
33.626068353652954,0.0,1
33.627116441726685,0.0,1
33.627116441726685,0.0,1
33.627116441726685,0.0,1
33.627116441726685,0.0,1
33.628305196762085,0.0,1
33.62933921813965,0.0,1
33.62933921813965,0.0,1
33.630305767059326,0.0,1
33.632097005844116,0.0,1
33.633196115493774,0.0,1
33.63409781455994,0.0,1
33.63511896133423,0.0,1
33.63613843917847,0.0,1
33.63713812828064,0.0,1
33.63814067840576,0.0,1
33.63912796974182,0.0,1
33.6401801109314,0.0,1
33.64111256599426,0.0,1
33.642160415649414,0.0,1
33.644207239151,0.0,1
33.644207239151,0.0,1
33.64511489868164,0.0,1
33.64614248275757,0.00015,1
33.647125482559204,8e-05,1
33.64813995361328,0.0,1
33.64911246299744,0.0,1
33.65012526512146,0.0,1
33.65109729766846,0.0,1
33.65214252471924,0.0,1
33.65314030647278,0.0,1
33.65417265892029,0.0,1
33.65508484840393,0.0,1
33.65611410140991,0.0,1
33.657116651535034,0.0,1
33.65818166732788,0.0,1
33.65912628173828,0.0,1
33.66012620925903,0.0,1
33.66112303733826,0.0,1
33.66212201118469,0.0,1
33.66212201118469,0.0,1
33.66345763206482,0.0,1
33.6647732257843,0.0,1
33.66578412055969,0.0,1
33.66676473617554,0.0,1
33.667736291885376,0.0,1
33.67280864715576,0.00026,1
33.67381429672241,0.00026,1
33.67381429672241,0.00026,1
33.67480540275574,0.00026,1
33.67480540275574,0.00026,1
33.6758086681366,0.00026,1
33.676814794540405,0.00026,1
33.676814794540405,0.00026,1
33.67780876159668,0.00026,1
33.67780876159668,0.00026,1
33.681796073913574,0.00026,1
33.682793855667114,0.00026,1
33.682793855667114,0.00026,1
33.682793855667114,0.00026,1
33.682793855667114,0.00026,1
33.683791637420654,0.0,1
33.684792041778564,0.0,1
33.684792041778564,0.0,1
33.68631958961487,0.0,1
33.68822979927063,0.0,1
33.68885517120361,0.0,1
33.689918518066406,0.0,1
33.69096398353577,0.0,1
33.69189167022705,0.0,1
33.69293570518494,0.0,1
33.69390535354614,0.0,1
33.6949360370636,0.0,1
33.69593548774719,0.0,1
33.69593548774719,0.0,1
33.6974310874939,0.0,1
33.69842529296875,0.0,1
33.69942498207092,0.0,1
33.7004280090332,0.0,1
33.701425075531006,0.0,1
33.70242500305176,0.0,1
33.70342493057251,0.0,1
33.70442509651184,0.0,1
33.70646905899048,0.00013,1
33.70745348930359,9e-05,1
33.708441972732544,9e-05,1
33.70943474769592,9e-05,1
33.71043562889099,9e-05,1
33.71142506599426,9e-05,1
33.71142506599426,9e-05,1
33.712913274765015,9e-05,1
33.7139036655426,9e-05,1
33.71527910232544,9e-05,1
33.72167491912842,9e-05,1
33.72279167175293,9e-05,1
33.72279167175293,9e-05,1
33.723793029785156,0.0,1
33.723793029785156,0.0,1
33.724804639816284,0.0,1
33.724804639816284,0.0,1
33.7259156703949,0.0,1
33.7259156703949,0.0,1
33.726916551589966,0.0,1
33.726916551589966,0.0,1
33.72841691970825,0.0,1
33.72841691970825,6e-05,1
33.72955894470215,6e-05,1
33.73556351661682,6e-05,1
33.73657417297363,6e-05,1
33.73657417297363,6e-05,1
33.73657417297363,6e-05,1
33.73657417297363,6e-05,1
33.73657417297363,6e-05,1
33.73657417297363,6e-05,1
33.73657417297363,6e-05,1
33.73823642730713,6e-05,1
33.73868680000305,6e-05,1
33.739744901657104,6e-05,1
33.74175691604614,6e-05,1
33.742751359939575,0.0,1
33.743730545043945,0.00014,1
33.74476432800293,0.00014,1
33.74476432800293,0.00014,1
33.745713233947754,0.00014,1
33.74771785736084,0.00014,1
33.748722553253174,0.00014,1
33.748722553253174,0.00014,1
33.75076699256897,0.00014,1
33.75076699256897,0.00014,1
33.751784324645996,0.00014,1
33.75283145904541,0.00014,1
33.75397205352783,0.00014,1
33.755053997039795,0.00014,1
33.75603890419006,0.00014,1
33.757014751434326,0.00014,1
33.75802159309387,0.00014,1
33.75902056694031,0.00014,1
33.760027170181274,0.00014,1
33.76103329658508,0.00014,1
33.76240658760071,0.00014,1
33.76240658760071,0.00014,1
33.76391530036926,0.00014,1
33.76513957977295,0.00014,1
33.766308546066284,0.00044,1
33.767096519470215,0.0,1
33.76811099052429,0.0,1
33.76918959617615,0.0,1
33.77032780647278,0.0,1
33.77032780647278,0.0,1
33.771382331848145,0.0,1
33.77238941192627,0.0,1
33.77355360984802,0.0,1
33.774545431137085,0.0,1
33.77556371688843,0.0,1
33.77855920791626,0.0,1
33.783679485321045,0.00011,1
33.78472423553467,0.00011,1
33.78472423553467,0.00011,1
33.78472423553467,0.00011,1
33.78602313995361,0.00011,1
33.786532402038574,0.00011,1
33.786532402038574,0.00011,1
33.78758668899536,0.00011,1
33.78861379623413,0.00011,1
33.78959035873413,5e-05,1
33.78959035873413,5e-05,1
33.79160475730896,5e-05,1
33.800617933273315,5e-05,1
33.80159592628479,5e-05,1
33.80159592628479,5e-05,1
33.80159592628479,5e-05,1
33.80159592628479,5e-05,1
33.80159592628479,5e-05,1
33.802608251571655,5e-05,1
33.802608251571655,5e-05,1
33.802608251571655,5e-05,1
33.802608251571655,5e-05,1
33.802608251571655,5e-05,1
33.802608251571655,5e-05,1
33.802608251571655,5e-05,1
33.802608251571655,5e-05,1
33.80423092842102,5e-05,1
33.80514883995056,5e-05,1
33.80619549751282,5e-05,1
33.807190895080566,5e-05,1
33.8082013130188,5e-05,1
33.8082013130188,0.0,1
33.809715032577515,0.00038,1
33.81076145172119,0.00038,1
33.81181073188782,0.00038,1
33.81281042098999,0.00038,1
33.81375861167908,0.00038,1
33.81476664543152,0.00038,1
33.8161256313324,0.00038,1
33.817163944244385,0.00038,1
33.818312883377075,0.00038,1
33.818312883377075,0.00038,1
33.81968808174133,0.00038,1
33.82072305679321,0.00038,1
33.821723222732544,0.00038,1
33.82376027107239,0.0,1
33.824726819992065,0.0,1
33.82571029663086,0.0,1
33.8266978263855,0.0,1
33.82709336280823,0.0,1
33.82811737060547,0.0,1
33.82910203933716,0.0,1
33.8301157951355,0.0,1
33.83126735687256,0.0,1
33.83226704597473,0.0,1
33.83326840400696,0.0,1
33.834171295166016,0.0,1
33.834171295166016,0.0,1
33.836283445358276,0.0,1
33.837281942367554,0.0,1
33.8382830619812,7e-05,1
33.840301752090454,7e-05,1
33.84630584716797,7e-05,1
33.84829902648926,7e-05,1
33.84929442405701,7e-05,1
33.85029077529907,7e-05,1
33.851290225982666,7e-05,1
33.851290225982666,0.0,1
33.85263681411743,0.0,1
33.85263681411743,0.0,1
33.853697538375854,0.0,1
33.853697538375854,0.0,1
33.853697538375854,0.0,1
33.853697538375854,0.0,1
33.854716300964355,0.0,1
33.854716300964355,0.0,1
33.854716300964355,0.0,1
33.85598707199097,0.0,1
33.85598707199097,0.0,1
33.860055446624756,0.0,1
33.861079931259155,0.0,1
33.861079931259155,0.0,1
33.861079931259155,0.00026,1
33.861079931259155,0.00026,1
33.862123250961304,0.00026,1
33.86325287818909,0.00026,1
33.86435127258301,0.00026,1
33.865354776382446,0.00026,1
33.86635375022888,0.00026,1
33.86713123321533,0.00026,1
33.86817121505737,0.0,1
33.86917567253113,0.0,1
33.87017464637756,0.0,1
33.87116837501526,0.0,1
33.87253141403198,0.0,1
33.873536348342896,0.0,1
33.873536348342896,0.0,1
33.87448716163635,0.0,1
33.87548208236694,0.0,1
33.87648272514343,0.0,1
33.87848401069641,0.0,1
33.879509925842285,0.0,1
33.879509925842285,0.0,1
33.880481243133545,0.0,1
33.88148045539856,0.0,1
33.88248038291931,0.00046,1
33.884249210357666,0.00046,1
33.88514995574951,0.00046,1
33.88514995574951,0.00046,1
33.88680982589722,0.00046,1
33.8880410194397,0.00046,1
33.8880410194397,0.00046,1
33.89049959182739,0.00046,1
33.891478300094604,0.00046,1
33.892500162124634,0.00046,1
33.892500162124634,0.00046,1
33.894487380981445,1e-05,1
33.89554262161255,1e-05,1
33.896479845047,1e-05,1
33.89750862121582,1e-05,1
33.8984808921814,1e-05,1
33.8984808921814,1e-05,1
33.899959325790405,1e-05,1
33.900898933410645,1e-05,1
33.90188121795654,1e-05,1
33.907060861587524,0.0,1
33.907060861587524,0.0,1
33.90805912017822,0.0,1
33.90805912017822,0.0,1
33.909058809280396,0.0,1
33.909058809280396,0.0,1
33.909058809280396,0.0,1
33.91006064414978,0.0,1
33.91106414794922,0.0,1
33.91506218910217,0.0,1
33.91506218910217,0.0,1
33.91506218910217,0.0,1
33.916083574295044,0.0,1
33.916083574295044,0.0,1
33.91709589958191,0.0,1
33.91815137863159,7e-05,1
33.91920804977417,6e-05,1
33.92022490501404,0.0,1
33.92022490501404,0.0,1
33.92232418060303,0.0,1
33.92232418060303,0.0,1
33.923686265945435,0.0,1
33.92473101615906,0.0,1
33.925737142562866,0.0,1
33.926729679107666,0.0,1
33.927741289138794,0.0,1
33.92873477935791,0.0,1
33.92973875999451,0.0,1
33.93073582649231,0.0,1
33.93173336982727,0.0,1
33.93273591995239,0.0,1
33.93373394012451,0.0,1
33.93497014045715,0.0,1
33.93604516983032,0.0,1
33.93749117851257,0.0,1
33.93749117851257,0.0,1
33.939616441726685,0.00013,1
33.940579891204834,0.0,1
33.940579891204834,0.0,1
33.942569732666016,0.0,1
33.942569732666016,0.0,1
33.94456219673157,0.0,1
33.94558668136597,0.0,1
33.94558668136597,0.0,1
33.94708728790283,0.0,1
33.94789958000183,0.0,1
33.950278759002686,0.0,1
33.950278759002686,0.0,1
33.95375609397888,0.0,1
33.95485258102417,0.0,1
33.95485258102417,6e-05,1
33.95485258102417,6e-05,1
33.956297636032104,6e-05,1
33.95737910270691,6e-05,1
33.95968174934387,6e-05,1
33.96064519882202,6e-05,1
33.961647033691406,6e-05,1
33.962931632995605,6e-05,1
33.965933322906494,6e-05,1
33.97036170959473,6e-05,1
33.97036170959473,0.00047,1
33.971418619155884,0.00047,1
33.971418619155884,0.00047,1
33.971418619155884,0.00047,1
33.971418619155884,0.00047,1
33.972574949264526,0.00047,1
33.972574949264526,0.00047,1
33.972574949264526,0.00047,1
33.97315526008606,0.00047,1
33.97315526008606,0.00047,1
33.97315526008606,0.00047,1
33.974244832992554,0.00047,1
33.97524404525757,0.00047,1
33.97620391845703,4e-05,1
33.97740983963013,4e-05,1
33.97740983963013,0.00022,1
33.97854256629944,0.00022,1
33.979535818099976,0.00022,1
33.98054265975952,0.00022,1
33.981799364089966,0.00022,1
33.98282241821289,0.00022,1
33.98382592201233,0.00022,1
33.984846115112305,0.00022,1
33.98584485054016,0.00022,1
33.98684549331665,0.00022,1
33.98799753189087,0.00022,1
33.98945713043213,0.00022,1
33.990429639816284,0.00022,1
33.991424560546875,0.00022,1
33.991424560546875,0.00022,1
33.99271106719971,0.00022,1
33.993696451187134,0.00022,1
33.99469780921936,0.00022,1
33.99569296836853,0.00022,1
33.99671721458435,0.00022,1
33.99815845489502,0.00022,1
33.99889421463013,0.00022,1
33.99996209144592,0.00022,1
34.00118374824524,0.00022,1
34.00228214263916,0.00022,1
34.00330686569214,0.00022,1
34.004313230514526,0.00022,1
34.005309104919434,0.0,1
34.006309032440186,0.0,1
34.0073127746582,0.0,1
34.0073127746582,0.0,1
34.00881361961365,0.0,1
34.010064125061035,0.0,1
34.01111817359924,0.0,1
34.01534986495972,0.0,1
34.01534986495972,0.0,1
34.01634454727173,0.0,1
34.01634454727173,0.0,1
34.01634454727173,0.0,1
34.01734519004822,0.0,1
34.01836967468262,0.0,1
34.01935863494873,0.0,1
34.02034306526184,0.00042,1
34.025349855422974,0.00042,1
34.025349855422974,0.00042,1
34.02639126777649,0.00042,1
34.02776789665222,0.00042,1
34.0288610458374,0.00042,1
34.0288610458374,0.00042,1
34.02979874610901,0.00042,1
34.02979874610901,0.00042,1
34.02979874610901,0.00042,1
34.02979874610901,0.00042,1
34.03183031082153,0.00042,1
34.03183031082153,0.00042,1
34.0331449508667,0.00042,1
34.03411602973938,0.00042,1
34.03411602973938,0.00042,1
34.0355384349823,0.00042,1
34.03719139099121,0.00042,1
34.038227558135986,0.00042,1
34.03929662704468,0.00042,1
34.03986382484436,0.00042,1
34.04100465774536,2e-05,1
34.04211235046387,0.0,1
34.04211235046387,0.0,1
34.04358220100403,0.0,1
34.04458999633789,0.0,1
34.04558062553406,0.0,1
34.046629905700684,0.0,1
34.04763340950012,0.0,1
34.04859232902527,0.0,1
34.04958510398865,0.0,1
34.050631046295166,0.0,1
34.05162811279297,0.0,1
34.0526442527771,0.0,1
34.05358576774597,0.0,1
34.054627418518066,0.0,1
34.05558633804321,0.0,1
34.05664300918579,0.0,1
34.06671667098999,0.0,1
34.06671667098999,0.0,1
34.067582845687866,0.0,1
34.067582845687866,0.0,1
34.0685818195343,0.0,1
34.069578886032104,0.0,1
34.069578886032104,0.0,1
34.07062387466431,0.0,1
34.07062387466431,0.0,1
34.071667194366455,0.0,1
34.07880973815918,0.0,1
34.07880973815918,0.0,1
34.07880973815918,0.0,1
34.07978010177612,0.0,1
34.07978010177612,0.0,1
34.07978010177612,0.0,1
34.07978010177612,0.0,1
34.07978010177612,0.0,1
34.08080983161926,0.0,1
34.0818407535553,0.0,1
34.08307695388794,0.0,1
34.08392572402954,0.0,1
34.0850875377655,0.0,1
34.08613038063049,0.0,1
34.087106227874756,0.0,1
34.087106227874756,0.0,1
34.08938932418823,0.0,1
34.09038186073303,0.0,1
34.091384172439575,0.0,1
34.092395305633545,0.0,1
34.09372520446777,0.0,1
34.09372520446777,0.0,1
34.09580111503601,0.0,1
34.09580111503601,0.0,1
34.09790873527527,0.0,1
34.098888635635376,0.00029,1
34.098888635635376,0.0,1
34.09988760948181,0.0,1
34.10109043121338,0.0,1
34.10210967063904,0.0,1
34.10210967063904,0.0,1
34.10410237312317,0.0,1
34.104748487472534,0.0,1
34.10576629638672,0.0,1
34.107195138931274,0.0,1
34.1084086894989,0.0,1
34.1094024181366,0.0,1
34.110403537750244,0.0,1
34.110403537750244,0.0,1
34.11138868331909,0.0,1
34.113401651382446,0.0,1
34.113401651382446,0.0,1
34.11451005935669,0.0,1
34.115506649017334,0.0,1
34.11651015281677,0.0,1
34.11750650405884,0.0,1
34.11850666999817,0.0,1
34.1195068359375,0.0,1
34.123475790023804,0.0003,1
34.124480962753296,0.0,1
34.124480962753296,0.0,1
34.1254768371582,0.0,1
34.1254768371582,0.0,1
34.1254768371582,0.0,1
34.12750315666199,0.0,1
34.12850260734558,0.0,1
34.13152456283569,0.0,1
34.13152456283569,0.0,1
34.13152456283569,0.0,1
34.13254451751709,0.0,1
34.13254451751709,0.0,1
34.13352632522583,0.0,1
34.13510084152222,0.0,1
34.13607096672058,0.0,1
34.1367564201355,0.0,1
34.13781023025513,0.0,1
34.13879323005676,0.0,1
34.13976740837097,0.0,1
34.14078950881958,0.0,1
34.14181351661682,0.0,1
34.14280724525452,0.0,1
34.14380931854248,0.0,1
34.14481043815613,0.0,1
34.14608597755432,0.0,1
34.147276639938354,0.0,1
34.14827537536621,0.0,1
34.14927554130554,0.0,1
34.150275468826294,0.0,1
34.150275468826294,0.0,1
34.151623010635376,0.0,1
34.15264821052551,0.0,1
34.15419030189514,0.0,1
34.15487766265869,0.0,1
34.1559522151947,0.0,1
34.156941652297974,0.00026,1
34.157920598983765,0.00026,1
34.158952713012695,0.00069,1
34.159939765930176,0.00069,1
34.16092133522034,0.00069,1
34.16191649436951,0.00069,1
34.1629364490509,0.00069,1
34.16410684585571,0.00069,1
34.16515588760376,0.00069,1
34.16912221908569,0.00069,1
34.16912221908569,0.00069,1
34.170140504837036,0.00069,1
34.170140504837036,0.00069,1
34.17113542556763,0.00069,1
34.17113542556763,0.00069,1
34.17212438583374,0.00069,1
34.17333698272705,0.00069,1
34.17781853675842,0.00069,1
34.17781853675842,0.00069,1
34.17781853675842,0.00069,1
34.17781853675842,0.00069,1
34.17781853675842,0.00069,1
34.17917442321777,0.00069,1
34.180187702178955,0.00068,1
34.18121790885925,0.00068,1
34.18121790885925,0.00068,1
34.18251013755798,0.00068,1
34.18351078033447,0.00068,1
34.18450999259949,0.0,1
34.1855092048645,0.0,1
34.18710994720459,0.0,1
34.18817400932312,0.0,1
34.189129114151,0.0,1
34.19016146659851,0.0,1
34.191123485565186,0.0,1
34.19219732284546,0.0,1
34.19319009780884,0.0,1
34.19417643547058,0.0,1
34.19517517089844,0.0,1
34.19517517089844,0.0,1
34.19650077819824,0.0,1
34.19813132286072,0.0,1
34.199138164520264,0.0,1
34.200206995010376,0.0,1
34.20116066932678,0.0,1
34.202150106430054,0.0,1
34.202150106430054,0.0,1
34.20348024368286,0.0,1
34.204529762268066,0.0,1
34.20655131340027,0.0,1
34.20753860473633,0.0,1
34.20853614807129,0.0,1
34.20853614807129,0.0,1
34.209529638290405,0.0,1
34.214545249938965,0.0,1
34.214545249938965,0.0,1
34.21596813201904,0.0,1
34.21596813201904,0.0,1
34.21596813201904,0.0,1
34.21596813201904,0.0,1
34.21715569496155,0.0,1
34.219170808792114,6e-05,1
34.22017002105713,6e-05,1
34.22017002105713,6e-05,1
34.22516703605652,6e-05,1
34.22516703605652,6e-05,1
34.22516703605652,6e-05,1
34.22516703605652,6e-05,1
34.22516703605652,6e-05,1
34.22616958618164,6e-05,1
34.22616958618164,6e-05,1
34.22746706008911,6e-05,1
34.22846603393555,6e-05,1
34.22947549819946,6e-05,1
34.23088192939758,6e-05,1
34.23206281661987,6e-05,1
34.23206281661987,6e-05,1
34.2344388961792,6e-05,1
34.2344388961792,6e-05,1
34.235527992248535,6e-05,1
34.23652267456055,0.0,1
34.23852324485779,0.0,1
34.23852324485779,0.0,1
34.23953413963318,0.0,1
34.240522623062134,0.0,1
34.24173951148987,0.0,1
34.24275779724121,0.0,1
34.2437047958374,0.0,1
34.24472951889038,0.0,1
34.2457320690155,0.0,1
34.24672985076904,0.0,1
34.24770450592041,0.0,1
34.24872970581055,0.0,1
34.24971008300781,0.0,1
34.250725746154785,0.0,1
34.25178623199463,0.0,1
34.25274085998535,0.0,1
34.2537682056427,0.0,1
34.255815267562866,0.0,1
34.26667022705078,0.0,1
34.26870584487915,0.0,1
34.26967668533325,0.0,1
34.26967668533325,0.0,1
34.27065849304199,0.0,1
34.27065849304199,0.0,1
34.27065849304199,0.00025,1
34.27277112007141,0.00025,1
34.27678442001343,0.00025,1
34.28078532218933,0.00025,1
34.29712772369385,0.00025,1
34.29815411567688,0.00025,1
34.29815411567688,0.00025,1
34.29815411567688,0.00025,1
34.29911017417908,0.00025,1
34.29911017417908,0.00025,1
34.30014443397522,0.00025,1
34.30014443397522,0.00025,1
34.301121950149536,0.00025,1
34.301121950149536,0.00025,1
34.30213236808777,0.00025,1
34.30213236808777,0.00025,1
34.30311346054077,0.00025,1
34.30311346054077,0.00025,1
34.30311346054077,0.00025,1
34.304115533828735,0.00025,1
34.304115533828735,7e-05,1
34.304115533828735,0.00011,1
34.304115533828735,0.00011,1
34.30511116981506,0.00011,1
34.30511116981506,0.00011,1
34.30511116981506,0.00011,1
34.306124210357666,0.00011,1
34.306124210357666,0.00011,1
34.306124210357666,0.00011,1
34.306124210357666,0.00011,1
34.306124210357666,0.00011,1
34.307108640670776,0.00011,1
34.307108640670776,0.00011,1
34.307108640670776,0.00011,1
34.307108640670776,0.00062,1
34.308127641677856,0.00062,1
34.308127641677856,0.00026,1
34.310115337371826,0.00026,1
34.310115337371826,0.00026,1
34.310115337371826,0.00026,1
34.311174392700195,0.00026,1
34.311174392700195,0.00026,1
34.31210899353027,0.00026,1
34.31210899353027,0.00026,1
34.31210899353027,0.00026,1
34.31210899353027,0.00026,1
34.313130617141724,0.00026,1
34.313130617141724,0.00026,1
34.313130617141724,0.00026,1
34.31413221359253,0.00026,1
34.31512999534607,0.00026,1
34.31512999534607,0.00026,1
34.31611108779907,0.00026,1
34.31611108779907,0.00026,1
34.31611108779907,0.00026,1
34.3171226978302,0.00026,1
34.3171226978302,0.00026,1
34.31857347488403,0.0,1
34.32014584541321,0.0,1
34.320653676986694,8e-05,1
34.322667360305786,8e-05,1
34.322667360305786,8e-05,1
34.323745250701904,8e-05,1
34.3247172832489,8e-05,1
34.32571625709534,8e-05,1
34.32676148414612,8e-05,1
34.32771706581116,8e-05,1
34.328777551651,8e-05,1
34.32977318763733,8e-05,1
34.33071994781494,8e-05,1
34.33178162574768,0.00029,1
34.33271622657776,0.00029,1
34.33773732185364,0.00029,1
34.33872318267822,0.00029,1
34.3397490978241,0.00029,1
34.3397490978241,0.00029,1
34.34074354171753,0.00029,1
34.341734409332275,0.0,1
34.34273099899292,0.0,1
34.34371876716614,0.0,1
34.34371876716614,0.0,1
34.34371876716614,0.0,1
34.34485387802124,0.0,1
34.34590673446655,0.0,1
34.34590673446655,0.0,1
34.349252700805664,0.0,1
34.349252700805664,0.0,1
34.349252700805664,0.0,1
34.350614070892334,0.0,1
34.35107064247131,0.0,1
34.352070331573486,0.0,1
34.353116273880005,0.0,1
34.35373401641846,0.00056,1
34.35492014884949,0.0,1
34.35590624809265,0.00016,1
34.356953620910645,0.00016,1
34.35802602767944,0.00016,1
34.359004497528076,0.00016,1
34.360008239746094,0.00016,1
34.36115217208862,0.00016,1
34.36221957206726,0.00016,1
34.36358070373535,0.00016,1
34.36358070373535,0.00016,1
34.364614486694336,0.00016,1
34.365965843200684,0.00016,1
34.367027044296265,0.00016,1
34.367976665496826,0.00016,1
34.3689980506897,0.00016,1
34.370023012161255,0.00016,1
34.371007680892944,0.00016,1
34.372007608413696,0.00016,1
34.37302207946777,0.00016,1
34.375028133392334,0.00016,1
34.375028133392334,0.00016,1
34.3762047290802,0.00016,1
34.37855887413025,0.00013,1
34.37947916984558,0.00013,1
34.38390922546387,5e-05,1
34.391488552093506,5e-05,1
34.39254951477051,5e-05,1
34.39470553398132,5e-05,1
34.39699125289917,5e-05,1
34.399051666259766,5e-05,1
34.40215444564819,5e-05,1
34.40318822860718,5e-05,1
34.404202461242676,5e-05,1
34.404202461242676,5e-05,1
34.40532684326172,5e-05,1
34.40532684326172,0.0,1
34.40532684326172,0.0,1
34.40681004524231,0.0,1
34.40839147567749,0.0,1
34.40947151184082,0.0,1
34.41820669174194,0.0,1
34.41871500015259,0.00031,1
34.41871500015259,0.00031,1
34.41871500015259,0.00031,1
34.41922068595886,0.00031,1
34.41922068595886,0.00031,1
34.41922068595886,0.00031,1
34.41922068595886,0.00031,1
34.41922068595886,0.00031,1
34.41922068595886,0.00031,1
34.42022657394409,0.00031,1
34.42022657394409,0.00031,1
34.42022657394409,0.00031,1
34.42073082923889,0.00031,1
34.42073082923889,0.00031,1
34.42073082923889,0.00031,1
34.42073082923889,0.00031,1
34.421233892440796,0.00031,1
34.421233892440796,0.00031,1
34.42224335670471,0.00031,1
34.42224335670471,0.00031,1
34.42224335670471,0.00031,1
34.42224335670471,0.00031,1
34.423240661621094,0.00031,1
34.423240661621094,0.00031,1
34.423240661621094,0.0,1
34.423240661621094,0.0,1
34.423240661621094,0.0,1
34.423240661621094,0.0,1
34.424015283584595,0.0,1
34.425105571746826,0.0,1
34.425105571746826,0.0,1
34.427061557769775,0.0,1
34.427435636520386,0.0,1
34.428494930267334,0.0,1
34.42996263504028,0.0,1
34.431066274642944,0.0,1
34.4320867061615,0.0,1
34.43324899673462,0.0,1
34.43438363075256,1e-05,1
34.43438363075256,0.0,1
34.43538856506348,0.0,1
34.43638467788696,0.0,1
34.43840026855469,0.0,1
34.43940043449402,0.0,1
34.43940043449402,0.0,1
34.44137954711914,0.0,1
34.44285750389099,0.0,1
34.44483971595764,0.0,1
34.448975563049316,0.0,1
34.448975563049316,0.0,1
34.448975563049316,0.0,1
34.45007848739624,0.0,1
34.451093912124634,0.0,1
34.451093912124634,0.0,1
34.451093912124634,0.0,1
34.452290773391724,0.0,1
34.452290773391724,0.0,1
34.453306674957275,0.0,1
34.45435690879822,0.0,1
34.46156907081604,0.0,1
34.46156907081604,0.0,1
34.46266984939575,0.0,1
34.46266984939575,0.0,1
34.46266984939575,0.0,1
34.46363067626953,0.0,1
34.46363067626953,0.0,1
34.46363067626953,0.0,1
34.46363067626953,0.0,1
34.46548295021057,0.0,1
34.46548295021057,0.0,1
34.46548295021057,0.0,1
34.46796727180481,0.0,1
34.468477725982666,0.0,1
34.46968388557434,0.0,1
34.46968388557434,0.0,1
34.470672369003296,0.0,1
34.47269940376282,0.0,1
34.47269940376282,0.0,1
34.47387099266052,0.0,1
34.47500824928284,0.0,1
34.47604537010193,0.0,1
34.477055311203,0.0,1
34.47804379463196,0.0,1
34.47904968261719,0.0,1
34.48004865646362,0.0,1
34.48102807998657,0.0,1
34.482030630111694,0.0,1
34.482030630111694,0.0,1
34.48334360122681,0.0,1
34.48510503768921,0.0,1
34.48607325553894,0.0,1
34.48706912994385,0.0,1
34.4876184463501,0.0,1
34.489686012268066,0.0,1
34.490673780441284,0.0,1
34.49559545516968,0.0,1
34.49559545516968,0.0,1
34.4966185092926,0.0,1
34.4966185092926,0.0,1
34.49761343002319,0.0,1
34.49761343002319,0.0,1
34.49761343002319,0.0,1
34.498597860336304,0.0,1
34.49960899353027,0.0,1
34.49960899353027,0.0,1
34.5046021938324,0.0,1
34.5046021938324,0.0,1
34.5046021938324,0.0,1
34.5046021938324,0.0,1
34.50560545921326,0.0,1
34.50560545921326,0.0,1
34.506614685058594,0.0,1
34.50807070732117,0.0,1
34.50915193557739,0.0,1
34.51015830039978,0.0,1
34.511157512664795,0.0,1
34.51218271255493,0.0,1
34.51316213607788,0.0,1
34.514169692993164,0.0,1
34.515159130096436,0.0,1
34.51616024971008,0.0001,1
34.51715970039368,0.0001,1
34.51815843582153,0.0001,1
34.51916456222534,0.0001,1
34.51916456222534,0.0001,1
34.52065396308899,0.0001,1
34.522568225860596,0.0,1
34.52366876602173,0.0,1
34.52366876602173,0.0,1
34.52509665489197,0.0,1
34.52606797218323,0.0,1
34.527095556259155,0.0,1
34.52807664871216,0.0,1
34.52909970283508,0.0,1
34.529871463775635,0.0,1
34.53098154067993,0.0,1
34.532246828079224,0.00028,1
34.53340220451355,0.00028,1
34.5344021320343,0.00028,1
34.5344021320343,0.00028,1
34.535550594329834,0.00028,1
34.53652310371399,0.00028,1
34.54830312728882,0.00028,1
34.5505895614624,0.00028,1
34.55395746231079,0.00028,1
34.5565550327301,0.00028,1
34.55893421173096,0.00028,1
34.55994725227356,0.00028,1
34.55994725227356,0.00028,1
34.561164140701294,0.00028,1
34.56552338600159,0.00028,1
34.56552338600159,0.00028,1
34.56552338600159,0.00028,1
34.56552338600159,0.00028,1
34.566797733306885,0.00028,1
34.566797733306885,0.00028,1
34.566797733306885,0.00046,1
34.566797733306885,0.00046,1
34.566797733306885,0.0,1
34.56779623031616,0.0,1
34.56779623031616,0.0,1
34.56779623031616,0.0,1
34.56779623031616,0.0,1
34.56779623031616,0.0,1
34.56779623031616,0.0,1
34.56779623031616,0.0,1
34.56779623031616,0.0,1
34.56879639625549,0.0,1
34.56879639625549,0.0,1
34.56879639625549,0.0,1
34.56879639625549,0.00021,1
34.56879639625549,0.00021,1
34.569799184799194,0.00021,1
34.569799184799194,0.00021,1
34.569799184799194,0.00021,1
34.57088875770569,0.00021,1
34.57220530509949,0.00021,1
34.57324433326721,7e-05,1
34.57426714897156,7e-05,1
34.57528209686279,7e-05,1
34.57626128196716,7e-05,1
34.57626128196716,7e-05,1
34.57812571525574,7e-05,1
34.57913112640381,7e-05,1
34.5801203250885,7e-05,1
34.581159830093384,7e-05,1
34.58214783668518,7e-05,1
34.58315825462341,7e-05,1
34.584160566329956,7e-05,1
34.585166454315186,7e-05,1
34.58615803718567,7e-05,1
34.58615803718567,7e-05,1
34.587666511535645,0.0,1
34.588696241378784,0.0,1
34.590689182281494,9e-05,1
34.59170937538147,9e-05,1
34.592681646347046,9e-05,1
34.59370136260986,9e-05,1
34.59370136260986,9e-05,1
34.5957088470459,9e-05,1
34.5957088470459,9e-05,1
34.59768486022949,9e-05,1
34.59768486022949,0.0,1
34.59876012802124,0.0,1
34.60186290740967,0.0,1
34.60486388206482,0.0,1
34.60486388206482,0.0,1
34.60586667060852,0.0,1
34.60586667060852,0.0,1
34.60686254501343,0.0,1
34.60686254501343,0.0,1
34.60786151885986,0.0,1
34.60886311531067,0.0,1
34.60985970497131,0.0,1
34.60985970497131,0.0,1
34.61085796356201,0.0,1
34.611867904663086,0.0,1
34.61693596839905,0.0,1
34.61693596839905,0.0,1
34.61693596839905,0.0,1
34.61693596839905,0.0,1
34.61693596839905,0.0,1
34.61805963516235,0.0,1
34.61907243728638,0.0,1
34.620161294937134,0.0,1
34.62142896652222,0.0,1
34.62240409851074,0.0,1
34.62240409851074,0.0,1
34.624401330947876,0.0,1
34.62541675567627,0.0,1
34.62541675567627,0.0,1
34.627410888671875,0.0,1
34.627410888671875,0.0,1
34.62892293930054,0.0,1
34.6302535533905,0.0,1
34.631258964538574,0.0,1
34.632266998291016,0.0,1
34.63324546813965,0.0,1
34.6342408657074,0.0,1
34.63524055480957,0.0,1
34.63623809814453,0.0,1
34.637243032455444,0.0,1
34.63855314254761,0.0,1
34.63855314254761,0.0,1
34.63953495025635,0.0,1
34.64106822013855,0.0,1
34.642171144485474,2e-05,1
34.642171144485474,2e-05,1
34.643585205078125,2e-05,1
34.64456391334534,2e-05,1
34.645644664764404,2e-05,1
34.64767575263977,2e-05,1
34.65170073509216,2e-05,1
34.65170073509216,2e-05,1
34.65269184112549,2e-05,1
34.65269184112549,2e-05,1
34.65269184112549,2e-05,1
34.65369153022766,2e-05,1
34.654670000076294,2e-05,1
34.655696868896484,2e-05,1
34.65730357170105,2e-05,1
34.658342599868774,2e-05,1
34.659653425216675,2e-05,1
34.6606068611145,2e-05,1
34.6632285118103,2e-05,1
34.6682243347168,2e-05,1
34.6682243347168,0.0,1
34.6682243347168,0.0,1
34.6682243347168,0.0,1
34.6682243347168,0.0,1
34.6682243347168,0.0,1
34.6682243347168,0.0,1
34.6682243347168,0.0,1
34.6682243347168,0.0,1
34.669694662094116,0.0,1
34.67082500457764,0.0,1
34.67206335067749,0.0,1
34.67307138442993,0.0,1
34.6742377281189,0.0,1
34.67506980895996,0.0,1
34.676114082336426,0.0,1
34.67711091041565,0.0,1
34.67811298370361,0.0,1
34.67911076545715,0.0,1
34.68010997772217,0.0,1
34.68111324310303,0.0,1
34.68212866783142,0.0,1
34.683109521865845,0.0,1
34.684112310409546,0.0,1
34.68511390686035,0.0,1
34.686110496520996,0.0,1
34.686110496520996,0.0,1
34.687621116638184,0.0,1
34.689648389816284,0.0,1
34.689648389816284,0.0,1
34.69166135787964,0.0,1
34.69166135787964,0.0,1
34.69865560531616,0.0,1
34.69865560531616,0.0,1
34.69966769218445,0.0,1
34.69966769218445,0.0,1
34.70067644119263,0.0,1
34.70067644119263,0.0,1
34.70067644119263,0.0,1
34.70165419578552,0.0,1
34.70165419578552,0.0,1
34.70265865325928,0.0,1
34.70265865325928,0.0,1
34.70466709136963,0.0,1
34.70466709136963,0.0,1
34.71168541908264,0.0,1
34.71168541908264,0.0,1
34.71168541908264,0.0,1
34.71168541908264,0.0,1
34.71267867088318,0.0,1
34.71267867088318,0.0,1
34.71267867088318,0.0,1
34.71267867088318,0.0,1
34.7136766910553,0.0,1
34.71468663215637,0.0,1
34.71566724777222,0.0,1
34.71706032752991,0.0,1
34.718061208724976,0.0,1
34.71911120414734,0.0,1
34.72010564804077,0.0,1
34.72107720375061,1e-05,1
34.72209882736206,1e-05,1
34.72309398651123,1e-05,1
34.724140644073486,1e-05,1
34.72621178627014,1e-05,1
34.72621178627014,1e-05,1
34.72711944580078,1e-05,1
34.72809290885925,1e-05,1
34.72985219955444,1e-05,1
34.72985219955444,1e-05,1
34.730900049209595,1e-05,1
34.73188853263855,1e-05,1
34.73288321495056,1e-05,1
34.73387050628662,0.0,1
34.73506188392639,0.0,1
34.73590660095215,0.0,1
34.736977100372314,0.0,1
34.737957239151,0.0,1
34.74097514152527,0.0,1
34.74493074417114,0.0,1
34.74493074417114,0.0,1
34.74597191810608,0.0,1
34.74597191810608,1e-05,1
34.74597191810608,0.0,1
34.74697279930115,0.0,1
34.74697279930115,0.0,1
34.74697279930115,0.0,1
34.74797248840332,0.0,1
34.74897623062134,0.0,1
34.749953508377075,0.0,1
34.75395655632019,0.0,1
34.75395655632019,0.0,1
34.75395655632019,0.0,1
34.75395655632019,0.0,1
34.755393505096436,0.0,1
34.755393505096436,0.0,1
34.756577491760254,0.0,1
34.757577419281006,0.0,1
34.75859618186951,0.0,1
34.75959348678589,0.0,1
34.76059365272522,0.0,1
34.761579513549805,0.0,1
34.76257371902466,0.0,1
34.76386380195618,0.0,1
34.76488184928894,0.0,1
34.765865325927734,0.0,1
34.76686453819275,0.0,1
34.76789879798889,0.0,1
34.768863916397095,0.0,1
34.769866943359375,0.0,1
34.77086544036865,0.0,1
34.771862268447876,0.0,1
34.7728967666626,0.0,1
34.77488303184509,0.0,1
34.77488303184509,0.0,1
34.776891469955444,0.0,1
34.776891469955444,0.0,1
34.77787518501282,0.0,1
34.778879165649414,0.0,1
34.77988529205322,0.0,1
34.78087139129639,1e-05,1
34.78188514709473,1e-05,1
34.78286838531494,1e-05,1
34.78386664390564,1e-05,1
34.78486895561218,1e-05,1
34.7858669757843,1e-05,1
34.788382053375244,1e-05,1
34.791386127471924,1e-05,1
34.791386127471924,1e-05,1
34.791386127471924,1e-05,1
34.792386054992676,1e-05,1
34.792386054992676,1e-05,1
34.793386936187744,1e-05,1
34.79438614845276,1e-05,1
34.795389890670776,1e-05,1
34.796388387680054,1e-05,1
34.79939293861389,1e-05,1
34.79939293861389,1e-05,1
34.80039024353027,1e-05,1
34.80039024353027,1e-05,1
34.80039024353027,0.0,1
34.801666259765625,0.0,1
34.802701234817505,0.0,1
34.80379509925842,0.0,1
34.80486869812012,0.0,1
34.80582928657532,0.0,1
34.8068687915802,0.0,1
34.808061599731445,0.0,1
34.809067487716675,0.0,1
34.81011986732483,0.0,1
34.81112766265869,0.0,1
34.81207036972046,0.0,1
34.813109397888184,0.0,1
34.814112186431885,0.0,1
34.81512260437012,0.0,1
34.81610631942749,0.0,1
34.81711935997009,0.0,1
34.81810927391052,0.0,1
34.81908583641052,0.0,1
34.820109367370605,0.0,1
34.821083545684814,0.0,1
34.82208514213562,0.0,1
34.82411980628967,0.0,1
34.82411980628967,0.0,1
34.82510781288147,0.0,1
34.827085733413696,0.0,1
34.827085733413696,0.0,1
34.82814431190491,0.0,1
34.82908391952515,0.0,1
34.830077171325684,0.0,1
34.83106303215027,0.0,1
34.83200740814209,0.0,1
34.83302640914917,0.0,1
34.83502173423767,0.0,1
34.83856916427612,0.0,1
34.83856916427612,0.0,1
34.83856916427612,0.0,1
34.83960676193237,0.0,1
34.83960676193237,0.0,1
34.8406081199646,0.0,1
34.8406081199646,0.0,1
34.84161043167114,1e-05,1
34.8466432094574,1e-05,1
34.8466432094574,1e-05,1
34.8466432094574,1e-05,1
34.8466432094574,1e-05,1
34.8466432094574,1e-05,1
34.84808874130249,1e-05,1
34.849095582962036,1e-05,1
34.850157260894775,1e-05,1
34.85110306739807,1e-05,1
34.85214400291443,1e-05,1
34.85315799713135,1e-05,1
34.85414910316467,1e-05,1
34.85515522956848,1e-05,1
34.85616374015808,1e-05,1
34.85715055465698,1e-05,1
34.85815715789795,1e-05,1
34.85914850234985,1e-05,1
34.86015748977661,0.0,1
34.86117482185364,0.0,1
34.86215400695801,0.0,1
34.863155126571655,0.0,1
34.864153146743774,0.0,1
34.865174531936646,0.0,1
34.86615490913391,0.0,1
34.8671510219574,0.0,1
34.86815071105957,0.0,1
34.86918663978577,0.0,1
34.87010741233826,0.0,1
34.87082099914551,0.0,1
34.87189054489136,0.0,1
34.87307000160217,0.0,1
34.87409853935242,0.0,1
34.87508749961853,0.0,1
34.87613797187805,0.0,1
34.87613797187805,0.0,1
34.87747573852539,0.0,1
34.878472089767456,0.0,1
34.879472732543945,0.0,1
34.88047528266907,0.0,1
34.88277292251587,0.0,1
34.886175870895386,0.0,1
34.886175870895386,0.0,1
34.88715076446533,0.0,1
34.88715076446533,0.0,1
34.88715076446533,0.0,1
34.88820266723633,0.0,1
34.889740228652954,0.0,1
34.889740228652954,0.0,1
34.89376711845398,0.0,1
34.89376711845398,0.0,1
34.894272565841675,0.0,1
34.894272565841675,0.0,1
34.89517021179199,0.0,1
34.89607048034668,0.0,1
34.89711117744446,0.0,1
34.89756798744202,0.0,1
34.89910697937012,0.0,1
34.89910697937012,0.0,1
34.90034365653992,0.0,1
34.90134382247925,0.0,1
34.90234351158142,0.0,1
34.90434432029724,0.0,1
34.90534710884094,0.0,1
34.90534710884094,0.0,1
34.90634536743164,0.0,1
34.90734386444092,0.0,1
34.90834379196167,0.0,1
34.90934348106384,0.0,1
34.911344051361084,0.0,1
34.911344051361084,0.0,1
34.91234254837036,0.0,1
34.91372895240784,0.0,1
34.91512489318848,0.0,1
34.916139125823975,0.0,1
34.917126178741455,0.0,1
34.91814303398132,0.0,1
34.91913938522339,0.0,1
34.920138359069824,0.0,1
34.92113900184631,0.0,1
34.922158002853394,0.0,1
34.92315053939819,0.0,1
34.92413902282715,0.0,1
34.92513918876648,0.0,1
34.92614388465881,0.0,1
34.927135944366455,0.0,1
34.92815017700195,0.0,1
34.93249559402466,0.0,1
34.933440923690796,0.0,1
34.9345064163208,0.0,1
34.9345064163208,0.0,1
34.93552017211914,1e-05,1
34.93647265434265,1e-05,1
34.93647265434265,1e-05,1
34.937424421310425,1e-05,1
34.938424825668335,1e-05,1
34.938424825668335,1e-05,1
34.93942928314209,2e-05,1
34.94242715835571,2e-05,1
34.94242715835571,2e-05,1
34.94342255592346,2e-05,1
34.94342255592346,2e-05,1
34.944135904312134,2e-05,1
34.94514036178589,2e-05,1
34.946146965026855,2e-05,1
34.94715905189514,2e-05,1
34.948095083236694,2e-05,1
34.949134349823,2e-05,1
34.95016360282898,2e-05,1
34.95115351676941,2e-05,1
34.95214056968689,2e-05,1
34.95315337181091,2e-05,1
34.95414328575134,2e-05,1
34.95513367652893,0.0,1
34.95613670349121,0.0,1
34.957138538360596,0.0,1
34.95814037322998,0.0,1
34.959131956100464,0.0,1
34.960132360458374,0.0,1
34.96113109588623,0.0,1
34.96223163604736,0.0,1
34.96325445175171,0.0,1
34.96422529220581,0.0,1
34.96422529220581,0.0,1
34.96555995941162,0.0,1
34.96674871444702,0.0,1
34.96777129173279,0.0,1
34.96968722343445,0.0,1
34.96968722343445,0.0,1
34.97185230255127,0.0,1
34.97185230255127,0.0,1
34.97585940361023,0.0,1
34.981358766555786,0.0,1
34.983407735824585,0.0,1
34.983407735824585,0.0,1
34.983407735824585,0.0,1
34.983407735824585,0.0,1
34.98491287231445,0.0,1
34.98491287231445,0.0,1
34.98491287231445,0.0,1
34.98606991767883,0.0,1
34.98606991767883,0.0,1
34.98711824417114,0.0,1
34.98711824417114,0.0,1
34.98800802230835,0.0,1
34.988518953323364,0.0,1
34.988518953323364,0.0,1
34.989590644836426,0.0,1
34.99067568778992,0.0,1
34.99175453186035,0.0,1
34.99268054962158,0.0,1
34.99268054962158,0.0,1
34.99370813369751,0.0,1
35.0028657913208,0.0,1
35.0028657913208,0.0,1
35.0028657913208,0.0,1
35.0028657913208,0.0,1
35.0028657913208,0.0,1
35.003862619400024,0.0,1
35.00493097305298,0.0,1
35.00586438179016,0.0,1
35.00586438179016,0.0,1
35.006863832473755,0.0,1
35.006863832473755,0.0,1
35.006863832473755,0.0,1
35.006863832473755,0.0,1
35.00786280632019,0.0,1
35.00906491279602,0.0,1
35.01011538505554,0.0,1
35.01111578941345,0.0,1
35.012139558792114,0.0,1
35.013139486312866,0.0,1
35.01413130760193,0.0,1
35.01513123512268,0.0,1
35.01614308357239,0.0,1
35.01715803146362,0.0,1
35.018139600753784,0.0,1
35.019148111343384,0.0,1
35.020126819610596,0.0,1
35.02115869522095,0.0,1
35.02212738990784,0.0,1
35.02375054359436,0.0,1
35.02480745315552,0.0,1
35.02480745315552,0.0,1
35.026793003082275,0.0,1
35.026793003082275,0.0,1
35.028844118118286,0.0,1
35.028844118118286,0.0,1
35.02985596656799,0.0,1
35.0318877696991,0.0,1
35.0318877696991,0.0,1
35.03304743766785,0.0,1
35.034061431884766,0.0,1
35.034061431884766,0.0,1
35.038925647735596,0.0,1
35.038925647735596,0.0,1
35.038925647735596,0.0,1
35.04040026664734,0.0,1
35.04040026664734,0.0,1
35.04155874252319,0.0,1
35.04206466674805,0.0,1
35.043184995651245,0.0,1
35.04653024673462,0.0,1
35.04653024673462,0.0,1
35.04749846458435,0.0,1
35.04749846458435,0.0,1
35.04811120033264,0.0,1
35.04911684989929,0.0,1
35.04911684989929,0.0,1
35.0503876209259,0.0,1
35.0517852306366,0.0,1
35.05281591415405,0.0,1
35.05381488800049,0.0,1
35.05479884147644,0.0,1
35.0557746887207,0.0,1
35.05677533149719,0.0,1
35.058037996292114,0.0,1
35.059139251708984,0.0,1
35.059139251708984,0.0,1
35.061315298080444,0.0,1
35.061315298080444,0.0,1
35.062379121780396,0.0,1
35.063377380371094,0.0,1
35.06456398963928,0.0,1
35.06558918952942,0.0,1
35.06705975532532,0.0,1
35.06815958023071,0.0,1
35.06907033920288,0.0,1
35.070120096206665,0.0,1
35.07108402252197,0.0,1
35.072083473205566,0.0,1
35.07417893409729,0.0,1
35.07417893409729,0.0,1
35.075175762176514,0.0,1
35.07619333267212,0.0,1
35.07718515396118,0.0,1
35.07818007469177,0.0,1
35.07918167114258,0.0,1
35.08021926879883,0.0,1
35.0811870098114,0.0,1
35.08626937866211,0.0,1
35.08727025985718,0.0,1
35.08727025985718,0.0,1
35.08727025985718,0.0,1
35.08727025985718,0.0,1
35.088802337646484,0.0,1
35.088802337646484,0.0,1
35.08984088897705,0.0,1
35.08984088897705,0.0,1
35.09128284454346,0.0,1
35.09248185157776,0.0,1
35.09848380088806,0.0,1
35.09949469566345,0.0,1
35.09949469566345,0.0,1
35.09949469566345,0.0,1
35.09949469566345,0.0,1
35.10049629211426,0.0,1
35.10049629211426,0.0,1
35.10049629211426,0.0,1
35.10049629211426,0.0,1
35.10206389427185,0.0,1
35.10265374183655,0.0,1
35.10380029678345,0.0,1
35.104830265045166,0.0,1
35.10582089424133,0.0,1
35.107848167419434,0.0,1
35.10881423950195,0.0,1
35.1098313331604,0.0,1
35.1098313331604,0.0,1
35.110830307006836,0.0,1
35.11280632019043,0.0,1
35.11280632019043,0.0,1
35.11394429206848,0.0,1
35.11496877670288,0.0,1
35.11597561836243,0.0,1
35.11698842048645,0.0,1
35.117992639541626,0.0,1
35.118985652923584,0.0,1
35.11998724937439,0.0,1
35.120989084243774,0.0,1
35.12198495864868,0.0,1
35.12297034263611,0.0,1
35.12397384643555,0.0,1
35.12500476837158,0.0,1
35.12596678733826,0.0,1
35.127216815948486,0.0,1
35.13088536262512,0.0,1
35.13088536262512,0.0,1
35.13186836242676,0.0,1
35.13186836242676,1e-05,1
35.13186836242676,0.0,1
35.132898569107056,0.0,1
35.13386607170105,0.0,1
35.137941122055054,0.0,1
35.137941122055054,0.0,1
35.139166831970215,0.0,1
35.139166831970215,0.0,1
35.139166831970215,0.0,1
35.14016771316528,0.0,1
35.14016771316528,0.0,1
35.141361951828,0.0,1
35.14303231239319,0.0,1
35.14409255981445,0.0,1
35.14515805244446,0.0,1
35.146164417266846,0.0,1
35.14717197418213,0.0,1
35.1481659412384,0.0,1
35.14917993545532,0.0,1
35.15015983581543,0.0,1
35.151163816452026,0.0,1
35.152156352996826,0.0,1
35.15315556526184,0.0,1
35.15417242050171,0.0,1
35.15515899658203,0.0,1
35.1561553478241,0.0,1
35.15717339515686,0.0,1
35.15815591812134,0.0,1
35.16320252418518,0.0,1
35.16320252418518,0.0,1
35.16420578956604,0.0,1
35.16420578956604,0.0,1
35.16520094871521,0.0,1
35.16520094871521,0.0,1
35.16668963432312,0.0,1
35.16668963432312,0.0,1
35.16780209541321,0.0,1
35.16780209541321,0.0,1
35.16893219947815,0.0,1
35.169962644577026,0.0,1
35.17804265022278,0.0,1
35.17804265022278,0.0,1
35.17804265022278,0.0,1
35.17804265022278,0.0,1
35.17804265022278,0.0,1
35.17804265022278,0.0,1
35.17804265022278,0.0,1
35.1789915561676,0.0,1
35.1789915561676,0.0,1
35.18000411987305,0.0,1
35.18201804161072,0.0,1
35.18201804161072,0.0,1
35.183029890060425,0.0,1
35.184162855148315,0.0,1
35.18523550033569,0.0,1
35.18624305725098,0.0,1
35.18754053115845,0.0,1
35.18754053115845,0.0,1
35.18909525871277,0.0,1
35.1896014213562,0.0,1
35.190799713134766,0.0,1
35.1918306350708,0.0,1
35.192859172821045,0.0,1
35.19385623931885,0.0,1
35.194828510284424,0.0,1
35.19585585594177,0.0,1
35.19685673713684,0.0,1
35.19785666465759,0.0,1
35.19885516166687,0.0,1
35.1998565196991,0.0,1
35.20085430145264,0.0,1
35.20185589790344,0.0,1
35.20305800437927,0.0,1
35.20375847816467,0.0,1
35.207125186920166,0.0,1
35.211464405059814,0.0,1
35.211464405059814,0.0,1
35.21244239807129,0.0,1
35.21244239807129,0.0,1
35.21244239807129,0.0,1
35.21244239807129,0.0,1
35.213717460632324,0.0,1
35.213717460632324,1e-05,1
35.213717460632324,1e-05,1
35.21575093269348,1e-05,1
35.21575093269348,1e-05,1
35.21717405319214,1e-05,1
35.220237016677856,1e-05,1
35.220237016677856,1e-05,1
35.22165584564209,1e-05,1
35.22165584564209,1e-05,1
35.22216248512268,1e-05,1
35.223149061203,1e-05,1
35.22387194633484,1e-05,1
35.22489547729492,0.0,1
35.22489547729492,0.0,1
35.22629165649414,0.0,1
35.22828984260559,0.0,1
35.22828984260559,0.0,1
35.229395151138306,0.0,1
35.230387926101685,1e-05,1
35.23143219947815,1e-05,1
35.23240947723389,1e-05,1
35.233407974243164,1e-05,1
35.2344126701355,1e-05,1
35.23540782928467,1e-05,1
35.237420320510864,1e-05,1
35.237420320510864,1e-05,1
35.23884606361389,1e-05,1
35.24010491371155,1e-05,1
35.24117469787598,1e-05,1
35.24117469787598,1e-05,1
35.24240517616272,1e-05,1
35.243385553359985,1e-05,1
35.24442481994629,1e-05,1
35.24538540840149,1e-05,1
35.24639129638672,1e-05,1
35.248393297195435,0.0,1
35.248393297195435,0.0,1
35.24961757659912,0.0,1
35.25799560546875,0.0,1
35.25899624824524,0.0,1
35.25899624824524,0.0,1
35.26000642776489,0.0,1
35.26000642776489,0.0,1
35.26000642776489,0.0,1
35.26101493835449,0.0,1
35.26101493835449,0.0,1
35.26101493835449,0.0,1
35.2624294757843,0.0,1
35.2624294757843,0.0,1
35.26377558708191,0.0,1
35.26377558708191,0.0,1
35.26377558708191,0.0,1
35.26909589767456,0.0,1
35.26909589767456,0.0,1
35.26909589767456,0.0,1
35.26909589767456,0.0,1
35.26909589767456,0.0,1
35.26996970176697,0.0,1
35.27108454704285,0.0,1
35.27227020263672,0.0,1
35.27279758453369,0.0,1
35.273828983306885,0.0,1
35.27490425109863,0.0,1
35.27685213088989,0.0,1
35.27685213088989,0.0,1
35.27784204483032,0.0,1
35.280014991760254,0.0,1
35.280014991760254,0.0,1
35.282015800476074,0.0,1
35.282015800476074,0.0,1
35.28399467468262,1e-05,1
35.28399467468262,1e-05,1
35.28500008583069,1e-05,1
35.28599715232849,1e-05,1
35.286994218826294,1e-05,1
35.28799915313721,1e-05,1
35.2889940738678,1e-05,1
35.29025483131409,1e-05,1
35.29025483131409,0.0,1
35.292123794555664,0.0,1
35.29306483268738,0.0,1
35.29412889480591,0.0,1
35.29412889480591,0.0,1
35.29541492462158,0.0,1
35.29645109176636,0.0,1
35.3004469871521,0.0,1
35.30145215988159,0.0,1
35.30145215988159,0.0,1
35.30145215988159,0.0,1
35.302430629730225,0.0,1
35.30342769622803,0.0,1
35.30342769622803,0.0,1
35.30575680732727,0.0,1
35.30680012702942,0.0,1
35.308762073516846,2e-05,1
35.317846059799194,2e-05,1
35.317846059799194,2e-05,1
35.317846059799194,2e-05,1
35.317846059799194,2e-05,1
35.317846059799194,2e-05,1
35.317846059799194,2e-05,1
35.31906867027283,2e-05,1
35.31906867027283,2e-05,1
35.31906867027283,2e-05,1
35.31906867027283,2e-05,1
35.31906867027283,2e-05,1
35.31906867027283,2e-05,1
35.320109605789185,2e-05,1
35.32142925262451,2e-05,1
35.322421073913574,2e-05,1
35.323089361190796,2e-05,1
35.3241286277771,2e-05,1
35.32512283325195,2e-05,1
35.32609438896179,2e-05,1
35.327142000198364,2e-05,1
35.328113079071045,0.0,1
35.32911562919617,0.0,1
35.33013582229614,1e-05,1
35.331111669540405,0.0,1
35.33211302757263,0.0,1
35.33311104774475,0.0,1
35.33311104774475,0.0,1
35.33458089828491,0.0,1
35.3356511592865,0.0,1
35.3366014957428,0.0,1
35.33761525154114,0.0,1
35.33862233161926,0.0,1
35.34095215797424,0.0,1
35.34095215797424,0.0,1
35.342411518096924,0.0,1
35.342411518096924,0.0,1
35.34841465950012,0.0,1
35.35641312599182,0.0,1
35.35641312599182,0.0,1
35.35641312599182,0.0,1
35.357407569885254,0.0,1
35.357407569885254,0.0,1
35.357407569885254,0.0,1
35.35842299461365,0.0,1
35.35842299461365,0.0,1
35.35842299461365,0.0,1
35.35940909385681,0.0,1
35.35940909385681,0.0,1
35.35940909385681,0.0,1
35.360886573791504,0.0,1
35.360886573791504,0.0,1
35.36190938949585,0.0,1
35.36190938949585,0.0,1
35.36190938949585,0.0,1
35.36190938949585,0.0,1
35.36290240287781,0.0,1
35.367024421691895,1e-05,1
35.367024421691895,1e-05,1
35.367024421691895,1e-05,1
35.367024421691895,1e-05,1
35.368202447891235,1e-05,1
35.36918497085571,1e-05,1
35.37021994590759,1e-05,1
35.371538162231445,1e-05,1
35.371538162231445,1e-05,1
35.37352752685547,1e-05,1
35.37456226348877,1e-05,1
35.37554478645325,1e-05,1
35.376599073410034,1e-05,1
35.3775589466095,1e-05,1
35.378578662872314,1e-05,1
35.37955689430237,1e-05,1
35.38058352470398,1e-05,1
35.381556272506714,1e-05,1
35.381556272506714,1e-05,1
35.382787466049194,1e-05,1
35.38382601737976,0.0,1
35.385042667388916,0.0,1
35.38606786727905,0.0,1
35.387123584747314,0.0,1
35.3881196975708,0.0,1
35.3891236782074,0.0,1
35.390560150146484,0.0,1
35.39557886123657,0.0,1
35.39557886123657,0.0,1
35.39557886123657,0.0,1
35.396864891052246,0.0,1
35.396864891052246,0.0,1
35.396864891052246,0.0,1
35.39785957336426,0.0,1
35.39785957336426,0.0,1
35.39886021614075,0.0,1
35.40283918380737,0.0,1
35.40283918380737,0.0,1
35.40283918380737,0.0,1
35.40283918380737,0.0,1
35.40395140647888,0.0,1
35.40491533279419,0.0,1
35.40595364570618,0.0,1
35.40704536437988,0.0,1
35.40808415412903,0.0,1
35.40909290313721,0.0,1
35.410133361816406,0.0,1
35.410133361816406,0.0,1
35.41131520271301,0.0,1
35.413313150405884,0.0,1
35.413313150405884,0.0,1
35.41431164741516,0.0,1
35.41531562805176,0.0,1
35.41736340522766,0.0,1
35.418370962142944,0.0,1
35.418370962142944,0.0,1
35.41983103752136,0.0,1
35.421279191970825,0.0,1
35.43012833595276,0.0,1
35.43108010292053,0.0,1
35.43108010292053,0.0,1
35.43256163597107,0.0,1
35.43256163597107,0.0,1
35.4335515499115,0.0,1
35.4335515499115,0.0,1
35.4346079826355,0.0,1
35.435609102249146,0.0,1
35.435609102249146,0.0,1
35.43661308288574,0.0,1
35.43661308288574,0.0,1
35.437620878219604,0.0,1
35.437620878219604,0.0,1
35.438610553741455,0.0,1
35.438610553741455,0.0,1
35.438610553741455,0.0,1
35.43963575363159,0.0,1
35.44443440437317,0.0,1
35.44443440437317,0.0,1
35.44443440437317,0.0,1
35.44443440437317,0.0,1
35.44443440437317,0.0,1
35.44443440437317,0.0,1
35.44544458389282,0.0,1
35.4474310874939,0.0,1
35.44843006134033,0.0,1
35.44843006134033,0.0,1
35.44943165779114,0.0,1
35.45143485069275,0.0,1
35.45143485069275,0.0,1
35.45278739929199,0.0,1
35.45374536514282,0.0,1
35.45472049713135,0.0,1
35.45571947097778,0.0,1
35.45778703689575,0.0,1
35.45877027511597,0.0,1
35.45976424217224,0.0,1
35.45976424217224,0.0,1
35.46177864074707,0.0,1
35.46276783943176,0.0,1
35.46276783943176,0.0,1
35.46376872062683,0.0,1
35.46493101119995,0.0,1
35.46595025062561,0.0,1
35.46693992614746,0.0,1
35.46794772148132,0.0,1
35.46922469139099,0.0,1
35.473220348358154,0.0,1
35.4743971824646,0.0,1
35.4743971824646,0.0,1
35.47546601295471,0.0,1
35.47546601295471,0.0,1
35.47641181945801,0.0,1
35.47641181945801,0.0,1
35.47751498222351,0.0,1
35.47751498222351,0.0,1
35.47895574569702,0.0,1
35.48248267173767,0.0,1
35.48248267173767,0.0,1
35.48248267173767,0.0,1
35.48360848426819,0.0,1
35.48360848426819,0.0,1
35.48491978645325,0.0,1
35.48595118522644,0.0,1
35.486974000930786,0.0,1
35.48794651031494,0.0,1
35.48794651031494,0.0,1
35.48947238922119,0.0,1
35.49050998687744,0.0,1
35.4915406703949,0.0,1
35.49254488945007,0.0,1
35.49354362487793,0.0,1
35.494550466537476,0.0,1
35.495774030685425,0.0,1
35.49682021141052,0.0,1
35.49781847000122,0.0,1
35.5023307800293,0.0,1
35.50332736968994,0.0,1
35.504392862319946,0.0,1
35.50536847114563,0.0,1
35.50651836395264,0.0,1
35.507758378982544,0.0,1
35.5087525844574,0.0,1
35.5087525844574,0.0,1
35.51019048690796,0.0,1
35.51019048690796,0.0,1
35.51019048690796,0.0,1
35.511574029922485,0.0,1
35.511574029922485,0.0,1
35.51280426979065,0.0,1
35.51280426979065,0.0,1
35.51627469062805,0.0,1
35.51627469062805,0.0,1
35.51738977432251,0.0,1
35.51738977432251,0.0,1
35.518393993377686,0.0,1
35.518393993377686,0.0,1
35.52047610282898,0.0,1
35.521400690078735,0.0,1
35.52245736122131,0.0,1
35.52245736122131,0.0,1
35.52345895767212,0.0,1
35.52548885345459,0.0,1
35.52548885345459,0.0,1
35.526944637298584,0.0,1
35.52801966667175,0.0,1
35.52904295921326,0.0,1
35.53010439872742,0.0,1
35.531081676483154,0.0,1
35.532103538513184,0.0,1
35.532103538513184,0.0,1
35.53403925895691,0.0,1
35.53504395484924,0.0,1
35.53608417510986,0.0,1
35.53708362579346,0.0,1
35.538084506988525,0.0,1
35.54010462760925,0.0,1
35.54010462760925,0.0,1
35.54108738899231,0.0,1
35.54311728477478,0.0,1
35.54311728477478,0.0,1
35.54412293434143,0.0,1
35.54609727859497,0.0,1
35.54609727859497,0.0,1
35.547086238861084,0.0,1
35.54808306694031,0.0,1
35.5492148399353,0.0,1
35.5502028465271,0.0,1
35.5502028465271,0.0,1
35.55133414268494,0.0,1
35.55334162712097,0.0,1
35.55334162712097,0.0,1
35.555131912231445,0.0,1
35.55604362487793,0.0,1
35.55708932876587,0.0,1
35.558088541030884,0.0,1
35.55909061431885,0.0,1
35.56008863449097,0.0,1
35.56528997421265,0.0,1
35.56528997421265,0.0,1
35.56628751754761,0.0,1
35.56628751754761,0.0,1
35.567400217056274,0.0,1
35.56842303276062,0.0,1
35.569422006607056,0.0,1
35.569422006607056,0.0,1
35.57046580314636,0.0,1
35.57146692276001,0.0,1
35.57146692276001,0.0,1
35.572468757629395,0.0,1
35.57447266578674,0.0,1
35.57550597190857,0.0,1
35.576495885849,0.0,1
35.57748556137085,0.0,1
35.584495544433594,0.0,1
35.5854856967926,0.0,1
35.5854856967926,0.0,1
35.5854856967926,0.0,1
35.5854856967926,0.0,1
35.5854856967926,0.0,1
35.5854856967926,0.0,1
35.5854856967926,0.0,1
35.5854856967926,0.0,1
35.58648443222046,0.0,1
35.58662438392639,0.0,1
35.587852478027344,0.0,1
35.587852478027344,0.0,1
35.58936166763306,0.0,1
35.591073989868164,0.0,1
35.59225034713745,0.0,1
35.59225034713745,0.0,1
35.59333634376526,0.0,1
35.594338178634644,0.0,1
35.59531235694885,0.0,1
35.59634447097778,0.0,1
35.597338914871216,0.0,1
35.59834432601929,0.0,1
35.59933876991272,0.0,1
35.60034418106079,0.0,1
35.60133910179138,0.0,1
35.60234355926514,0.0,1
35.60435461997986,0.0,1
35.60534143447876,0.0,1
35.60534143447876,0.0,1
35.60680365562439,0.0,1
35.607877254486084,0.0,1
35.6088809967041,0.0,1
35.609856367111206,0.0,1
35.61085343360901,0.0,1
35.61203145980835,0.0,1
35.61304211616516,0.0,1
35.614078521728516,0.0,1
35.614078521728516,0.0,1
35.61558175086975,0.0,1
35.61664843559265,1e-05,1
35.61780905723572,1e-05,1
35.61886405944824,0.0,1
35.61986947059631,0.0,1
35.62087297439575,0.0,1
35.62423801422119,0.0,1
35.62423801422119,0.0,1
35.62523794174194,0.0,1
35.62523794174194,0.0,1
35.626238107681274,0.0,1
35.627238750457764,0.0,1
35.627238750457764,0.0,1
35.634665966033936,0.0,1
35.634665966033936,0.0,1
35.634665966033936,0.0,1
35.634665966033936,0.0,1
35.634665966033936,0.0,1
35.634665966033936,0.0,1
35.63590860366821,0.0,1
35.63590860366821,0.0,1
35.63690543174744,0.0,1
35.638036489486694,0.0,1
35.63913059234619,0.0,1
35.64004397392273,0.0,1
35.64108610153198,0.0,1
35.64208388328552,0.0,1
35.64311933517456,0.0,1
35.6440703868866,0.0,1
35.64508271217346,0.0,1
35.646077394485474,0.0,1
35.64710211753845,0.0,1
35.64808177947998,0.0,1
35.64908003807068,0.0,1
35.65008997917175,0.0,1
35.651084661483765,0.0,1
35.65205717086792,0.0,1
35.6534264087677,1e-05,1
35.6534264087677,0.0,1
35.65545630455017,0.0,1
35.65646004676819,0.0,1
35.65746569633484,0.0,1
35.65746569633484,0.0,1
35.659444093704224,0.0,1
35.659444093704224,0.0,1
35.66143727302551,0.0,1
35.66243314743042,0.0,1
35.66303586959839,0.0,1
35.66403317451477,0.0,1
35.66403317451477,0.0,1
35.66543984413147,0.0,1
35.67056322097778,0.0,1
35.67056322097778,0.0,1
35.671571254730225,0.0,1
35.671571254730225,0.0,1
35.671571254730225,0.0,1
35.67256498336792,0.0,1
35.67256498336792,0.0,1
35.674813747406006,0.0,1
35.674813747406006,0.0,1
35.680336236953735,0.0,1
35.68134593963623,0.0,1
35.68134593963623,0.0,1
35.68134593963623,0.0,1
35.68134593963623,0.0,1
35.68134593963623,0.0,1
35.68134593963623,0.0,1
35.6827130317688,0.0,1
35.683709383010864,0.0,1
35.684749364852905,0.0,1
35.686731815338135,0.0,1
35.686731815338135,0.0,1
35.68775486946106,0.0,1
35.689271688461304,0.0,1
35.690292835235596,0.0,1
35.69147300720215,0.0,1
35.69249868392944,0.0,1
35.69350552558899,0.0,1
35.69350552558899,0.0,1
35.69547963142395,0.0,1
35.69547963142395,0.0,1
35.697492361068726,0.0,1
35.69849348068237,0.0,1
35.70001459121704,0.0,1
35.70001459121704,0.0,1
35.700944662094116,0.0,1
35.701993227005005,0.0,1
35.7030394077301,0.0,1
35.704052686691284,0.0,1
35.705111503601074,0.0,1
35.7061231136322,0.0,1
35.707085371017456,0.0,1
35.708059787750244,0.0,1
35.709065198898315,0.0,1
35.71005058288574,0.0,1
35.711074352264404,0.0,1
35.717482805252075,1e-05,1
35.718939781188965,1e-05,1
35.71993637084961,1e-05,1
35.71993637084961,1e-05,1
35.7220242023468,1e-05,1
35.725430727005005,1e-05,1
35.726444721221924,1e-05,1
35.72742676734924,1e-05,1
35.728426933288574,1e-05,1
35.73043489456177,1e-05,1
35.734959840774536,1e-05,1
35.734959840774536,1e-05,1
35.734959840774536,1e-05,1
35.734959840774536,1e-05,1
35.734959840774536,1e-05,1
35.734959840774536,1e-05,1
35.73595881462097,1e-05,1
35.73595881462097,1e-05,1
35.73595881462097,1e-05,1
35.73595881462097,1e-05,1
35.73595881462097,0.0,1
35.73595881462097,0.0,1
35.73595881462097,0.0,1
35.736982107162476,0.0,1
35.736982107162476,0.0,1
35.736982107162476,0.0,1
35.737969160079956,0.0,1
35.73894143104553,0.0,1
35.73993992805481,0.0,1
35.741992712020874,0.0,1
35.741992712020874,0.0,1
35.743940114974976,0.0,1
35.743940114974976,0.0,1
35.744940757751465,0.0,1
35.74595928192139,0.0,1
35.74694085121155,0.0,1
35.74803829193115,0.0,1
35.74904203414917,0.0,1
35.74978590011597,0.0,1
35.75079798698425,0.0,1
35.751835346221924,0.0,1
35.75283670425415,0.0,1
35.75482988357544,0.0,1
35.75482988357544,0.0,1
35.75579380989075,0.0,1
35.75681161880493,0.0,1
35.757821798324585,0.0,1
35.75880765914917,0.0,1
35.75991749763489,0.0,1
35.760958194732666,0.0,1
35.761956214904785,0.0,1
35.76298189163208,0.0,1
35.76395893096924,0.0,1
35.764915227890015,0.0,1
35.76603293418884,0.0,1
35.7670419216156,0.0,1
35.7681200504303,0.0,1
35.7681200504303,0.0,1
35.769325971603394,0.0,1
35.77138066291809,0.0,1
35.77138066291809,0.0,1
35.772379875183105,0.0,1
35.77338409423828,0.0,1
35.77539086341858,0.0,1
35.77864408493042,0.0,1
35.77864408493042,0.0,1
35.77864408493042,0.0,1
35.77972483634949,0.0,1
35.77972483634949,0.0,1
35.781211853027344,0.0,1
35.781211853027344,0.0,1
35.785306453704834,0.0,1
35.785306453704834,0.0,1
35.785306453704834,0.0,1
35.785306453704834,0.0,1
35.78731298446655,0.0,1
35.78805637359619,0.0,1
35.788880586624146,0.0,1
35.79005670547485,0.0,1
35.79119539260864,0.0,1
35.79219365119934,0.0,1
35.79321551322937,0.0,1
35.794193267822266,0.0,1
35.79519295692444,0.0,1
35.7960410118103,0.0,1
35.797086000442505,0.0,1
35.797086000442505,0.0,1
35.79840874671936,5e-05,1
35.79963159561157,0.00022,1
35.80069589614868,0.00022,1
35.801698446273804,0.00022,1
35.80365800857544,0.00022,1
35.80365800857544,0.00022,1
35.805651903152466,0.00022,1
35.8066930770874,0.00022,1
35.807719469070435,0.00022,1
35.807719469070435,0.00022,1
35.80877900123596,0.00022,1
35.809752225875854,0.00022,1
35.81072521209717,0.00022,1
35.812254428863525,0.00022,1
35.813130617141724,0.00022,1
35.81416296958923,0.00022,1
35.814865589141846,0.00022,1
35.81593942642212,0.00022,1
35.81703162193298,0.00022,1
35.81807565689087,0.00022,1
35.81901025772095,0.00022,1
35.820014238357544,0.00022,1
35.827481508255005,0.00022,1
35.829803705215454,0.00013,1
35.83100175857544,0.0,1
35.83100175857544,0.0,1
35.83224177360535,0.0,1
35.83224177360535,0.0,1
35.83359217643738,0.0,1
35.83482789993286,0.0,1
35.83482789993286,0.0,1
35.83580780029297,0.0,1
35.83580780029297,0.0,1
35.837085485458374,0.0,1
35.83759069442749,0.0,1
35.83759069442749,0.0,1
35.83759069442749,0.0,1
35.83759069442749,0.0,1
35.8418824672699,0.0,1
35.8418824672699,0.0,1
35.8418824672699,0.0,1
35.8418824672699,0.0,1
35.84289264678955,0.0,1
35.84289264678955,0.0,1
35.84289264678955,0.0,1
35.84410619735718,0.0,1
35.845040798187256,0.0,1
35.846102476119995,0.0,1
35.847203969955444,0.0,1
35.847203969955444,0.0,1
35.84938430786133,0.0,1
35.84938430786133,0.0,1
35.85045790672302,0.0,1
35.85147714614868,0.00046,1
35.85377073287964,0.00046,1
35.854764461517334,0.00046,1
35.854764461517334,0.00046,1
35.85575556755066,0.00046,1
35.856751918792725,0.00046,1
35.858832120895386,0.00019,1
35.858832120895386,0.0,1
35.858832120895386,0.0,1
35.86431884765625,0.0,1
35.86431884765625,0.0,1
35.86532020568848,0.0,1
35.86532020568848,0.0,1
35.86532020568848,0.0,1
35.866318702697754,0.0,1
35.867321729660034,0.0,1
35.86832094192505,0.0,1
35.86931753158569,0.0,1
35.87807869911194,0.0,1
35.87807869911194,0.0,1
35.87807869911194,0.0,1
35.8790545463562,0.0,1
35.8790545463562,0.0,1
35.8790545463562,0.0,1
35.8790545463562,0.0,1
35.88005256652832,0.0,1
35.88005256652832,0.0,1
35.88005256652832,0.0,1
35.88005256652832,0.0,1
35.88111138343811,9e-05,1
35.881762981414795,9e-05,1
35.88571357727051,9e-05,1
35.88723826408386,9e-05,1
35.889319896698,9e-05,1
35.889319896698,9e-05,1
35.889319896698,9e-05,1
35.889319896698,0.0,1
35.89034175872803,0.0,1
35.89136600494385,0.0,1
35.89136600494385,0.0,1
35.89237713813782,0.0,1
35.893401861190796,0.0,1
35.89441394805908,0.0,1
35.89544939994812,0.0,1
35.896474838256836,0.0,1
35.897510051727295,0.0,1
35.89906096458435,0.0,1
35.89906096458435,0.0,1
35.90009784698486,0.0,1
35.90110898017883,0.0,1
35.90216016769409,0.00023,1
35.90317511558533,0.0,1
35.90424823760986,0.0,1
35.905272245407104,0.0,1
35.90629267692566,0.0,1
35.90629267692566,0.0,1
35.907313108444214,0.0,1
35.90831542015076,0.0,1
35.909300327301025,0.0,1
35.91030478477478,0.0,1
35.91131353378296,0.0,1
35.9122998714447,0.0,1
35.91330528259277,0.0,1
35.9183030128479,0.0,1
35.9183030128479,0.0,1
35.919302225112915,2e-05,1
35.92041897773743,2e-05,1
35.922839641571045,2e-05,1
35.922839641571045,2e-05,1
35.92386221885681,2e-05,1
35.925880432128906,2e-05,1
35.92786765098572,2e-05,1
35.92786765098572,0.00076,1
35.92921447753906,0.00076,1
35.92921447753906,0.00076,1
35.93026423454285,0.00076,1
35.93338322639465,0.00076,1
35.93464231491089,0.00076,1
35.93464231491089,0.00076,1
35.93464231491089,0.00076,1
35.93464231491089,0.00076,1
35.93464231491089,0.00076,1
35.93564033508301,0.00076,1
35.93564033508301,0.00076,1
35.93564033508301,0.00076,1
35.9376494884491,0.00076,1
35.9376494884491,0.00076,1
35.938669204711914,0.0,1
35.94067645072937,0.0,1
35.94067645072937,0.0,1
35.942651987075806,0.0,1
35.942651987075806,0.0,1
35.9440553188324,0.0,1
35.94535684585571,0.0,1
35.94637393951416,0.0,1
35.947351694107056,0.0,1
35.9480345249176,0.0,1
35.949023485183716,0.0,1
35.95009922981262,0.0,1
35.95108246803284,0.0,1
35.952064990997314,0.0,1
35.95305013656616,0.0,1
35.95407176017761,0.0,1
35.955111503601074,0.0,1
35.956088066101074,0.0,1
35.95710372924805,0.0,1
35.95805525779724,0.0,1
35.95904803276062,0.0,1
35.96105241775513,0.0,1
35.96445679664612,0.0,1
35.96445679664612,0.0,1
35.96445679664612,0.0,1
35.96543478965759,0.0,1
35.96543478965759,0.0,1
35.96543478965759,0.0,1
35.96757507324219,0.0,1
35.96757507324219,0.0,1
35.971670627593994,0.0,1
35.971670627593994,0.0,1
35.972694873809814,0.0,1
35.972694873809814,0.0,1
35.973042726516724,0.0,1
35.9740846157074,0.0,1
35.97504162788391,0.0,1
35.976086139678955,0.0,1
35.977088928222656,0.0,1
35.978081464767456,0.0,1
35.97885799407959,0.0,1
35.98008728027344,0.0,1
35.981040954589844,0.0,1
35.982083797454834,0.0,1
35.983081102371216,0.0,1
35.98408818244934,0.0,1
35.98508048057556,0.0,1
35.98608064651489,0.0,1
35.987332820892334,0.0,1
35.987332820892334,0.0,1
35.988346338272095,0.0,1
35.98934745788574,0.0,1
35.99047088623047,0.0,1
35.99144220352173,0.0,1
35.99271202087402,0.0,1
35.99377369880676,0.0,1
35.99477767944336,0.0,1
35.995773792266846,0.0,1
35.997129678726196,0.0,1
35.998042821884155,0.0,1
35.99904108047485,0.0,1
36.00008225440979,0.0,1
36.001081466674805,0.0,1
36.00208258628845,0.0,1
36.00310277938843,0.00011,1
36.0041127204895,0.00015,1
36.00657677650452,0.00015,1
36.01095724105835,0.00015,1
36.01446175575256,0.00015,1
36.01548743247986,0.00015,1
36.01548743247986,0.00015,1
36.016459703445435,0.00015,1
36.016459703445435,0.00015,1
36.01745867729187,0.00015,1
36.01849603652954,0.00015,1
36.01946544647217,0.00015,1
36.02046084403992,0.00015,1
36.02145957946777,0.00015,1
36.02449655532837,0.00015,1
36.02549409866333,0.0,1
36.03305625915527,0.0,1
36.03805589675903,0.0,1
36.03805589675903,0.0,1
36.03805589675903,0.0,1
36.03805589675903,0.0,1
36.03805589675903,0.0,1
36.042442321777344,0.0,1
36.042442321777344,0.0,1
36.042442321777344,0.0,1
36.042442321777344,0.0,1
36.042442321777344,0.0,1
36.042442321777344,0.0,1
36.04343938827515,0.0,1
36.04343938827515,0.0,1
36.04343938827515,8e-05,1
36.04343938827515,0.0,1
36.04443645477295,0.0,1
36.04443645477295,0.0,1
36.04443645477295,0.0,1
36.04443645477295,0.0,1
36.04443645477295,0.0,1
36.04443645477295,0.0,1
36.04544806480408,0.0,1
36.04544806480408,0.0,1
36.04544806480408,0.0,1
36.04544806480408,0.0,1
36.0484402179718,0.0,1
36.0484402179718,0.0,1
36.0484402179718,0.0,1
36.0484402179718,0.0,1
36.0484402179718,0.0,1
36.05004692077637,0.0,1
36.051106691360474,0.0,1
36.0520441532135,0.0,1
36.05269980430603,0.0,1
36.05800819396973,0.0,1
36.058985233306885,0.00027,1
36.058985233306885,0.00033,1
36.05997276306152,0.00033,1
36.05997276306152,0.00033,1
36.05997276306152,0.00033,1
36.06146478652954,0.00033,1
36.06146478652954,0.00033,1
36.06249141693115,0.00033,1
36.068604469299316,0.00033,1
36.06982231140137,0.00033,1
36.071292877197266,0.00033,1
36.07226300239563,0.00033,1
36.074384927749634,0.00033,1
36.074384927749634,0.00033,1
36.07539367675781,0.00033,1
36.07539367675781,0.00033,1
36.07640886306763,0.00033,1
36.07739233970642,0.00033,1
36.08039355278015,0.00033,1
36.08782386779785,0.00033,1
36.08782386779785,0.00033,1
36.08934235572815,0.00033,1
36.08934235572815,0.00033,1
36.08934235572815,0.0,1
36.09338045120239,0.0,1
36.09338045120239,0.0,1
36.09338045120239,0.0,1
36.09338045120239,0.0,1
36.094608545303345,0.0,1
36.094608545303345,0.0,1
36.094608545303345,0.0,1
36.094608545303345,0.0,1
36.094608545303345,0.0,1
36.094608545303345,0.0,1
36.096951961517334,0.0,1
36.096951961517334,0.0,1
36.096951961517334,0.0,1
36.096951961517334,0.0,1
36.096951961517334,0.0,1
36.096951961517334,0.0,1
36.096951961517334,0.0,1
36.09796190261841,0.0,1
36.09796190261841,0.0,1
36.09796190261841,0.0,1
36.09904098510742,0.0,1
36.10009002685547,0.0,1
36.10110068321228,0.0,1
36.105225563049316,0.0,1
36.105225563049316,0.0,1
36.105225563049316,0.0,1
36.105225563049316,0.0,1
36.106215715408325,0.0,1
36.10824394226074,0.0,1
36.10824394226074,0.0,1
36.10922932624817,0.0,1
36.11021614074707,0.0,1
36.11465382575989,0.0,1
36.11763310432434,0.0,1
36.11865448951721,0.0,1
36.11963391304016,0.0,1
36.11963391304016,0.0,1
36.12063193321228,0.0,1
36.12063193321228,0.0,1
36.12167024612427,0.0,1
36.12167024612427,0.0,1
36.12263321876526,0.0,1
36.124939918518066,0.0,1
36.12627816200256,0.0,1
36.12627816200256,0.0,1
36.12727975845337,0.0,1
36.12727975845337,0.0,1
36.12864708900452,0.0,1
36.12864708900452,0.0,1
36.13496994972229,0.0,1
36.13496994972229,0.0,1
36.13496994972229,0.0,1
36.13818168640137,0.0,1
36.13818168640137,0.0,1
36.13947367668152,0.0,1
36.13947367668152,0.0,1
36.14053249359131,0.00015,1
36.14053249359131,8e-05,1
36.14175295829773,0.0,1
36.14175295829773,0.0,1
36.14292645454407,0.0,1
36.14292645454407,0.0,1
36.14292645454407,0.0,1
36.14292645454407,0.0,1
36.14292645454407,0.0,1
36.14841938018799,0.0,1
36.14841938018799,0.0,1
36.14841938018799,0.0,1
36.14841938018799,0.0,1
36.14841938018799,0.0,1
36.1494414806366,0.0,1
36.151506185531616,0.0,1
36.151506185531616,0.0,1
36.151506185531616,0.0,1
36.15294408798218,0.0,1
36.15394949913025,0.0,1
36.155035734176636,0.0,1
36.156036138534546,0.0,1
36.15701699256897,0.0,1
36.15780997276306,0.00026,1
36.15883827209473,0.00026,1
36.16030263900757,0.00026,1
36.16130757331848,0.00026,1
36.16130757331848,0.00026,1
36.16602969169617,0.00026,1
36.167059898376465,0.00026,1
36.16805911064148,0.00026,1
36.16805911064148,0.00026,1
36.169060468673706,0.00026,1
36.17016911506653,0.00026,1
36.17227602005005,0.00026,1
36.173277139663696,0.00026,1
36.173277139663696,0.00026,1
36.17431998252869,0.00026,1
36.17807626724243,0.0,1
36.17807626724243,0.0,1
36.18009161949158,0.0,1
36.18009161949158,0.0,1
36.18009161949158,0.0,1
36.18009161949158,0.0,1
36.18110013008118,0.0,1
36.18110013008118,0.0,1
36.18110013008118,0.0,1
36.1821084022522,0.0,1
36.18304204940796,0.0,1
36.184126138687134,0.0,1
36.1850426197052,0.0,1
36.1863477230072,0.0,1
36.18685555458069,0.0,1
36.18789482116699,0.0,1
36.18941569328308,0.0,1
36.191431760787964,0.0,1
36.191431760787964,0.0,1
36.191431760787964,0.0,1
36.19243383407593,0.0,1
36.19347023963928,0.0,1
36.19442868232727,0.00013,1
36.19542646408081,9e-05,1
36.196428298950195,9e-05,1
36.1984429359436,9e-05,1
36.1984429359436,9e-05,1
36.199472427368164,9e-05,1
36.200443744659424,9e-05,1
36.201441287994385,9e-05,1
36.20345091819763,9e-05,1
36.20446968078613,9e-05,1
36.20545196533203,9e-05,1
36.20645475387573,9e-05,1
36.209471464157104,9e-05,1
36.210800886154175,0.0,1
36.21427869796753,0.0,1
36.2152636051178,0.0,1
36.2152636051178,0.0,1
36.2152636051178,0.0,1
36.21629309654236,0.0,1
36.21629309654236,0.0,1
36.21629309654236,0.0,1
36.21729063987732,0.0,1
36.21729063987732,6e-05,1
36.21829390525818,6e-05,1
36.21829390525818,6e-05,1
36.22067618370056,6e-05,1
36.23132872581482,6e-05,1
36.23647999763489,6e-05,1
36.237446784973145,6e-05,1
36.2384238243103,6e-05,1
36.2384238243103,6e-05,1
36.242746114730835,6e-05,1
36.242746114730835,6e-05,1
36.244001388549805,6e-05,1
36.244001388549805,6e-05,1
36.244001388549805,6e-05,1
36.244001388549805,0.0,1
36.24499988555908,0.00014,1
36.24499988555908,0.00014,1
36.24499988555908,0.00014,1
36.24499988555908,0.00014,1
36.24499988555908,0.00014,1
36.247106313705444,0.00014,1
36.247106313705444,0.00014,1
36.247106313705444,0.00014,1
36.247106313705444,0.00014,1
36.248239278793335,0.00014,1
36.248239278793335,0.00014,1
36.248239278793335,0.00014,1
36.248239278793335,0.00014,1
36.248239278793335,0.00014,1
36.248239278793335,0.00014,1
36.24923801422119,0.00014,1
36.24923801422119,0.00014,1
36.24923801422119,0.00014,1
36.25015950202942,0.00014,1
36.25116562843323,0.00014,1
36.25116562843323,0.00014,1
36.253514766693115,0.00014,1
36.2656946182251,0.00014,1
36.2656946182251,0.00044,1
36.266716718673706,0.0,1
36.266716718673706,0.0,1
36.266716718673706,0.0,1
36.26771664619446,0.0,1
36.26771664619446,0.0,1
36.26771664619446,0.0,1
36.268715620040894,0.0,1
36.2696967124939,0.0,1
36.2696967124939,0.0,1
36.27070069313049,0.0,1
36.27070069313049,0.0,1
36.27172541618347,0.00011,1
36.27575969696045,0.00011,1
36.27575969696045,0.00011,1
36.27675151824951,0.00011,1
36.27675151824951,0.00011,1
36.27675151824951,0.00011,1
36.27675151824951,0.00011,1
36.27675151824951,0.00011,1
36.27773189544678,0.00011,1
36.27875828742981,5e-05,1
36.27875828742981,5e-05,1
36.27875828742981,5e-05,1
36.27974987030029,5e-05,1
36.27974987030029,5e-05,1
36.28073048591614,5e-05,1
36.28175234794617,5e-05,1
36.28274583816528,5e-05,1
36.28375697135925,5e-05,1
36.284752368927,5e-05,1
36.28673958778381,5e-05,1
36.28673958778381,5e-05,1
36.28805732727051,5e-05,1
36.28960871696472,5e-05,1
36.28960871696472,5e-05,1
36.291632652282715,5e-05,1
36.291632652282715,5e-05,1
36.29262614250183,5e-05,1
36.294724464416504,5e-05,1
36.294724464416504,5e-05,1
36.295737504959106,5e-05,1
36.297067165374756,5e-05,1
36.29808592796326,0.0,1
36.299132347106934,0.00038,1
36.300134897232056,0.00038,1
36.30113124847412,0.00038,1
36.302114963531494,0.00038,1
36.310171127319336,0.00038,1
36.31217098236084,0.00038,1
36.31420016288757,0.00038,1
36.31517148017883,0.00038,1
36.31716775894165,0.00038,1
36.31716775894165,0.00038,1
36.31817317008972,0.00038,1
36.319406270980835,0.00038,1
36.319406270980835,0.00038,1
36.32343411445618,0.0,1
36.32343411445618,0.0,1
36.32343411445618,0.0,1
36.32343411445618,0.0,1
36.32343411445618,0.0,1
36.32343411445618,0.0,1
36.32343411445618,0.0,1
36.32343411445618,0.0,1
36.32445168495178,0.0,1
36.32445168495178,0.0,1
36.32445168495178,0.0,1
36.32445168495178,0.0,1
36.32445168495178,0.0,1
36.32445168495178,0.0,1
36.32643365859985,0.0,1
36.32643365859985,7e-05,1
36.32820200920105,7e-05,1
36.3290696144104,7e-05,1
36.330111026763916,7e-05,1
36.33111834526062,7e-05,1
36.332120418548584,7e-05,1
36.333112478256226,7e-05,1
36.335121631622314,0.0,1
36.335121631622314,0.0,1
36.33615446090698,0.0,1
36.33711886405945,0.0,1
36.33811092376709,0.0,1
36.33911681175232,0.0,1
36.34013891220093,0.0,1
36.34111738204956,0.0,1
36.34313416481018,0.0,1
36.34313416481018,0.0,1
36.34412598609924,0.0,1
36.34514832496643,0.0,1
36.346121311187744,0.0,1
36.34738326072693,0.0,1
36.34738326072693,0.0,1
36.35015273094177,0.00026,1
36.35321116447449,0.00026,1
36.35519194602966,0.00026,1
36.357232093811035,0.00026,1
36.358235359191895,0.00026,1
36.3592004776001,0.00026,1
36.362180948257446,0.00026,1
36.363219022750854,0.00026,1
36.36418604850769,0.0,1
36.36418604850769,0.0,1
36.36518144607544,0.0,1
36.36518144607544,0.0,1
36.36518144607544,0.0,1
36.366376638412476,0.0,1
36.3704731464386,0.0,1
36.37146854400635,0.0,1
36.37146854400635,0.0,1
36.37146854400635,0.0,1
36.37146854400635,0.0,1
36.3724467754364,0.0,1
36.3724467754364,0.0,1
36.3724467754364,0.0,1
36.3724467754364,0.0,1
36.3724467754364,0.00046,1
36.37304663658142,0.00046,1
36.375115156173706,0.00046,1
36.375115156173706,0.00046,1
36.376128911972046,0.00046,1
36.37711024284363,0.00046,1
36.37812876701355,0.00046,1
36.37918472290039,0.00046,1
36.37918472290039,0.00046,1
36.381383180618286,0.00046,1
36.38238263130188,0.00046,1
36.383389711380005,1e-05,1
36.383389711380005,1e-05,1
36.384382009506226,1e-05,1
36.38640379905701,1e-05,1
36.38757133483887,1e-05,1
36.38859820365906,1e-05,1
36.38956642150879,1e-05,1
36.39008665084839,1e-05,1
36.3964147567749,1e-05,1
36.3964147567749,0.0,1
36.397417068481445,0.0,1
36.397417068481445,0.0,1
36.397417068481445,0.0,1
36.39843535423279,0.0,1
36.39843535423279,0.0,1
36.399434328079224,0.0,1
36.399434328079224,0.0,1
36.40043640136719,0.0,1
36.401435136795044,0.0,1
36.40689182281494,0.0,1
36.40689182281494,0.0,1
36.40792679786682,0.0,1
36.40792679786682,0.0,1
36.4089515209198,0.0,1
36.4089515209198,7e-05,1
36.4089515209198,6e-05,1
36.4089515209198,0.0,1
36.409971475601196,0.0,1
36.41120433807373,0.0,1
36.412203311920166,0.0,1
36.41300439834595,0.0,1
36.414257764816284,0.0,1
36.41525483131409,0.0,1
36.41603970527649,0.0,1
36.417080879211426,0.0,1
36.41817355155945,0.0,1
36.41894841194153,0.0,1
36.42024827003479,0.0,1
36.421276330947876,0.0,1
36.422234773635864,0.0,1
36.4232337474823,0.0,1
36.42424035072327,0.0,1
36.42424035072327,0.0,1
36.425293922424316,0.0,1
36.426305294036865,0.0,1
36.42734503746033,0.00013,1
36.428524017333984,0.0,1
36.43064785003662,0.0,1
36.43064785003662,0.0,1
36.43164610862732,0.0,1
36.43266153335571,0.0,1
36.433661699295044,0.0,1
36.43474197387695,0.0,1
36.43570327758789,0.0,1
36.4370596408844,0.0,1
36.44247269630432,0.0,1
36.44247269630432,0.0,1
36.44378900527954,0.0,1
36.44378900527954,0.0,1
36.44378900527954,6e-05,1
36.44529700279236,6e-05,1
36.44529700279236,6e-05,1
36.447542905807495,6e-05,1
36.44897818565369,6e-05,1
36.44897818565369,6e-05,1
36.45004844665527,6e-05,1
36.45004844665527,6e-05,1
36.45132279396057,6e-05,1
36.45334553718567,6e-05,1
36.46046805381775,0.00047,1
36.46046805381775,0.00047,1
36.46046805381775,0.00047,1
36.46046805381775,0.00047,1
36.461496114730835,0.00047,1
36.461496114730835,0.00047,1
36.462971687316895,0.00047,1
36.462971687316895,0.00047,1
36.462971687316895,0.00047,1
36.462971687316895,0.00047,1
36.462971687316895,0.00047,1
36.464173793792725,0.00047,1
36.464173793792725,0.00047,1
36.46506714820862,4e-05,1
36.465831995010376,4e-05,1
36.467044830322266,0.00022,1
36.46778702735901,0.00022,1
36.46930646896362,0.00022,1
36.47041130065918,0.00022,1
36.47466444969177,0.00022,1
36.47569680213928,0.00022,1
36.47668981552124,0.00022,1
36.47668981552124,0.00022,1
36.47668981552124,0.00022,1
36.47668981552124,0.00022,1
36.47768998146057,0.00022,1
36.47869563102722,0.00022,1
36.48494482040405,0.00022,1
36.48494482040405,0.00022,1
36.491408824920654,0.00022,1
36.49576234817505,0.00022,1
36.497103214263916,0.00022,1
36.4983925819397,0.00022,1
36.49957084655762,0.00022,1
36.50060296058655,0.00022,1
36.50158715248108,0.00022,1
36.50358605384827,0.00022,1
36.50458860397339,0.00022,1
36.50664663314819,0.00022,1
36.50859260559082,0.00022,1
36.515769958496094,0.00022,1
36.517032861709595,0.00022,1
36.518073081970215,0.0,1
36.518073081970215,0.0,1
36.518073081970215,0.0,1
36.518073081970215,0.0,1
36.518073081970215,0.0,1
36.518073081970215,0.0,1
36.518073081970215,0.0,1
36.518073081970215,0.0,1
36.518073081970215,0.0,1
36.518073081970215,0.0,1
36.519054889678955,0.0,1
36.519054889678955,0.0,1
36.519054889678955,0.0,1
36.520055532455444,0.0,1
36.520055532455444,0.0,1
36.520055532455444,0.00042,1
36.52107214927673,0.00042,1
36.52107214927673,0.00042,1
36.52107214927673,0.00042,1
36.52107214927673,0.00042,1
36.522080421447754,0.00042,1
36.522080421447754,0.00042,1
36.52306365966797,0.00042,1
36.52306365966797,0.00042,1
36.52306365966797,0.00042,1
36.52406430244446,0.00042,1
36.52406430244446,0.00042,1
36.52406430244446,0.00042,1
36.52406430244446,0.00042,1
36.52406430244446,0.00042,1
36.52406430244446,0.00042,1
36.52406430244446,0.00042,1
36.52548551559448,0.00042,1
36.52750849723816,0.00042,1
36.52848553657532,0.00042,1
36.52951145172119,0.00042,1
36.530059576034546,2e-05,1
36.53103947639465,0.0,1
36.53215169906616,0.0,1
36.53298377990723,0.0,1
36.53386878967285,0.0,1
36.53527355194092,0.0,1
36.53527355194092,0.0,1
36.53645920753479,0.0,1
36.53749704360962,0.0,1
36.53950762748718,0.0,1
36.54050803184509,0.0,1
36.54050803184509,0.0,1
36.54266953468323,0.0,1
36.54266953468323,0.0,1
36.54367780685425,0.0,1
36.54481220245361,0.0,1
36.545835971832275,0.0,1
36.54679465293884,0.0,1
36.54779815673828,0.0,1
36.54920053482056,0.0,1
36.55542540550232,0.0,1
36.55645132064819,0.0,1
36.55645132064819,0.0,1
36.5574107170105,0.0,1
36.5574107170105,0.0,1
36.5574107170105,0.0,1
36.55840730667114,0.0,1
36.55840730667114,0.0,1
36.55840730667114,0.0,1
36.55940556526184,0.0,1
36.56040668487549,0.0,1
36.56140661239624,0.0,1
36.56440830230713,0.0,1
36.56440830230713,0.0,1
36.56440830230713,0.0,1
36.56440830230713,0.0,1
36.57376146316528,0.0,1
36.578163385391235,0.0,1
36.579153060913086,0.0,1
36.582244634628296,0.0,1
36.58424258232117,0.0,1
36.59563493728638,0.0,1
36.598769664764404,0.0,1
36.60075855255127,0.0,1
36.60220742225647,0.0,1
36.6042046546936,0.0,1
36.60520529747009,0.0,1
36.60520529747009,0.0,1
36.60622525215149,0.0,1
36.61224317550659,0.0,1
36.61667084693909,0.0,1
36.61765432357788,0.0,1
36.61864495277405,0.00029,1
36.620705127716064,0.0,1
36.62289476394653,0.0,1
36.6239058971405,0.0,1
36.6239058971405,0.0,1
36.62490749359131,0.0,1
36.62844800949097,0.0,1
36.629467487335205,0.0,1
36.629467487335205,0.0,1
36.629467487335205,0.0,1
36.63049864768982,0.0,1
36.63049864768982,0.0,1
36.63049864768982,0.0,1
36.63167214393616,0.0,1
36.63167214393616,0.0,1
36.63266658782959,0.0,1
36.63266658782959,0.0,1
36.63266658782959,0.0,1
36.63366985321045,0.0,1
36.63366985321045,0.0,1
36.63366985321045,0.0,1
36.63466691970825,0.0,1
36.63466691970825,0.0,1
36.63466691970825,0.0003,1
36.63567662239075,0.0,1
36.64457058906555,0.0,1
36.64457058906555,0.0,1
36.64457058906555,0.0,1
36.64555072784424,0.0,1
36.64555072784424,0.0,1
36.64555072784424,0.0,1
36.64555072784424,0.0,1
36.64555072784424,0.0,1
36.646549224853516,0.0,1
36.646549224853516,0.0,1
36.646549224853516,0.0,1
36.646549224853516,0.0,1
36.647552251815796,0.0,1
36.647552251815796,0.0,1
36.647552251815796,0.0,1
36.647552251815796,0.0,1
36.647552251815796,0.0,1
36.64857721328735,0.0,1
36.64857721328735,0.0,1
36.649556159973145,0.0,1
36.649556159973145,0.0,1
36.649556159973145,0.0,1
36.65055871009827,0.0,1
36.65055871009827,0.0,1
36.65055871009827,0.0,1
36.65055871009827,0.0,1
36.65055871009827,0.0,1
36.651556968688965,0.0,1
36.651556968688965,0.0,1
36.651556968688965,0.0,1
36.651556968688965,0.0,1
36.65259861946106,0.0,1
36.65259861946106,0.0,1
36.653555154800415,0.0,1
36.653555154800415,0.00026,1
36.653555154800415,0.00026,1
36.653555154800415,0.00069,1
36.653555154800415,0.00069,1
36.654547452926636,0.00069,1
36.654547452926636,0.00069,1
36.654547452926636,0.00069,1
36.654547452926636,0.00069,1
36.654547452926636,0.00069,1
36.65554642677307,0.00069,1
36.65554642677307,0.00069,1
36.65554642677307,0.00069,1
36.65554642677307,0.00069,1
36.65554642677307,0.00069,1
36.65554642677307,0.00069,1
36.65554642677307,0.00069,1
36.65654683113098,0.00069,1
36.65757489204407,0.00069,1
36.65855026245117,0.00069,1
36.65998101234436,0.00069,1
36.66101026535034,0.00069,1
40.97799801826477,0.0,2
40.97799801826477,0.0,2
40.97799801826477,0.0,2
40.97799801826477,0.0,2
40.97799801826477,0.0,2
40.97799801826477,0.0,2
40.97900605201721,0.0,2
40.97900605201721,0.0,2
40.97900605201721,0.0,2
40.97900605201721,0.0,2
40.97900605201721,0.0,2
40.97900605201721,0.0,2
40.97900605201721,0.0,2
40.97900605201721,0.0,2
40.97900605201721,0.0,2
40.97900605201721,0.0,2
40.97900605201721,0.0,2
40.98000359535217,0.0,2
40.98000359535217,0.0,2
40.98000359535217,0.0,2
40.98000359535217,0.0,2
40.98000359535217,0.0,2
40.98000359535217,0.0,2
40.98000359535217,0.0,2
40.98102807998657,0.0,2
40.98102807998657,0.0,2
40.98102807998657,0.0,2
40.98102807998657,0.0,2
40.98209309577942,0.0,2
40.98209309577942,0.0,2
40.98209309577942,0.0,2
40.98209309577942,0.0,2
40.98209309577942,0.0,2
40.98209309577942,0.0,2
40.98209309577942,0.0,2
40.98209309577942,0.0,2
40.98305010795593,0.0,2
40.98305010795593,0.0,2
40.98305010795593,0.0,2
40.98305010795593,0.0,2
40.98305010795593,0.0,2
40.98305010795593,0.0,2
40.98305010795593,0.0,2
40.98305010795593,0.0,2
40.98305010795593,0.0,2
40.98305010795593,0.0,2
40.98305010795593,0.0,2
40.98404932022095,0.0,2
40.98404932022095,0.0,2
40.98404932022095,0.0,2
40.98404932022095,0.0,2
40.98404932022095,0.0,2
40.98404932022095,0.0,2
40.98404932022095,0.0,2
40.98404932022095,0.0,2
40.98404932022095,0.0,2
40.98404932022095,0.00011,2
40.985048055648804,0.00015,2
40.985048055648804,0.00015,2
40.985048055648804,0.00015,2
40.985048055648804,0.00015,2
40.985048055648804,0.00015,2
40.985048055648804,0.00015,2
40.985048055648804,0.00015,2
40.986047983169556,0.00015,2
40.986047983169556,0.00015,2
40.986047983169556,0.00015,2
40.98704767227173,0.00015,2
40.98804759979248,0.00015,2
40.98902225494385,0.00015,2
40.98998284339905,0.00015,2
40.99103260040283,0.0,2
40.99202299118042,0.0,2
40.99299502372742,0.0,2
40.994020223617554,0.0,2
40.99508285522461,0.0,2
40.995768547058105,0.0,2
40.996822357177734,0.0,2
40.998212575912476,0.0,2
40.99920630455017,0.0,2
41.000216484069824,0.0,2
41.001221656799316,0.0,2
41.002193450927734,0.0,2
41.00321626663208,0.0,2
41.00419855117798,0.0,2
41.00419855117798,0.0,2
41.0062141418457,8e-05,2
41.00719094276428,0.0,2
41.008198261260986,0.0,2
41.01120066642761,0.0,2
41.01120066642761,0.0,2
41.01219296455383,0.0,2
41.01219296455383,0.0,2
41.01219296455383,0.0,2
41.01462435722351,0.0,2
41.01462435722351,0.0,2
41.015995502471924,0.0,2
41.02333045005798,0.0,2
41.024312257766724,0.0,2
41.024312257766724,0.0,2
41.024312257766724,0.0,2
41.024312257766724,0.0,2
41.024312257766724,0.0,2
41.024312257766724,0.0,2
41.024312257766724,0.0,2
41.024312257766724,0.0,2
41.02632164955139,0.0,2
41.027313232421875,0.0,2
41.027313232421875,0.00027,2
41.028714418411255,0.00033,2
41.03004169464111,0.00033,2
41.03159260749817,0.00033,2
41.03159260749817,0.00033,2
41.03264355659485,0.00033,2
41.034647703170776,0.00033,2
41.035646200180054,0.00033,2
41.03664183616638,0.00033,2
41.03664183616638,0.00033,2
41.03864932060242,0.00033,2
41.03955841064453,0.00033,2
41.040571451187134,0.00033,2
41.04158139228821,0.00033,2
41.042110443115234,0.00033,2
41.04368281364441,0.00033,2
41.04420757293701,0.00033,2
41.04473114013672,0.00033,2
41.0460045337677,0.00033,2
41.04701495170593,0.00033,2
41.04863953590393,0.00033,2
41.04863953590393,0.00033,2
41.04966187477112,0.00033,2
41.05099010467529,0.0,2
41.05099010467529,0.0,2
41.05263066291809,0.0,2
41.05365252494812,0.0,2
41.058436155319214,0.0,2
41.058436155319214,0.0,2
41.058436155319214,0.0,2
41.05994629859924,0.0,2
41.05994629859924,0.0,2
41.06098031997681,0.0,2
41.06098031997681,0.0,2
41.06202983856201,0.0,2
41.06791925430298,0.0,2
41.068891763687134,0.0,2
41.068891763687134,0.0,2
41.068891763687134,0.0,2
41.068891763687134,0.0,2
41.068891763687134,0.0,2
41.068891763687134,0.0,2
41.07023024559021,0.0,2
41.07023024559021,0.0,2
41.071972608566284,0.0,2
41.07307267189026,0.0,2
41.07413196563721,0.0,2
41.07413196563721,0.0,2
41.07537078857422,0.0,2
41.076366901397705,0.0,2
41.07743287086487,0.0,2
41.07836699485779,0.0,2
41.07937240600586,0.0,2
41.081408739089966,0.0,2
41.08239722251892,0.0,2
41.08239722251892,0.0,2
41.08381748199463,0.0,2
41.08606934547424,0.0,2
41.08606934547424,0.0,2
41.08704733848572,0.0,2
41.08810782432556,0.0,2
41.08905577659607,0.0,2
41.090094566345215,0.0,2
41.09110450744629,0.0,2
41.09207630157471,0.0,2
41.09308457374573,0.0,2
41.09406018257141,0.0,2
41.095051288604736,0.0,2
41.096065521240234,0.0,2
41.09682774543762,0.0,2
41.09797477722168,0.0,2
41.099369525909424,0.0,2
41.10036039352417,0.0,2
41.105870485305786,0.0,2
41.105870485305786,0.0,2
41.105870485305786,0.0,2
41.105870485305786,0.0,2
41.107227087020874,0.0,2
41.107227087020874,0.0,2
41.107227087020874,0.0,2
41.108224391937256,0.00015,2
41.109230041503906,8e-05,2
41.110649824142456,0.0,2
41.110649824142456,0.0,2
41.111937522888184,0.0,2
41.113165855407715,0.0,2
41.114174604415894,0.0,2
41.1190025806427,0.0,2
41.1190025806427,0.0,2
41.119988203048706,0.0,2
41.119988203048706,0.0,2
41.119988203048706,0.0,2
41.119988203048706,0.0,2
41.12098264694214,0.0,2
41.122036933898926,0.0,2
41.123067140579224,0.0,2
41.12404417991638,0.0,2
41.125044107437134,0.0,2
41.12604475021362,0.0,2
41.12704682350159,0.0,2
41.12804675102234,0.0,2
41.12904381752014,0.0,2
41.130046129226685,0.0,2
41.131051540374756,0.00026,2
41.13204574584961,0.00026,2
41.13304591178894,0.00026,2
41.13505792617798,0.00026,2
41.13604736328125,0.00026,2
41.13604736328125,0.00026,2
41.1380558013916,0.00026,2
41.13907337188721,0.00026,2
41.13907337188721,0.00026,2
41.1400465965271,0.00026,2
41.141050815582275,0.00026,2
41.14204716682434,0.00026,2
41.14305329322815,0.00026,2
41.14404916763306,0.00026,2
41.14504957199097,0.00026,2
41.14592528343201,0.0,2
41.146942377090454,0.0,2
41.149940490722656,0.0,2
41.15461754798889,0.0,2
41.15461754798889,0.0,2
41.15611720085144,0.0,2
41.15611720085144,0.0,2
41.15611720085144,0.0,2
41.157134771347046,0.0,2
41.157134771347046,0.0,2
41.15813446044922,0.0,2
41.15813446044922,0.0,2
41.15921902656555,0.0,2
41.15921902656555,0.0,2
41.16023540496826,0.0,2
41.16456937789917,0.0,2
41.16574668884277,0.0,2
41.16574668884277,0.0,2
41.16574668884277,0.0,2
41.16574668884277,0.0,2
41.16574668884277,0.0,2
41.16674447059631,0.0,2
41.16798543930054,0.00013,2
41.16902279853821,9e-05,2
41.17003273963928,9e-05,2
41.17003273963928,9e-05,2
41.171982288360596,9e-05,2
41.17302680015564,9e-05,2
41.17302680015564,9e-05,2
41.175262689590454,9e-05,2
41.175262689590454,9e-05,2
41.17630219459534,9e-05,2
41.17730355262756,9e-05,2
41.17871856689453,9e-05,2
41.180187702178955,9e-05,2
41.1811888217926,0.0,2
41.18219804763794,0.0,2
41.183207511901855,0.0,2
41.18420720100403,0.0,2
41.18520712852478,0.0,2
41.18620681762695,0.0,2
41.187206745147705,0.0,2
41.18820762634277,0.0,2
41.18905830383301,0.0,2
41.19031810760498,6e-05,2
41.19099044799805,6e-05,2
41.19198155403137,6e-05,2
41.193028688430786,6e-05,2
41.19502639770508,6e-05,2
41.20158100128174,6e-05,2
41.202654123306274,6e-05,2
41.202654123306274,6e-05,2
41.203946113586426,6e-05,2
41.204965353012085,6e-05,2
41.204965353012085,6e-05,2
41.20596361160278,6e-05,2
41.206963539123535,6e-05,2
41.206963539123535,6e-05,2
41.20795917510986,0.0,2
41.20896887779236,0.00014,2
41.20896887779236,0.00014,2
41.20996379852295,0.00014,2
41.21364140510559,0.00014,2
41.21364140510559,0.00014,2
41.21364140510559,0.00014,2
41.21364140510559,0.00014,2
41.21364140510559,0.00014,2
41.21364140510559,0.00014,2
41.21511197090149,0.00014,2
41.21511197090149,0.00014,2
41.21511197090149,0.00014,2
41.21698808670044,0.00014,2
41.21803426742554,0.00014,2
41.218984842300415,0.00014,2
41.219892740249634,0.00014,2
41.22092819213867,0.00014,2
41.2219295501709,0.00014,2
41.22292757034302,0.00014,2
41.223926067352295,0.00014,2
41.22498369216919,0.00014,2
41.22590374946594,0.00014,2
41.22694778442383,0.00014,2
41.227933406829834,0.00044,2
41.228951930999756,0.0,2
41.22998094558716,0.0,2
41.231003522872925,0.0,2
41.23200297355652,0.0,2
41.23300790786743,0.0,2
41.23406267166138,0.0,2
41.23500204086304,0.0,2
41.23703622817993,0.0,2
41.23703622817993,0.0,2
41.23801302909851,0.0,2
41.2390034198761,0.0,2
41.24000668525696,0.00011,2
41.241005420684814,0.00011,2
41.244004249572754,0.00011,2
41.24700379371643,0.00011,2
41.24820303916931,0.00011,2
41.24820303916931,0.00011,2
41.24950122833252,0.00011,2
41.25054144859314,0.00011,2
41.25155019760132,0.00011,2
41.25351810455322,5e-05,2
41.25351810455322,5e-05,2
41.25351810455322,5e-05,2
41.25494194030762,5e-05,2
41.25494194030762,5e-05,2
41.256062507629395,5e-05,2
41.257089614868164,5e-05,2
41.26195287704468,5e-05,2
41.26195287704468,5e-05,2
41.26195287704468,5e-05,2
41.26195287704468,5e-05,2
41.26296877861023,5e-05,2
41.26296877861023,5e-05,2
41.26296877861023,5e-05,2
41.26296877861023,5e-05,2
41.26394581794739,5e-05,2
41.26497745513916,5e-05,2
41.26577711105347,5e-05,2
41.266974687576294,5e-05,2
41.267963886260986,5e-05,2
41.26901054382324,5e-05,2
41.26996612548828,5e-05,2
41.27097964286804,0.0,2
41.27197885513306,0.00038,2
41.27296566963196,0.00038,2
41.27396559715271,0.00038,2
41.27496814727783,0.00038,2
41.2760808467865,0.00038,2
41.277095794677734,0.00038,2
41.2781081199646,0.00038,2
41.27909564971924,0.00038,2
41.28013586997986,0.00038,2
41.28109550476074,0.00038,2
41.28215408325195,0.00038,2
41.283123254776,0.00038,2
41.28410720825195,0.00038,2
41.28512930870056,0.0,2
41.286144495010376,0.0,2
41.28716850280762,0.0,2
41.28811073303223,0.0,2
41.2892062664032,0.0,2
41.29219579696655,0.0,2
41.29517698287964,0.0,2
41.29517698287964,0.0,2
41.29616975784302,0.0,2
41.29616975784302,0.0,2
41.29616975784302,0.0,2
41.29760241508484,0.0,2
41.29760241508484,0.0,2
41.298935651779175,0.0,2
41.298935651779175,0.0,2
41.300079584121704,7e-05,2
41.30307221412659,7e-05,2
41.30443572998047,7e-05,2
41.30443572998047,7e-05,2
41.30443572998047,7e-05,2
41.30443572998047,7e-05,2
41.306021213531494,7e-05,2
41.306021213531494,0.0,2
41.307276487350464,0.0,2
41.3082914352417,0.0,2
41.309277057647705,0.0,2
41.31027555465698,0.0,2
41.311275005340576,0.0,2
41.31227469444275,0.0,2
41.3132746219635,0.0,2
41.31459665298462,0.0,2
41.31566667556763,0.0,2
41.31670665740967,0.0,2
41.31768822669983,0.0,2
41.31871032714844,0.0,2
41.32038617134094,0.0,2
41.32038617134094,0.0,2
41.321826219558716,0.00026,2
41.32286310195923,0.00026,2
41.3238959312439,0.00026,2
41.32500624656677,0.00026,2
41.32605004310608,0.00026,2
41.327043771743774,0.00026,2
41.328078746795654,0.00026,2
41.32889246940613,0.00026,2
41.33026957511902,0.0,2
41.331268072128296,0.0,2
41.33233380317688,0.0,2
41.33336281776428,0.0,2
41.33336281776428,0.0,2
41.33885478973389,0.0,2
41.343857765197754,0.0,2
41.343857765197754,0.0,2
41.34491038322449,0.0,2
41.34491038322449,0.0,2
41.345929861068726,0.0,2
41.346928358078,0.0,2
41.346928358078,0.0,2
41.34808683395386,0.0,2
41.34808683395386,0.0,2
41.34913969039917,0.00046,2
41.34913969039917,0.00046,2
41.35013794898987,0.00046,2
41.35013794898987,0.00046,2
41.351136684417725,0.00046,2
41.35579776763916,0.00046,2
41.35579776763916,0.00046,2
41.35579776763916,0.00046,2
41.35579776763916,0.00046,2
41.35680675506592,0.00046,2
41.35680675506592,0.00046,2
41.35680675506592,1e-05,2
41.35680675506592,1e-05,2
41.35797071456909,1e-05,2
41.35891151428223,1e-05,2
41.36001992225647,1e-05,2
41.36102914810181,1e-05,2
41.361586570739746,1e-05,2
41.36259698867798,1e-05,2
41.36365532875061,1e-05,2
41.3648886680603,0.0,2
41.36588644981384,0.0,2
41.36693286895752,0.0,2
41.368096351623535,0.0,2
41.36909890174866,0.0,2
41.37009787559509,0.0,2
41.371097564697266,0.0,2
41.37209510803223,0.0,2
41.37309741973877,0.0,2
41.37409472465515,0.0,2
41.37509489059448,0.0,2
41.376097440719604,0.0,2
41.377114057540894,0.0,2
41.3780951499939,0.0,2
41.37906241416931,0.0,2
41.379953384399414,7e-05,2
41.38097095489502,6e-05,2
41.38219928741455,0.0,2
41.38463091850281,0.0,2
41.388856410980225,0.0,2
41.388856410980225,0.0,2
41.388856410980225,0.0,2
41.389875411987305,0.0,2
41.389875411987305,0.0,2
41.389875411987305,0.0,2
41.389875411987305,0.0,2
41.39092564582825,0.0,2
41.391921281814575,0.0,2
41.39492964744568,0.0,2
41.39492964744568,0.0,2
41.39492964744568,0.0,2
41.39492964744568,0.0,2
41.39643907546997,0.0,2
41.39745020866394,0.0,2
41.398980140686035,0.0,2
41.3998806476593,0.0,2
41.40098261833191,0.00013,2
41.40197944641113,0.0,2
41.40302348136902,0.0,2
41.404022455215454,0.0,2
41.405022382736206,0.0,2
41.40602397918701,0.0,2
41.40702199935913,0.0,2
41.40802216529846,0.0,2
41.40904498100281,0.0,2
41.4100239276886,0.0,2
41.41102123260498,0.0,2
41.41202139854431,0.0,2
41.41202139854431,0.0,2
41.413389444351196,0.0,2
41.41471004486084,6e-05,2
41.41571545600891,6e-05,2
41.41670536994934,6e-05,2
41.417705059051514,6e-05,2
41.41872692108154,6e-05,2
41.41986107826233,6e-05,2
41.42114877700806,6e-05,2
41.42193102836609,6e-05,2
41.42298173904419,6e-05,2
41.42401909828186,6e-05,2
41.42513632774353,0.00047,2
41.425983905792236,0.00047,2
41.426982402801514,0.00047,2
41.42802309989929,0.00047,2
41.43324279785156,0.00047,2
41.43424320220947,0.00047,2
41.43424320220947,0.00047,2
41.43524217605591,0.00047,2
41.43524217605591,0.00047,2
41.43637990951538,0.00047,2
41.43637990951538,0.00047,2
41.43740725517273,0.00047,2
41.43740725517273,0.00047,2
41.43740725517273,4e-05,2
41.438860177993774,4e-05,2
41.442928314208984,0.00022,2
41.442928314208984,0.00022,2
41.442928314208984,0.00022,2
41.442928314208984,0.00022,2
41.44397282600403,0.00022,2
41.445013999938965,0.00022,2
41.44624352455139,0.00022,2
41.44751477241516,0.00022,2
41.44781732559204,0.00022,2
41.44884014129639,0.00022,2
41.44987940788269,0.00022,2
41.45084285736084,0.00022,2
41.451878786087036,0.00022,2
41.45287799835205,0.00022,2
41.453880310058594,0.00022,2
41.454878091812134,0.00022,2
41.455840826034546,0.00022,2
41.456881046295166,0.00022,2
41.45787978172302,0.00022,2
41.45888113975525,0.00022,2
41.45988202095032,0.00022,2
41.46088194847107,0.00022,2
41.461883783340454,0.00022,2
41.46288180351257,0.00022,2
41.46386194229126,0.00022,2
41.46484732627869,0.00022,2
41.46586799621582,0.00022,2
41.466978549957275,0.0,2
41.46804165840149,0.0,2
41.46903944015503,0.0,2
41.47003149986267,0.0,2
41.47103261947632,0.0,2
41.4720413684845,0.0,2
41.4729688167572,0.0,2
41.47402334213257,0.0,2
41.4752311706543,0.0,2
41.4752311706543,0.0,2
41.480417251586914,0.0,2
41.480417251586914,0.0,2
41.48159670829773,0.0,2
41.48159670829773,0.0,2
41.48159670829773,0.0,2
41.482656955718994,0.00042,2
41.48377513885498,0.00042,2
41.48377513885498,0.00042,2
41.485262393951416,0.00042,2
41.485262393951416,0.00042,2
41.489858865737915,0.00042,2
41.489858865737915,0.00042,2
41.489858865737915,0.00042,2
41.489858865737915,0.00042,2
41.49086356163025,0.00042,2
41.49187445640564,0.00042,2
41.49303603172302,0.00042,2
41.49388790130615,0.00042,2
41.495044469833374,0.00042,2
41.495044469833374,0.00042,2
41.49656319618225,0.00042,2
41.497599840164185,0.00042,2
41.498594999313354,0.00042,2
41.499632596969604,0.00042,2
41.500596046447754,0.00042,2
41.50159454345703,0.00042,2
41.502593755722046,2e-05,2
41.50377583503723,0.0,2
41.50486397743225,0.0,2
41.50586438179016,0.0,2
41.50689172744751,0.0,2
41.50788927078247,0.0,2
41.50889825820923,0.0,2
41.51001954078674,0.0,2
41.51104187965393,0.0,2
41.51203465461731,0.0,2
41.51305055618286,0.0,2
41.51410436630249,0.0,2
41.515066385269165,0.0,2
41.516061782836914,0.0,2
41.51706504821777,0.0,2
41.518059730529785,0.0,2
41.51909852027893,0.0,2
41.52006673812866,0.0,2
41.521066427230835,0.0,2
41.52206110954285,0.0,2
41.52306032180786,0.0,2
41.52531671524048,0.0,2
41.53316831588745,0.0,2
41.535561323165894,0.0,2
41.538575649261475,0.0,2
41.53957748413086,0.0,2
41.54299855232239,0.0,2
41.54498052597046,0.0,2
41.54922294616699,0.0,2
41.551223278045654,0.0,2
41.55224394798279,0.0,2
41.556262254714966,0.0,2
41.560527324676514,0.0,2
41.560527324676514,0.0,2
41.56248450279236,0.0,2
41.56410074234009,0.0,2
41.575785398483276,0.0,2
41.577409744262695,0.0,2
41.577409744262695,0.0,2
41.57904386520386,0.0,2
41.57904386520386,0.0,2
41.57904386520386,0.0,2
41.57904386520386,0.0,2
41.58070421218872,0.0,2
41.5822479724884,0.0,2
41.58326482772827,0.0,2
41.58326482772827,0.0,2
41.584288597106934,0.0,2
41.584288597106934,0.0,2
41.58574843406677,0.0,2
41.58574843406677,0.0,2
41.58884835243225,0.0,2
41.59040284156799,0.00029,2
41.59092664718628,0.0,2
41.59245944023132,0.0,2
41.59245944023132,0.0,2
41.59346914291382,0.0,2
41.59346914291382,0.0,2
41.59500813484192,0.0,2
41.59500813484192,0.0,2
41.59500813484192,0.0,2
41.596017599105835,0.0,2
41.59713101387024,0.0,2
41.59713101387024,0.0,2
41.59867715835571,0.0,2
41.59867715835571,0.0,2
41.59867715835571,0.0,2
41.599708795547485,0.0,2
41.599708795547485,0.0,2
41.602845430374146,0.0,2
41.606478452682495,0.0,2
41.606478452682495,0.0,2
41.60750722885132,0.0,2
41.60750722885132,0.0,2
41.60750722885132,0.0,2
41.60853934288025,0.0003,2
41.60853934288025,0.0,2
41.60853934288025,0.0,2
41.60956406593323,0.0,2
41.61059260368347,0.0,2
41.61059260368347,0.0,2
41.61059260368347,0.0,2
41.61059260368347,0.0,2
41.61200499534607,0.0,2
41.61200499534607,0.0,2
41.61200499534607,0.0,2
41.613024950027466,0.0,2
41.613024950027466,0.0,2
41.61420202255249,0.0,2
41.62148189544678,0.0,2
41.62148189544678,0.0,2
41.62148189544678,0.0,2
41.62148189544678,0.0,2
41.62351393699646,0.0,2
41.62351393699646,0.0,2
41.62351393699646,0.0,2
41.62454533576965,0.0,2
41.62454533576965,0.0,2
41.62454533576965,0.0,2
41.62454533576965,0.0,2
41.62454533576965,0.0,2
41.62600827217102,0.0,2
41.62600827217102,0.0,2
41.62600827217102,0.0,2
41.62600827217102,0.0,2
41.62661170959473,0.0,2
41.62661170959473,0.0,2
41.62661170959473,0.0,2
41.62712788581848,0.0,2
41.62712788581848,0.0,2
41.62712788581848,0.0,2
41.62712788581848,0.00026,2
41.62712788581848,0.00026,2
41.62712788581848,0.00069,2
41.62814116477966,0.00069,2
41.62814116477966,0.00069,2
41.62814116477966,0.00069,2
41.62814116477966,0.00069,2
41.62867021560669,0.00069,2
41.62867021560669,0.00069,2
41.62867021560669,0.00069,2
41.629178285598755,0.00069,2
41.629178285598755,0.00069,2
41.629178285598755,0.00069,2
41.629178285598755,0.00069,2
41.629178285598755,0.00069,2
41.630187034606934,0.00069,2
41.630187034606934,0.00069,2
41.63121771812439,0.00069,2
41.63226509094238,0.00069,2
41.63226509094238,0.00069,2
41.63344740867615,0.00069,2
41.63446831703186,0.00069,2
41.63597369194031,0.00069,2
41.636467695236206,0.00068,2
41.6379816532135,0.00068,2
41.638439893722534,0.00068,2
41.640013217926025,0.00068,2
41.64052224159241,0.00068,2
41.64197897911072,0.0,2
41.643019676208496,0.0,2
41.64397978782654,0.0,2
41.64502191543579,0.0,2
41.64502191543579,0.0,2
41.64760422706604,0.0,2
41.65358519554138,0.0,2
41.65887641906738,0.0,2
41.65887641906738,0.0,2
41.65988063812256,0.0,2
41.65988063812256,0.0,2
41.65988063812256,0.0,2
41.6611762046814,0.0,2
41.6611762046814,0.0,2
41.6611762046814,0.0,2
41.663174867630005,0.0,2
41.663174867630005,0.0,2
41.66467595100403,0.0,2
41.66567397117615,0.0,2
41.66618061065674,0.0,2
41.66719961166382,0.0,2
41.66820979118347,0.0,2
41.67761492729187,0.0,2
41.67761492729187,0.0,2
41.67761492729187,0.0,2
41.67761492729187,0.0,2
41.67761492729187,0.0,2
41.67761492729187,0.0,2
41.67761492729187,0.0,2
41.67761492729187,0.0,2
41.67910146713257,0.0,2
41.67910146713257,0.0,2
41.67910146713257,0.0,2
41.67910146713257,6e-05,2
41.67910146713257,6e-05,2
41.67910146713257,6e-05,2
41.68042778968811,6e-05,2
41.68042778968811,6e-05,2
41.68042778968811,6e-05,2
41.68042778968811,6e-05,2
41.68168354034424,6e-05,2
41.68269944190979,6e-05,2
41.68416666984558,6e-05,2
41.68516206741333,6e-05,2
41.68617272377014,6e-05,2
41.687201261520386,6e-05,2
41.68781614303589,6e-05,2
41.68893551826477,6e-05,2
41.68986177444458,6e-05,2
41.69097304344177,6e-05,2
41.69201993942261,6e-05,2
41.693065881729126,6e-05,2
41.693065881729126,0.0,2
41.69434309005737,0.0,2
41.69555902481079,0.0,2
41.69657564163208,0.0,2
41.69758987426758,0.0,2
41.699625968933105,0.0,2
41.70058727264404,0.0,2
41.70058727264404,0.0,2
41.702627182006836,0.0,2
41.702627182006836,0.0,2
41.704617738723755,0.0,2
41.704617738723755,0.0,2
41.70560812950134,0.0,2
41.7066171169281,0.0,2
41.70759987831116,0.0,2
41.70859336853027,0.0,2
41.71463656425476,0.0,2
41.71463656425476,0.0,2
41.715630531311035,0.0,2
41.715630531311035,0.0,2
41.71673583984375,0.0,2
41.71673583984375,0.0,2
41.71673583984375,0.0,2
41.71783208847046,0.0,2
41.71783208847046,0.0,2
41.71886348724365,0.00025,2
41.71986651420593,0.00025,2
41.72388696670532,0.00025,2
41.72388696670532,0.00025,2
41.72486424446106,0.00025,2
41.72486424446106,0.00025,2
41.72486424446106,0.00025,2
41.72595453262329,0.00025,2
41.72595453262329,0.00025,2
41.72735643386841,0.00025,2
41.72835040092468,0.00025,2
41.72935461997986,0.00025,2
41.730628967285156,0.00025,2
41.731982946395874,0.00025,2
41.73341965675354,0.00025,2
41.734485387802124,0.00025,2
41.73549199104309,0.00025,2
41.73648405075073,0.00025,2
41.737443923950195,0.00025,2
41.73847317695618,0.00025,2
41.73847317695618,7e-05,2
41.740453243255615,0.00011,2
41.740453243255615,0.00011,2
41.7417950630188,0.00011,2
41.7428092956543,0.00011,2
41.743810415267944,0.00011,2
41.74481010437012,0.00011,2
41.74580931663513,0.00011,2
41.74681496620178,0.00011,2
41.74884605407715,0.00011,2
41.74884605407715,0.00011,2
41.749815702438354,0.00011,2
41.75082492828369,0.00011,2
41.75184893608093,0.00011,2
41.75284028053284,0.00062,2
41.75381302833557,0.00062,2
41.7548131942749,0.00026,2
41.76083302497864,0.00026,2
41.76181077957153,0.00026,2
41.76484656333923,0.00026,2
41.76584315299988,0.00026,2
41.767022132873535,0.00026,2
41.76813507080078,0.00026,2
41.76813507080078,0.00026,2
41.76938772201538,0.00026,2
41.76938772201538,0.00026,2
41.77040457725525,0.00026,2
41.77040457725525,0.00026,2
41.77465319633484,0.00026,2
41.77465319633484,0.00026,2
41.77465319633484,0.00026,2
41.77465319633484,0.00026,2
41.77465319633484,0.00026,2
41.77566146850586,0.00026,2
41.77566146850586,0.00026,2
41.77566146850586,0.00026,2
41.77566146850586,0.00026,2
41.77566146850586,0.0,2
41.77698636054993,0.0,2
41.777891635894775,8e-05,2
41.77915978431702,8e-05,2
41.78048801422119,8e-05,2
41.78048801422119,8e-05,2
41.78252983093262,8e-05,2
41.78252983093262,8e-05,2
41.784637689590454,8e-05,2
41.78559112548828,8e-05,2
41.78559112548828,8e-05,2
41.78661489486694,8e-05,2
41.78800129890442,8e-05,2
41.78895854949951,0.00029,2
41.78995394706726,0.00029,2
41.791642904281616,0.00029,2
41.791642904281616,0.00029,2
41.79321312904358,0.00029,2
41.79372596740723,0.00029,2
41.79473328590393,0.00029,2
41.796019315719604,0.0,2
41.79705762863159,0.0,2
41.79860472679138,0.0,2
41.7991201877594,0.0,2
41.80014705657959,0.0,2
41.80014705657959,0.0,2
41.80164837837219,0.0,2
41.806347608566284,0.0,2
41.80738568305969,0.0,2
41.80738568305969,0.0,2
41.80792188644409,0.0,2
41.8084511756897,0.0,2
41.8084511756897,0.0,2
41.8084511756897,0.0,2
41.810001850128174,0.0,2
41.81157064437866,0.00056,2
41.816667556762695,0.0,2
41.816667556762695,0.00016,2
41.816667556762695,0.00016,2
41.816667556762695,0.00016,2
41.816667556762695,0.00016,2
41.81790614128113,0.00016,2
41.81790614128113,0.00016,2
41.819053411483765,0.00016,2
41.819995641708374,0.00016,2
41.82098317146301,0.00016,2
41.82203269004822,0.00016,2
41.82302141189575,0.00016,2
41.824021339416504,0.00016,2
41.825040102005005,0.00016,2
41.82602071762085,0.00016,2
41.8270263671875,0.00016,2
41.82802224159241,0.00016,2
41.82902479171753,0.00016,2
41.8300416469574,0.00016,2
41.831050872802734,0.00016,2
41.831050872802734,0.00016,2
41.832435846328735,0.00016,2
41.83342981338501,0.00013,2
41.83443546295166,0.00013,2
41.83544945716858,5e-05,2
41.83645033836365,5e-05,2
41.837451219558716,5e-05,2
41.83845043182373,5e-05,2
41.83945322036743,5e-05,2
41.840453147888184,5e-05,2
41.841981649398804,5e-05,2
41.84307408332825,5e-05,2
41.84307408332825,5e-05,2
41.844308853149414,5e-05,2
41.84531760215759,5e-05,2
41.848353147506714,0.0,2
41.849324464797974,0.0,2
41.85031008720398,0.0,2
41.85887551307678,0.0,2
41.85986661911011,0.0,2
41.85986661911011,0.0,2
41.86087131500244,0.00031,2
41.861886978149414,0.00031,2
41.864863872528076,0.00031,2
41.866867542266846,0.00031,2
41.86888289451599,0.00031,2
41.87086510658264,0.00031,2
41.872886657714844,0.00031,2
41.87939763069153,0.00031,2
41.87939763069153,0.00031,2
41.88074564933777,0.00031,2
41.88074564933777,0.00031,2
41.881797790527344,0.00031,2
41.881797790527344,0.00031,2
41.88277316093445,0.00031,2
41.88277316093445,0.00031,2
41.88277316093445,0.00031,2
41.88277316093445,0.00031,2
41.883753299713135,0.00031,2
41.883753299713135,0.00031,2
41.884780406951904,0.00031,2
41.884780406951904,0.00031,2
41.884780406951904,0.00031,2
41.8857524394989,0.00031,2
41.8857524394989,0.00031,2
41.8867621421814,0.0,2
41.8867621421814,0.0,2
41.8867621421814,0.0,2
41.8867621421814,0.0,2
41.8867621421814,0.0,2
41.887754678726196,0.0,2
41.887754678726196,0.0,2
41.887754678726196,0.0,2
41.887754678726196,0.0,2
41.888771533966064,0.0,2
41.888771533966064,0.0,2
41.888771533966064,0.0,2
41.888771533966064,0.0,2
41.89001727104187,0.0,2
41.89116024971008,1e-05,2
41.89218187332153,0.0,2
41.893027544021606,0.0,2
41.89397859573364,0.0,2
41.895025968551636,0.0,2
41.895025968551636,0.0,2
41.89759707450867,0.0,2
41.89759707450867,0.0,2
41.89856696128845,0.0,2
41.899611949920654,0.0,2
41.90057897567749,0.0,2
41.90123748779297,0.0,2
41.90225434303284,0.0,2
41.9032506942749,0.0,2
41.90425729751587,0.0,2
41.90525674819946,0.0,2
41.90626049041748,0.0,2
41.90725660324097,0.0,2
41.90825438499451,0.0,2
41.90925335884094,0.0,2
41.91025400161743,0.0,2
41.9112548828125,0.0,2
41.920159578323364,0.0,2
41.921550989151,0.0,2
41.9235405921936,0.0,2
41.9235405921936,0.0,2
41.924556255340576,0.0,2
41.924556255340576,0.0,2
41.92555594444275,0.0,2
41.926570415496826,0.0,2
41.926570415496826,0.0,2
41.926570415496826,0.0,2
41.9280731678009,0.0,2
41.9280731678009,0.0,2
41.9280731678009,0.0,2
41.92943286895752,0.0,2
41.9370322227478,0.0,2
41.938300132751465,0.0,2
41.938300132751465,0.0,2
41.9392991065979,0.0,2
41.9392991065979,0.0,2
41.9392991065979,0.0,2
41.9392991065979,0.0,2
41.9392991065979,0.0,2
41.9392991065979,0.0,2
41.9402973651886,0.0,2
41.9402973651886,0.0,2
41.9402973651886,0.0,2
41.94133138656616,0.0,2
41.94133138656616,0.0,2
41.94133138656616,0.0,2
41.942294120788574,0.0,2
41.94329595565796,0.0,2
41.94329595565796,0.0,2
41.94429039955139,0.0,2
41.946372747421265,0.0,2
41.947296142578125,0.0,2
41.947296142578125,0.0,2
41.948291063308716,0.0,2
41.94999051094055,0.0,2
41.950998067855835,0.0,2
41.952019453048706,0.0,2
41.953020095825195,0.0,2
41.95401906967163,0.0,2
41.95502710342407,0.0,2
41.95602226257324,0.0,2
41.957019567489624,0.0,2
41.95802712440491,0.0,2
41.95901966094971,0.0,2
41.95999717712402,0.0,2
41.96102547645569,0.0,2
41.96199631690979,0.0,2
41.96299934387207,0.0,2
41.9639995098114,0.0,2
41.96501135826111,0.0,2
41.966001749038696,0.0,2
41.967005014419556,0.0,2
41.9680278301239,0.0,2
41.96900200843811,0.0,2
41.97000026702881,0.0,2
41.97100353240967,0.0,2
41.97204375267029,0.0,2
41.97299861907959,0.0001,2
41.973997592926025,0.0001,2
41.97499704360962,0.0001,2
41.98130702972412,0.0001,2
41.98234248161316,0.0001,2
41.98432278633118,0.0001,2
41.985328912734985,0.0,2
41.986321449279785,0.0,2
41.9873206615448,0.0,2
41.98832130432129,0.0,2
41.9916775226593,0.0,2
41.9916775226593,0.0,2
41.99271297454834,0.0,2
41.99369978904724,0.0,2
41.99369978904724,0.0,2
41.99470591545105,0.0,2
41.99470591545105,0.00028,2
41.996713399887085,0.00028,2
42.00303077697754,0.00028,2
42.00303077697754,0.00028,2
42.004014015197754,0.00028,2
42.004014015197754,0.00028,2
42.004014015197754,0.00028,2
42.004014015197754,0.00028,2
42.004014015197754,0.00028,2
42.004014015197754,0.00028,2
42.00500750541687,0.00028,2
42.00500750541687,0.00028,2
42.00500750541687,0.00028,2
42.00500750541687,0.00028,2
42.00500750541687,0.00028,2
42.00500750541687,0.00028,2
42.00500750541687,0.00028,2
42.00602173805237,0.00028,2
42.006983518600464,0.00028,2
42.00804781913757,0.00028,2
42.009061336517334,0.00046,2
42.010263442993164,0.00046,2
42.01126527786255,0.0,2
42.01126527786255,0.0,2
42.01331686973572,0.0,2
42.01331686973572,0.0,2
42.01482105255127,0.0,2
42.015870094299316,0.0,2
42.01696300506592,0.0,2
42.01784873008728,0.0,2
42.01986861228943,0.0,2
42.020500898361206,0.0,2
42.021573305130005,0.0,2
42.021573305130005,0.0,2
42.023271322250366,0.00021,2
42.024810791015625,0.00021,2
42.024810791015625,0.00021,2
42.025989294052124,0.00021,2
42.0270299911499,0.00021,2
42.028026819229126,0.00021,2
42.028984785079956,0.00021,2
42.03003478050232,7e-05,2
42.03106069564819,7e-05,2
42.03204131126404,7e-05,2
42.033038854599,7e-05,2
42.034032344818115,7e-05,2
42.035032987594604,7e-05,2
42.036091566085815,7e-05,2
42.03709125518799,7e-05,2
42.04141187667847,7e-05,2
42.04141187667847,7e-05,2
42.04241371154785,7e-05,2
42.04241371154785,7e-05,2
42.04338812828064,7e-05,2
42.04338812828064,7e-05,2
42.04538917541504,7e-05,2
42.04538917541504,0.0,2
42.046391248703,0.0,2
42.04763746261597,9e-05,2
42.04763746261597,9e-05,2
42.05162692070007,9e-05,2
42.05162692070007,9e-05,2
42.05162692070007,9e-05,2
42.05162692070007,9e-05,2
42.05266261100769,9e-05,2
42.053622245788574,9e-05,2
42.05462884902954,0.0,2
42.05599594116211,0.0,2
42.056984663009644,0.0,2
42.05794930458069,0.0,2
42.059006690979004,0.0,2
42.06000232696533,0.0,2
42.0610032081604,0.0,2
42.061972856521606,0.0,2
42.062970876693726,0.0,2
42.06402635574341,0.0,2
42.06402635574341,0.0,2
42.06550908088684,0.0,2
42.066609621047974,0.0,2
42.06756663322449,0.0,2
42.06860971450806,0.0,2
42.069620847702026,0.0,2
42.07058048248291,0.0,2
42.071579933166504,0.0,2
42.0726215839386,0.0,2
42.07356667518616,0.0,2
42.07506251335144,0.0,2
42.0760703086853,0.0,2
42.0760703086853,0.0,2
42.077332973480225,0.0,2
42.07833194732666,0.0,2
42.08034563064575,0.0,2
42.08034563064575,0.0,2
42.08174800872803,0.0,2
42.08277487754822,0.0,2
42.08526039123535,0.0,2
42.08939981460571,0.0,2
42.08939981460571,0.0,2
42.0904016494751,0.0,2
42.0904016494751,0.0,2
42.0904016494751,0.0,2
42.09185004234314,0.0,2
42.09185004234314,0.0,2
42.09185004234314,0.0,2
42.093382120132446,0.0,2
42.09438943862915,0.0,2
42.095388412475586,0.0,2
42.099987506866455,0.0,2
42.099987506866455,0.0,2
42.099987506866455,0.0,2
42.099987506866455,2e-05,2
42.099987506866455,2e-05,2
42.101014614105225,2e-05,2
42.101014614105225,2e-05,2
42.10294055938721,2e-05,2
42.104023456573486,2e-05,2
42.104984283447266,2e-05,2
42.10604381561279,2e-05,2
42.10698413848877,2e-05,2
42.1080265045166,2e-05,2
42.10902643203735,2e-05,2
42.11002230644226,2e-05,2
42.111024618148804,2e-05,2
42.112021923065186,2e-05,2
42.113086223602295,2e-05,2
42.11402463912964,2e-05,2
42.11502766609192,2e-05,2
42.116037368774414,2e-05,2
42.117021560668945,2e-05,2
42.11805057525635,2e-05,2
42.11902666091919,0.0,2
42.12002110481262,0.0,2
42.12104344367981,0.0,2
42.12202286720276,0.0,2
42.12302613258362,0.0,2
42.12402629852295,0.0,2
42.125025033950806,0.0,2
42.12605357170105,0.0,2
42.127070903778076,0.0,2
42.12808632850647,0.0,2
42.12908434867859,0.0,2
42.131333351135254,0.0,2
42.13783812522888,0.0,2
42.13882756233215,0.0,2
42.14128613471985,0.0,2
42.14128613471985,0.0,2
42.14229106903076,0.0,2
42.14229106903076,0.0,2
42.143285036087036,0.0,2
42.143285036087036,0.0,2
42.143285036087036,0.0,2
42.1442813873291,0.0,2
42.1442813873291,0.0,2
42.14528179168701,0.0,2
42.14658164978027,0.0,2
42.14658164978027,0.0,2
42.14758563041687,0.0,2
42.14857840538025,0.0,2
42.14857840538025,0.0,2
42.14957356452942,0.0,2
42.14957356452942,0.0,2
42.14957356452942,0.0,2
42.15365719795227,0.0,2
42.15365719795227,0.0,2
42.15365719795227,0.0,2
42.15365719795227,0.0,2
42.15462303161621,0.0,2
42.156208515167236,0.0,2
42.15721797943115,0.0,2
42.15721797943115,0.0,2
42.1582190990448,0.0,2
42.15921497344971,0.0,2
42.160216093063354,0.0,2
42.16234230995178,0.0,2
42.1635799407959,0.0,2
42.16410446166992,0.0,2
42.165132999420166,0.0,2
42.166115283966064,0.0,2
42.16712546348572,0.0,2
42.16813325881958,0.0,2
42.16911554336548,0.0,2
42.17011570930481,0.0,2
42.17113208770752,0.0,2
42.17211699485779,0.0,2
42.17311453819275,0.0,2
42.17411661148071,0.0,2
42.17511510848999,0.0,2
42.18011713027954,0.0,2
42.18118977546692,0.0,2
42.183486223220825,1e-05,2
42.18648028373718,1e-05,2
42.18648028373718,1e-05,2
42.18895483016968,1e-05,2
42.1903920173645,1e-05,2
42.19259262084961,1e-05,2
42.19259262084961,1e-05,2
42.19363355636597,1e-05,2
42.19363355636597,1e-05,2
42.19472336769104,1e-05,2
42.19472336769104,1e-05,2
42.20329833030701,1e-05,2
42.20329833030701,1e-05,2
42.20329833030701,0.0,2
42.20426559448242,0.0,2
42.20426559448242,0.0,2
42.205267906188965,0.0,2
42.205267906188965,0.0,2
42.205267906188965,0.0,2
42.20628070831299,0.0,2
42.20726776123047,0.0,2
42.20726776123047,0.0,2
42.20726776123047,1e-05,2
42.20726776123047,0.0,2
42.20825672149658,0.0,2
42.20825672149658,0.0,2
42.20825672149658,0.0,2
42.20926642417908,0.0,2
42.20926642417908,0.0,2
42.20926642417908,0.0,2
42.20926642417908,0.0,2
42.20926642417908,0.0,2
42.20926642417908,0.0,2
42.21098494529724,0.0,2
42.212013483047485,0.0,2
42.21303176879883,0.0,2
42.21303176879883,0.0,2
42.21538209915161,0.0,2
42.21538209915161,0.0,2
42.216421365737915,0.0,2
42.21754264831543,0.0,2
42.21859860420227,0.0,2
42.21960425376892,0.0,2
42.22061824798584,0.0,2
42.22159957885742,0.0,2
42.222601652145386,0.0,2
42.223570585250854,0.0,2
42.2245569229126,0.0,2
42.22555661201477,0.0,2
42.22656965255737,0.0,2
42.227585315704346,0.0,2
42.22855830192566,0.0,2
42.2295606136322,0.0,2
42.23095345497131,0.0,2
42.23228907585144,0.0,2
42.23280358314514,0.0,2
42.23413944244385,0.0,2
42.234668493270874,0.0,2
42.236032247543335,0.0,2
42.23712110519409,0.0,2
42.24140691757202,1e-05,2
42.242406129837036,1e-05,2
42.242406129837036,1e-05,2
42.24341154098511,1e-05,2
42.244415521621704,1e-05,2
42.244415521621704,1e-05,2
42.24541234970093,1e-05,2
42.24639344215393,1e-05,2
42.247491121292114,1e-05,2
42.247491121292114,1e-05,2
42.248814821243286,1e-05,2
42.25282526016235,1e-05,2
42.25282526016235,1e-05,2
42.25282526016235,1e-05,2
42.25282526016235,1e-05,2
42.25282526016235,1e-05,2
42.25421380996704,1e-05,2
42.25523829460144,1e-05,2
42.256247997283936,1e-05,2
42.257275104522705,1e-05,2
42.25797200202942,0.0,2
42.258925437927246,0.0,2
42.25980997085571,0.0,2
42.26082396507263,0.0,2
42.26186537742615,0.0,2
42.2628607749939,0.0,2
42.26382064819336,0.0,2
42.26518440246582,0.0,2
42.26612210273743,0.0,2
42.268147706985474,0.0,2
42.268147706985474,0.0,2
42.26967668533325,0.0,2
42.27069163322449,0.0,2
42.271716594696045,0.0,2
42.27269768714905,0.0,2
42.273988008499146,0.0,2
42.27546429634094,0.0,2
42.27546429634094,0.0,2
42.276519775390625,0.0,2
42.276519775390625,0.0,2
42.278520584106445,0.0,2
42.278520584106445,0.0,2
42.28052234649658,0.0,2
42.28150391578674,0.0,2
42.282525300979614,0.0,2
42.282525300979614,0.0,2
42.289549827575684,0.0,2
42.29054498672485,0.0,2
42.29054498672485,0.0,2
42.29154825210571,0.0,2
42.29154825210571,0.0,2
42.29154825210571,0.0,2
42.29254388809204,0.0,2
42.29254388809204,0.0,2
42.293540954589844,0.0,2
42.293540954589844,0.0,2
42.29454183578491,0.0,2
42.29454183578491,0.0,2
42.30209827423096,0.0,2
42.30209827423096,0.0,2
42.30209827423096,0.0,2
42.30209827423096,1e-05,2
42.30307364463806,1e-05,2
42.30307364463806,1e-05,2
42.30307364463806,1e-05,2
42.30410289764404,1e-05,2
42.30513834953308,1e-05,2
42.30607295036316,1e-05,2
42.30607295036316,1e-05,2
42.307119846343994,1e-05,2
42.309117555618286,1e-05,2
42.31010818481445,1e-05,2
42.310524463653564,1e-05,2
42.310524463653564,1e-05,2
42.31378197669983,1e-05,2
42.31481623649597,1e-05,2
42.31481623649597,1e-05,2
42.31481623649597,1e-05,2
42.31636428833008,1e-05,2
42.31636428833008,0.0,2
42.31842494010925,0.0,2
42.31842494010925,0.0,2
42.3199028968811,0.0,2
42.32039976119995,0.0,2
42.32146143913269,0.0,2
42.322489976882935,0.0,2
42.323978900909424,0.0,2
42.32449817657471,0.0,2
42.32604193687439,0.0,2
42.32662606239319,0.0,2
42.32768130302429,0.0,2
42.32768130302429,0.0,2
42.33013200759888,0.0,2
42.33117079734802,0.0,2
42.33931565284729,0.0,2
42.33988547325134,0.0,2
42.34117245674133,0.0,2
42.342212438583374,0.0,2
42.342212438583374,0.0,2
42.342212438583374,0.0,2
42.34319615364075,0.0,2
42.34319615364075,0.0,2
42.34418964385986,0.0,2
42.34524130821228,0.0,2
42.34524130821228,0.0,2
42.34666967391968,0.0,2
42.34666967391968,0.0,2
42.34792447090149,0.0,2
42.34792447090149,0.0,2
42.34792447090149,0.0,2
42.34892463684082,0.0,2
42.34892463684082,0.0,2
42.35328030586243,0.0,2
42.35328030586243,0.0,2
42.35328030586243,0.0,2
42.35328030586243,0.0,2
42.35328030586243,0.0,2
42.35427951812744,0.0,2
42.356295108795166,0.0,2
42.35697817802429,0.0,2
42.35756731033325,0.0,2
42.358582735061646,0.0,2
42.35958290100098,0.0,2
42.360620975494385,0.0,2
42.36162447929382,0.0,2
42.362616777420044,0.0,2
42.36415362358093,0.0,2
42.36510491371155,0.0,2
42.36610770225525,0.0,2
42.367106676101685,0.0,2
42.36810326576233,0.0,2
42.36911201477051,0.0,2
42.37010049819946,0.0,2
42.37110209465027,0.0,2
42.37209963798523,0.0,2
42.373103857040405,0.0,2
42.37409853935242,0.0,2
42.374980211257935,0.0,2
42.37579011917114,0.0,2
42.37684226036072,0.0,2
42.377840757369995,0.0,2
42.3844211101532,0.0,2
42.386574268341064,0.0,2
42.387627363204956,0.0,2
42.387627363204956,0.0,2
42.38900685310364,0.0,2
42.390156269073486,0.0,2
42.39117240905762,0.0,2
42.39117240905762,0.0,2
42.392146825790405,0.0,2
42.39347195625305,0.0,2
42.39347195625305,0.0,2
42.39347195625305,1e-05,2
42.39476919174194,1e-05,2
42.3978476524353,1e-05,2
42.399322509765625,1e-05,2
42.399322509765625,1e-05,2
42.399322509765625,1e-05,2
42.399322509765625,2e-05,2
42.399322509765625,2e-05,2
42.399322509765625,2e-05,2
42.399322509765625,2e-05,2
42.399322509765625,2e-05,2
42.4010910987854,2e-05,2
42.40208101272583,2e-05,2
42.40208101272583,2e-05,2
42.40327000617981,2e-05,2
42.40426826477051,2e-05,2
42.40526843070984,2e-05,2
42.40626931190491,2e-05,2
42.40728282928467,2e-05,2
42.40826940536499,2e-05,2
42.409271240234375,2e-05,2
42.410276889801025,2e-05,2
42.41126751899719,0.0,2
42.412269830703735,0.0,2
42.413439989089966,0.0,2
42.41454029083252,0.0,2
42.41600251197815,0.0,2
42.41704034805298,0.0,2
42.41808080673218,0.0,2
42.418981313705444,0.0,2
42.41997718811035,0.0,2
42.42115592956543,0.0,2
42.42216777801514,0.0,2
42.42316675186157,0.0,2
42.42929816246033,0.0,2
42.4307701587677,0.0,2
42.43223762512207,0.0,2
42.43223762512207,0.0,2
42.433226346969604,0.0,2
42.43423318862915,0.0,2
42.43522572517395,0.0,2
42.43522572517395,0.0,2
42.436222314834595,0.0,2
42.43722701072693,0.0,2
42.43722701072693,0.0,2
42.43722701072693,0.0,2
42.43868446350098,0.0,2
42.43868446350098,0.0,2
42.439685344696045,0.0,2
42.44068145751953,0.0,2
42.44434380531311,0.0,2
42.44434380531311,0.0,2
42.44434380531311,0.0,2
42.44434380531311,0.0,2
42.44434380531311,0.0,2
42.44434380531311,0.0,2
42.44534397125244,0.0,2
42.446789026260376,0.0,2
42.447805643081665,0.0,2
42.4499785900116,0.0,2
42.4499785900116,0.0,2
42.45097470283508,0.0,2
42.451955795288086,0.0,2
42.45298933982849,0.0,2
42.45403051376343,0.0,2
42.45484447479248,0.0,2
42.455830812454224,0.0,2
42.456955909729004,0.0,2
42.458014249801636,0.0,2
42.458863973617554,0.0,2
42.46002173423767,0.0,2
42.46103858947754,0.0,2
42.46204233169556,0.0,2
42.46304225921631,0.0,2
42.46505045890808,0.0,2
42.46505045890808,0.0,2
42.46646857261658,0.0,2
42.46750235557556,0.0,2
42.46750235557556,0.0,2
42.46856379508972,0.0,2
42.476929664611816,0.0,2
42.47792720794678,0.0,2
42.47792720794678,0.0,2
42.47894835472107,0.0,2
42.47894835472107,0.0,2
42.48011612892151,0.0,2
42.482500076293945,0.0,2
42.482500076293945,0.0,2
42.484909772872925,0.0,2
42.485835552215576,0.0,2
42.48783588409424,0.0,2
42.488985538482666,0.0,2
42.49001359939575,0.0,2
42.49001359939575,0.0,2
42.4943630695343,0.0,2
42.4943630695343,0.0,2
42.4943630695343,0.0,2
42.4943630695343,0.0,2
42.4943630695343,0.0,2
42.4943630695343,0.0,2
42.49545979499817,0.0,2
42.49545979499817,0.0,2
42.49545979499817,0.0,2
42.49545979499817,0.0,2
42.49545979499817,0.0,2
42.49650049209595,0.0,2
42.49650049209595,0.0,2
42.4969744682312,0.0,2
42.49804472923279,0.0,2
42.499056816101074,0.0,2
42.499056816101074,0.0,2
42.50025224685669,0.0,2
42.50135517120361,0.0,2
42.50236797332764,0.0,2
42.5033745765686,0.0,2
42.50436782836914,0.0,2
42.50537347793579,0.0,2
42.5063681602478,0.0,2
42.507373332977295,0.0,2
42.508368730545044,0.0,2
42.5093731880188,0.0,2
42.51036977767944,0.0,2
42.51137351989746,0.0,2
42.51276683807373,0.0,2
42.513976097106934,0.0,2
42.51518893241882,0.0,2
42.51742196083069,0.0,2
42.520477056503296,0.0,2
42.520477056503296,0.0,2
42.52197289466858,0.0,2
42.52197289466858,0.0,2
42.52197289466858,0.0,2
42.52297806739807,0.0,2
42.52297806739807,0.0,2
42.52402377128601,0.0,2
42.525033950805664,0.0,2
42.529096603393555,0.0,2
42.529096603393555,0.0,2
42.529096603393555,0.0,2
42.529096603393555,0.0,2
42.53013253211975,0.0,2
42.53114175796509,0.0,2
42.53218913078308,0.0,2
42.53218913078308,0.0,2
42.53394675254822,0.0,2
42.53466558456421,0.0,2
42.53571677207947,0.0,2
42.53681445121765,0.0,2
42.53790044784546,0.0,2
42.53896880149841,0.0,2
42.54001784324646,0.0,2
42.54098081588745,0.0,2
42.54197883605957,0.0,2
42.54300260543823,0.0,2
42.543996810913086,0.0,2
42.54499650001526,0.0,2
42.54598140716553,0.0,2
42.554285526275635,0.0,2
42.5552933216095,0.0,2
42.5552933216095,0.0,2
42.55628490447998,0.0,2
42.55728602409363,0.0,2
42.55728602409363,0.0,2
42.55728602409363,0.0,2
42.55828404426575,0.0,2
42.55828404426575,0.0,2
42.55828404426575,0.0,2
42.559282541275024,0.0,2
42.56029486656189,0.0,2
42.56029486656189,0.0,2
42.56128215789795,0.0,2
42.56128215789795,0.0,2
42.567554235458374,0.0,2
42.567554235458374,0.0,2
42.567554235458374,0.0,2
42.568583250045776,0.0,2
42.568583250045776,0.0,2
42.56954908370972,0.0,2
42.56954908370972,0.0,2
42.56954908370972,0.0,2
42.56954908370972,0.0,2
42.57154178619385,0.0,2
42.57154178619385,0.0,2
42.57278227806091,0.0,2
42.574013471603394,0.0,2
42.57503843307495,0.0,2
42.576010942459106,0.0,2
42.57698583602905,0.0,2
42.57800078392029,0.0,2
42.5790650844574,0.0,2
42.57999587059021,0.0,2
42.580992460250854,0.0,2
42.58198833465576,0.0,2
42.582857847213745,0.0,2
42.58401441574097,0.0,2
42.58500933647156,0.0,2
42.58604598045349,0.0,2
42.587056159973145,0.0,2
42.588054895401,1e-05,2
42.58905339241028,0.0,2
42.59005379676819,0.0,2
42.59105825424194,0.0,2
42.59205889701843,0.0,2
42.59305262565613,0.0,2
42.59405517578125,0.0,2
42.595055103302,0.0,2
42.596110820770264,0.0,2
42.596110820770264,0.0,2
42.598130226135254,0.0,2
42.59843564033508,0.0,2
42.59944796562195,0.0,2
42.600994348526,0.0,2
42.6015260219574,0.0,2
42.602558612823486,0.0,2
42.60403609275818,0.0,2
42.60508370399475,0.0,2
42.60609412193298,0.0,2
42.607112884521484,0.0,2
42.608126163482666,0.0,2
42.612340688705444,0.0,2
42.612874269485474,0.0,2
42.612874269485474,0.0,2
42.61338520050049,0.0,2
42.61338520050049,0.0,2
42.614418745040894,0.0,2
42.61548614501953,0.0,2
42.61548614501953,0.0,2
42.61970281600952,0.0,2
42.62071084976196,0.0,2
42.62071084976196,0.0,2
42.62071084976196,0.0,2
42.62098956108093,0.0,2
42.622047424316406,0.0,2
42.623573780059814,0.0,2
42.62402963638306,0.0,2
42.624754190444946,0.0,2
42.62577033042908,0.0,2
42.62677717208862,0.0,2
42.6278121471405,0.0,2
42.628769636154175,0.0,2
42.629820346832275,0.0,2
42.630818128585815,0.0,2
42.63181185722351,0.0,2
42.63318848609924,0.0,2
42.63419818878174,0.0,2
42.635204553604126,0.0,2
42.6361985206604,0.0,2
42.637202978134155,0.0,2
42.638197898864746,0.0,2
42.63921141624451,0.0,2
42.64020752906799,0.0,2
42.64020752906799,0.0,2
42.6416552066803,0.0,2
42.64305853843689,0.0,2
42.64404106140137,0.0,2
42.64503836631775,0.0,2
42.646050214767456,0.0,2
42.647064447402954,0.0,2
42.647855281829834,0.0,2
42.64895963668823,0.0,2
42.64895963668823,0.0,2
42.650550842285156,0.0,2
42.65160083770752,0.0,2
42.65286302566528,0.0,2
42.65762662887573,0.0,2
42.65762662887573,0.0,2
42.65904998779297,0.0,2
42.65904998779297,0.0,2
42.65904998779297,0.0,2
42.66008925437927,0.0,2
42.66008925437927,0.0,2
42.66124439239502,0.0,2
42.66229486465454,0.0,2
42.66565942764282,0.0,2
42.666805028915405,0.0,2
42.666805028915405,0.0,2
42.666805028915405,0.0,2
42.666805028915405,0.0,2
42.66785144805908,0.0,2
42.66886353492737,0.0,2
42.67004919052124,1e-05,2
42.671250104904175,1e-05,2
42.671250104904175,1e-05,2
42.67294502258301,1e-05,2
42.674095153808594,1e-05,2
42.67504644393921,1e-05,2
42.67604660987854,1e-05,2
42.6770601272583,1e-05,2
42.677714109420776,1e-05,2
42.67872667312622,1e-05,2
42.67972803115845,1e-05,2
42.68072843551636,1e-05,2
42.68173146247864,0.0,2
42.68272352218628,0.0,2
42.68379068374634,0.0,2
42.68476581573486,0.0,2
42.68576192855835,0.0,2
42.686758518218994,0.0,2
42.68875074386597,1e-05,2
42.68875074386597,1e-05,2
42.68973994255066,1e-05,2
42.6907742023468,1e-05,2
42.691776514053345,1e-05,2
42.69273400306702,1e-05,2
42.69404888153076,1e-05,2
42.69503664970398,1e-05,2
42.69605088233948,1e-05,2
42.69767498970032,1e-05,2
42.69877815246582,1e-05,2
42.69877815246582,1e-05,2
42.70379185676575,1e-05,2
42.708762884140015,1e-05,2
42.7097601890564,1e-05,2
42.7097601890564,1e-05,2
42.7097601890564,1e-05,2
42.710935831069946,0.0,2
42.710935831069946,0.0,2
42.71192240715027,0.0,2
42.71297740936279,0.0,2
42.71297740936279,0.0,2
42.71297740936279,0.0,2
42.71402859687805,0.0,2
42.71402859687805,0.0,2
42.71402859687805,0.0,2
42.715041637420654,0.0,2
42.719024419784546,0.0,2
42.719024419784546,0.0,2
42.719024419784546,0.0,2
42.719024419784546,0.0,2
42.719024419784546,0.0,2
42.72002553939819,0.0,2
42.72098922729492,0.0,2
42.72205710411072,0.0,2
42.723063707351685,0.0,2
42.7242112159729,0.0,2
42.7242112159729,0.0,2
42.72526717185974,0.0,2
42.726245641708374,0.0,2
42.72726035118103,0.0,2
42.72925019264221,0.0,2
42.730249881744385,0.0,2
42.73126029968262,0.0,2
42.73227381706238,0.0,2
42.73324680328369,0.0,2
42.73324680328369,0.0,2
42.735350608825684,0.0,2
42.735350608825684,0.0,2
42.736714124679565,0.0,2
42.73773550987244,0.0,2
42.73873496055603,0.0,2
42.739734172821045,1e-05,2
42.740708351135254,1e-05,2
42.74176359176636,1e-05,2
42.74297070503235,1e-05,2
42.74397897720337,1e-05,2
42.745322942733765,1e-05,2
42.745322942733765,1e-05,2
42.747791051864624,1e-05,2
42.747791051864624,0.0,2
42.748924016952515,0.0,2
42.749918937683105,0.0,2
42.75195336341858,0.0,2
42.75195336341858,0.0,2
42.75292921066284,0.0,2
42.753896951675415,0.0,2
42.75493621826172,0.0,2
42.7559015750885,0.0,2
42.756896018981934,0.0,2
42.757893085479736,0.0,2
42.75890374183655,0.0,2
42.759888887405396,0.0,2
42.7609703540802,0.0,2
42.76338219642639,0.0,2
42.76539492607117,0.0,2
42.766396284103394,2e-05,2
42.766396284103394,2e-05,2
42.76740074157715,2e-05,2
42.768508434295654,2e-05,2
42.768508434295654,2e-05,2
42.7697651386261,2e-05,2
42.7697651386261,2e-05,2
42.770782709121704,2e-05,2
42.77484178543091,2e-05,2
42.77484178543091,2e-05,2
42.77484178543091,2e-05,2
42.77484178543091,2e-05,2
42.77581739425659,2e-05,2
42.776859283447266,2e-05,2
42.778085231781006,2e-05,2
42.77932024002075,2e-05,2
42.77932024002075,2e-05,2
42.78032040596008,2e-05,2
42.78132152557373,2e-05,2
42.78235745429993,2e-05,2
42.783369064331055,2e-05,2
42.78436899185181,0.0,2
42.78536820411682,0.0,2
42.78636837005615,1e-05,2
42.7873694896698,0.0,2
42.78836989402771,0.0,2
42.78936958312988,0.0,2
42.790369749069214,0.0,2
42.79136919975281,0.0,2
42.7923698425293,0.0,2
42.793370485305786,0.0,2
42.7943696975708,0.0,2
42.79643535614014,0.0,2
42.79643535614014,0.0,2
42.798285245895386,0.0,2
42.79931688308716,0.0,2
42.79931688308716,0.0,2
42.800474882125854,0.0,2
42.801491022109985,0.0,2
42.80268836021423,0.0,2
42.803711891174316,0.0,2
42.804726362228394,0.0,2
42.805835247039795,0.0,2
42.806968688964844,0.0,2
42.807976961135864,0.0,2
42.81200075149536,0.0,2
42.81200075149536,0.0,2
42.81300926208496,0.0,2
42.81300926208496,0.0,2
42.81300926208496,0.0,2
42.81414008140564,0.0,2
42.815150022506714,0.0,2
42.81618332862854,0.0,2
42.81719970703125,0.0,2
42.82028388977051,0.0,2
42.82028388977051,0.0,2
42.82028388977051,0.0,2
42.82028388977051,1e-05,2
42.8216347694397,1e-05,2
42.823002338409424,1e-05,2
42.824058294296265,1e-05,2
42.824979066848755,1e-05,2
42.82602000236511,1e-05,2
42.82602000236511,1e-05,2
42.82797861099243,1e-05,2
42.8290433883667,1e-05,2
42.82970643043518,1e-05,2
42.83071541786194,1e-05,2
42.831756830215454,1e-05,2
42.83275771141052,1e-05,2
42.83375883102417,1e-05,2
42.83477258682251,1e-05,2
42.835773944854736,1e-05,2
42.8367645740509,1e-05,2
42.837790966033936,1e-05,2
42.838789224624634,1e-05,2
42.83979272842407,1e-05,2
42.84080457687378,0.0,2
42.84179401397705,0.0,2
42.84278869628906,0.0,2
42.84378957748413,0.0,2
42.844794273376465,0.0,2
42.84674572944641,0.0,2
42.84674572944641,0.0,2
42.84797787666321,0.0,2
42.84797787666321,0.0,2
42.84976625442505,0.0,2
42.850807666778564,0.0,2
42.85200905799866,0.0,2
42.85304546356201,0.0,2
42.85418677330017,0.0,2
42.85520005226135,0.0,2
42.85520005226135,0.0,2
42.85915660858154,0.0,2
42.85971665382385,0.0,2
42.85971665382385,0.0,2
42.860228300094604,0.0,2
42.861266136169434,0.0,2
42.86258935928345,0.0,2
42.86258935928345,0.0,2
42.8667778968811,0.0,2
42.8667778968811,0.0,2
42.8667778968811,0.0,2
42.8667778968811,0.0,2
42.86801362037659,0.0,2
42.86902070045471,0.0,2
42.87006664276123,0.0,2
42.871086835861206,0.0,2
42.87212920188904,0.0,2
42.873146057128906,0.0,2
42.873146057128906,0.0,2
42.87505102157593,0.0,2
42.875977516174316,0.0,2
42.877026081085205,0.0,2
42.87801909446716,0.0,2
42.87907338142395,0.0,2
42.88004994392395,0.0,2
42.881062030792236,0.0,2
42.882049798965454,0.0,2
42.88304400444031,0.0,2
42.88405418395996,0.0,2
42.88505411148071,0.0,2
42.886053800582886,0.0,2
42.88705396652222,0.0,2
42.88705396652222,0.0,2
42.88855528831482,0.0,2
42.889686822891235,0.0,2
42.89075803756714,0.0,2
42.89201736450195,0.0,2
42.893051862716675,0.0,2
42.894065141677856,0.0,2
42.89490723609924,0.0,2
42.89604091644287,0.0,2
42.896942138671875,0.0,2
42.89855909347534,0.0,2
42.899068117141724,0.0,2
42.9000825881958,0.0,2
42.9000825881958,0.0,2
42.90165615081787,0.0,2
42.90397644042969,0.0,2
42.9077787399292,0.0,2
42.9077787399292,0.0,2
42.908292055130005,0.0,2
42.908292055130005,0.0,2
42.908292055130005,0.0,2
42.91044044494629,0.0,2
42.91044044494629,0.0,2
42.91145992279053,0.0,2
42.912572383880615,0.0,2
42.91598653793335,0.0,2
42.91598653793335,0.0,2
42.91598653793335,0.0,2
42.91598653793335,0.0,2
42.91702651977539,0.0,2
42.91702651977539,0.0,2
42.91821622848511,0.0,2
42.91983938217163,0.0,2
42.920979738235474,0.0,2
42.920979738235474,0.0,2
42.9229781627655,0.0,2
42.92404747009277,0.0,2
42.92404747009277,0.0,2
42.9252564907074,0.0,2
42.92624855041504,0.0,2
42.92824840545654,0.0,2
42.92929649353027,0.0,2
42.9303035736084,0.0,2
42.931283950805664,0.0,2
42.931283950805664,0.0,2
42.932377338409424,0.0,2
42.933371782302856,0.0,2
42.93437743186951,0.0,2
42.93537163734436,0.0,2
42.93637657165527,0.0,2
42.9373722076416,0.0,2
42.938377141952515,0.0,2
42.939372539520264,0.0,2
42.94104743003845,0.0,2
42.942057371139526,0.0,2
42.943061113357544,0.0,2
42.94405794143677,0.0,2
42.94493317604065,0.0,2
42.94595527648926,0.0,2
42.94751763343811,0.0,2
42.948585510253906,0.0,2
42.953290700912476,0.0,2
42.95429992675781,0.0,2
42.95429992675781,0.0,2
42.95480728149414,0.0,2
42.95531415939331,0.0,2
42.95531415939331,0.0,2
42.95531415939331,0.0,2
42.95632457733154,0.0,2
42.95734143257141,0.0,2
42.95834946632385,0.0,2
42.96241068840027,0.0,2
42.96241068840027,0.0,2
42.96241068840027,0.0,2
42.96241068840027,0.0,2
42.96241068840027,0.0,2
42.96395444869995,0.0,2
42.96395444869995,0.0,2
42.965548038482666,0.0,2
42.966631174087524,0.0,2
42.968053340911865,0.0,2
42.96920585632324,0.0,2
42.970298051834106,0.0,2
42.970298051834106,0.0,2
42.97203516960144,0.0,2
42.972954750061035,0.0,2
42.972954750061035,0.0,2
42.9752881526947,0.0,2
42.97636413574219,0.0,2
42.97636413574219,0.0,2
42.97846531867981,0.0,2
42.97846531867981,0.0,2
42.979875326156616,0.0,2
42.980839014053345,0.0,2
42.98188281059265,0.0,2
42.98188281059265,0.0,2
42.98333144187927,0.0,2
42.98433804512024,0.0,2
42.985352754592896,0.0,2
42.98633813858032,0.0,2
42.98734450340271,0.0,2
42.988338470458984,0.0,2
42.98935270309448,0.0,2
42.99104285240173,0.0,2
42.992032289505005,0.0,2
42.99303483963013,0.0,2
42.99303483963013,0.0,2
42.994370222091675,0.0,2
42.99690508842468,0.0,2
43.00183320045471,0.0,2
43.00183320045471,0.0,2
43.00183320045471,0.0,2
43.003204107284546,0.0,2
43.003204107284546,0.0,2
43.00420570373535,0.0,2
43.00420570373535,0.0,2
43.00420570373535,0.0,2
43.005205392837524,0.0,2
43.0062780380249,0.0,2
43.00721049308777,0.0,2
43.011205434799194,0.0,2
43.011205434799194,0.0,2
43.01220369338989,0.0,2
43.01220369338989,0.0,2
43.01220369338989,0.0,2
43.01320934295654,0.0,2
43.01420521736145,0.0,2
43.01530051231384,0.0,2
43.01603412628174,0.0,2
43.01703906059265,0.0,2
43.01805233955383,0.0,2
43.019052267074585,0.0,2
43.02005195617676,0.0,2
43.02105784416199,0.0,2
43.02205204963684,0.0,2
43.023051738739014,0.0,2
43.0240523815155,0.0,2
43.025059938430786,0.0,2
43.02605199813843,0.0,2
43.0270516872406,0.0,2
43.02805233001709,0.0,2
43.02905249595642,0.0,2
43.030096769332886,0.0,2
43.0310537815094,0.0,2
43.03256845474243,0.0,2
43.03256845474243,0.0,2
43.0335853099823,0.0,2
43.0350227355957,0.0,2
43.03611135482788,0.0,2
43.037163496017456,0.0,2
43.03803062438965,0.0,2
43.038738489151,0.0,2
43.039830684661865,0.0,2
43.039830684661865,0.0,2
43.041372776031494,0.0,2
43.04801058769226,0.0,2
43.04801058769226,0.0,2
43.05019402503967,0.0,2
43.05019402503967,0.0,2
43.05167245864868,0.0,2
43.05375409126282,0.0,2
43.054280281066895,0.0,2
43.05479860305786,0.0,2
43.05479860305786,0.0,2
43.05479860305786,0.0,2
43.05479860305786,0.0,2
43.05581068992615,0.0,2
43.05581068992615,0.0,2
43.056952714920044,0.0,2
43.05838489532471,0.0,2
43.06194019317627,0.0,2
43.062947511672974,0.0,2
43.06394100189209,0.0,2
43.0763463973999,0.0,2
43.07908749580383,0.0,2
43.07960081100464,0.0,2
43.08015155792236,0.0,2
43.08171725273132,0.0,2
43.082233905792236,0.0,2
43.082233905792236,0.0,2
43.083860635757446,0.0,2
43.083860635757446,0.0,2
43.083860635757446,0.0,2
43.0848925113678,0.0,2
43.0848925113678,0.0,2
43.0860071182251,0.0,2
43.08702850341797,1e-05,2
43.08754014968872,1e-05,2
43.08806395530701,0.0,2
43.08911490440369,0.0,2
43.08963489532471,0.0,2
43.09066891670227,0.0,2
43.09276747703552,0.0,2
43.09438991546631,0.0,2
43.094958543777466,0.0,2
43.094958543777466,0.0,2
43.097097635269165,0.0,2
43.098174810409546,0.0,2
43.09872794151306,0.0,2
43.099313259124756,0.0,2
43.099313259124756,0.0,2
43.099313259124756,0.0,2
43.10032320022583,0.0,2
43.10083198547363,0.0,2
43.101351737976074,0.0,2
43.10403752326965,0.0,2
43.105122566223145,0.0,2
43.112464427948,0.0,2
43.1195023059845,0.0,2
43.1214919090271,0.0,2
43.12396430969238,0.0,2
43.125099658966064,0.0,2
43.125099658966064,0.0,2
43.12629795074463,0.0,2
43.12629795074463,0.0,2
43.129096031188965,0.0,2
43.129096031188965,0.0,2
43.129096031188965,0.0,2
43.13009452819824,0.0,2
43.13213038444519,0.0,2
43.133094787597656,0.0,2
43.13510298728943,0.0,2
43.14229655265808,1e-05,2
43.14229655265808,0.0,2
43.14229655265808,0.0,2
43.14229655265808,0.0,2
43.14327955245972,0.0,2
43.14327955245972,0.0,2
43.14327955245972,0.0,2
43.14327955245972,0.0,2
43.14327955245972,0.0,2
43.14327955245972,0.0,2
43.14327955245972,0.0,2
43.14327955245972,0.0,2
43.14327955245972,0.0,2
43.14327955245972,0.0,2
43.14427733421326,0.0,2
43.14427733421326,0.0,2
43.14427733421326,0.0,2
43.14427733421326,0.0,2
43.14427733421326,0.0,2
43.14427733421326,0.0,2
43.14427733421326,0.0,2
43.14427733421326,0.0,2
43.145278215408325,0.0,2
43.145278215408325,0.0,2
43.145278215408325,0.0,2
43.145278215408325,0.0,2
43.145278215408325,0.0,2
43.145278215408325,0.0,2
43.14628028869629,0.0,2
43.14628028869629,0.0,2
43.14628028869629,0.0,2
43.14628028869629,0.0,2
43.14628028869629,0.0,2
43.14628028869629,0.0,2
43.14628028869629,0.0,2
43.14628028869629,0.0,2
43.14628028869629,0.0,2
43.14628028869629,0.0,2
43.14808201789856,0.0,2
43.14909029006958,0.0,2
43.15028476715088,0.0,2
43.15028476715088,0.0,2
43.151612520217896,0.0,2
43.15305304527283,0.0,2
43.154048204422,0.0,2
43.155067443847656,0.0,2
43.15607762336731,0.0,2
43.15607762336731,0.0,2
43.15825176239014,0.0,2
43.15825176239014,0.0,2
43.159339427948,0.0,2
43.16033434867859,0.0,2
43.1613609790802,0.0,2
43.16334533691406,0.0,2
43.16391205787659,0.0,2
43.16499733924866,0.0,2
43.1660578250885,0.0,2
43.16708278656006,0.0,2
43.16809678077698,0.0,2
43.16902232170105,1e-05,2
43.16962218284607,1e-05,2
43.170974254608154,1e-05,2
43.1720187664032,1e-05,2
43.1730740070343,1e-05,2
43.174091815948486,1e-05,2
43.174091815948486,1e-05,2
43.1754310131073,1e-05,2
43.17646408081055,1e-05,2
43.177990436553955,1e-05,2
43.178523540496826,1e-05,2
43.17953324317932,1e-05,2
43.180887937545776,1e-05,2
43.18195819854736,1e-05,2
43.1894428730011,1e-05,2
43.19044613838196,1e-05,2
43.191466331481934,1e-05,2
43.19243764877319,1e-05,2
43.193437814712524,1e-05,2
43.193437814712524,1e-05,2
43.1955771446228,0.0,2
43.196582555770874,0.0,2
43.19757437705994,0.0,2
43.19909071922302,0.0,2
43.20019292831421,0.0,2
43.20019292831421,0.0,2
43.20019292831421,0.0,2
43.20121622085571,0.0,2
43.20223259925842,0.0,2
43.20521783828735,0.0,2
43.20521783828735,0.0,2
43.20521783828735,0.0,2
43.206233739852905,0.0,2
43.206233739852905,0.0,2
43.206233739852905,0.0,2
43.206233739852905,0.0,2
43.206233739852905,0.0,2
43.206233739852905,0.0,2
43.20696949958801,0.0,2
43.20806646347046,0.0,2
43.20806646347046,0.0,2
43.20924925804138,0.0,2
43.21024537086487,0.0,2
43.21225333213806,0.0,2
43.21225333213806,0.0,2
43.213645696640015,0.0,2
43.21588444709778,0.0,2
43.21588444709778,0.0,2
43.21683096885681,0.0,2
43.21786379814148,0.0,2
43.218841791152954,0.0,2
43.22084188461304,0.0,2
43.22084188461304,0.0,2
43.221824407577515,0.0,2
43.22286629676819,0.0,2
43.224005460739136,0.0,2
43.22502565383911,0.0,2
43.22598218917847,0.0,2
43.2269811630249,0.0,2
43.228026151657104,0.0,2
43.23002815246582,0.0,2
43.23002815246582,0.0,2
43.23092746734619,0.0,2
43.23198843002319,0.0,2
43.23303556442261,0.0,2
43.23397660255432,0.0,2
43.234976053237915,0.0,2
43.23600387573242,0.0,2
43.2370183467865,0.0,2
43.23801589012146,0.0,2
43.238993883132935,0.0,2
43.240015506744385,0.0,2
43.24102258682251,0.0,2
43.24201440811157,0.0,2
43.243016719818115,0.0,2
43.24399924278259,0.0,2
43.24698448181152,0.0,2
43.25199627876282,0.0,2
43.25199627876282,0.0,2
43.252995014190674,0.0,2
43.252995014190674,0.0,2
43.25399374961853,0.0,2
43.25399374961853,0.0,2
43.25399374961853,0.0,2
43.25499725341797,0.0,2
43.25499725341797,0.0,2
43.256003618240356,0.0,2
43.256003618240356,5e-05,2
43.25700259208679,0.00022,2
43.257976770401,0.00022,2
43.26398062705994,0.00022,2
43.26398062705994,0.00022,2
43.26398062705994,0.00022,2
43.26498508453369,0.00022,2
43.26498508453369,0.00022,2
43.26498508453369,0.00022,2
43.26598930358887,0.00022,2
43.26598930358887,0.00022,2
43.26802635192871,0.00022,2
43.26900267601013,0.00022,2
43.26900267601013,0.00022,2
43.26998496055603,0.00022,2
43.270984172821045,0.00022,2
43.27199196815491,0.00022,2
43.27298092842102,0.00022,2
43.27400350570679,0.00022,2
43.27503037452698,0.00022,2
43.27609729766846,0.00022,2
43.27704620361328,0.00022,2
43.278284788131714,0.00022,2
43.279337882995605,0.00013,2
43.28033804893494,0.0,2
43.28100776672363,0.0,2
43.28171753883362,0.0,2
43.28277778625488,0.0,2
43.28377676010132,0.0,2
43.28482627868652,0.0,2
43.28582835197449,0.0,2
43.286826610565186,0.0,2
43.28778290748596,0.0,2
43.28878569602966,0.0,2
43.28982710838318,0.0,2
43.29080057144165,0.0,2
43.29180097579956,0.0,2
43.29417085647583,0.0,2
43.29908013343811,0.0,2
43.301143169403076,0.0,2
43.30216193199158,0.0,2
43.30351758003235,0.0,2
43.304529905319214,0.0,2
43.30659198760986,0.0,2
43.30793237686157,0.0,2
43.30793237686157,0.0,2
43.309343576431274,0.0,2
43.309343576431274,0.0,2
43.309343576431274,0.0,2
43.31084752082825,0.0,2
43.31084752082825,0.0,2
43.312185525894165,0.0,2
43.312185525894165,0.0,2
43.316293239593506,0.00046,2
43.316293239593506,0.00046,2
43.316293239593506,0.00046,2
43.316293239593506,0.00046,2
43.317360162734985,0.00046,2
43.317360162734985,0.00046,2
43.317360162734985,0.00019,2
43.317360162734985,0.0,2
43.317360162734985,0.0,2
43.317360162734985,0.0,2
43.31840372085571,0.0,2
43.31941032409668,0.0,2
43.32037568092346,0.0,2
43.32137417793274,0.0,2
43.32273316383362,0.0,2
43.32373332977295,0.0,2
43.32476091384888,0.0,2
43.325740575790405,0.0,2
43.32673168182373,0.0,2
43.32784056663513,0.0,2
43.328877449035645,0.0,2
43.329851150512695,0.0,2
43.33083963394165,0.0,2
43.3319673538208,0.0,2
43.33273124694824,0.0,2
43.334020137786865,0.0,2
43.33503031730652,0.0,2
43.33601713180542,0.0,2
43.336976528167725,0.0,2
43.33745074272156,9e-05,2
43.338497161865234,9e-05,2
43.33951449394226,9e-05,2
43.34082293510437,9e-05,2
43.34182524681091,9e-05,2
43.34282851219177,9e-05,2
43.34385013580322,9e-05,2
43.34484648704529,0.0,2
43.34585165977478,0.0,2
43.3468496799469,0.0,2
43.34782409667969,0.0,2
43.349862813949585,0.0,2
43.349862813949585,0.0,2
43.35189867019653,0.0,2
43.35265827178955,0.0,2
43.35367131233215,0.0,2
43.35471963882446,0.0,2
43.36129570007324,0.0,2
43.36180257797241,0.0,2
43.36180257797241,0.0,2
43.3633918762207,0.0,2
43.366644859313965,0.00023,2
43.366644859313965,0.0,2
43.369956254959106,0.0,2
43.37161159515381,0.0,2
43.37161159515381,0.0,2
43.37264919281006,0.0,2
43.37264919281006,0.0,2
43.37264919281006,0.0,2
43.37377381324768,0.0,2
43.37377381324768,0.0,2
43.37377381324768,0.0,2
43.37377381324768,0.0,2
43.37377381324768,0.0,2
43.3748345375061,0.0,2
43.3748345375061,0.0,2
43.37958002090454,2e-05,2
43.37958002090454,2e-05,2
43.37958002090454,2e-05,2
43.37958002090454,2e-05,2
43.37958002090454,2e-05,2
43.37958002090454,2e-05,2
43.37958002090454,2e-05,2
43.38096880912781,0.00076,2
43.38201546669006,0.00076,2
43.38299345970154,0.00076,2
43.383991956710815,0.00076,2
43.385026693344116,0.00076,2
43.3860285282135,0.00076,2
43.38702654838562,0.00076,2
43.388028383255005,0.00076,2
43.3890266418457,0.00076,2
43.390029191970825,0.00076,2
43.391027212142944,0.00076,2
43.392035484313965,0.00076,2
43.39303183555603,0.00076,2
43.39402914047241,0.00076,2
43.395036935806274,0.00076,2
43.396031856536865,0.0,2
43.39703416824341,0.0,2
43.39798712730408,0.0,2
43.39798712730408,0.0,2
43.39949560165405,0.0,2
43.400505781173706,0.0,2
43.40196752548218,0.0,2
43.403016567230225,0.0,2
43.404014348983765,0.0,2
43.40501928329468,0.0,2
43.40601634979248,0.0,2
43.406975507736206,0.0,2
43.406975507736206,0.0,2
43.40834593772888,0.0,2
43.40937638282776,0.0,2
43.410356521606445,0.0,2
43.41135883331299,0.0,2
43.412381410598755,0.0,2
43.41439509391785,0.0,2
43.41536855697632,0.0,2
43.41536855697632,0.0,2
43.419877767562866,0.0,2
43.42485976219177,0.0,2
43.426236391067505,0.0,2
43.426236391067505,0.0,2
43.42722201347351,0.0,2
43.42722201347351,0.0,2
43.42822289466858,0.0,2
43.42822289466858,0.0,2
43.4292209148407,0.0,2
43.43022561073303,0.0,2
43.43022561073303,0.0,2
43.431220054626465,0.0,2
43.431220054626465,0.0,2
43.431220054626465,0.0,2
43.432223081588745,0.0,2
43.436217069625854,0.0,2
43.436217069625854,0.0,2
43.436217069625854,0.0,2
43.436217069625854,0.0,2
43.436217069625854,0.0,2
43.436217069625854,0.0,2
43.43795585632324,0.0,2
43.438841581344604,0.0,2
43.438841581344604,0.0,2
43.44022727012634,0.0,2
43.4412579536438,0.0,2
43.44324541091919,0.0,2
43.44425177574158,0.0,2
43.44524359703064,0.0,2
43.44625997543335,0.0,2
43.44725942611694,0.0,2
43.44828701019287,0.0,2
43.44828701019287,0.0,2
43.45026707649231,0.0,2
43.45129919052124,0.0,2
43.45129919052124,0.0,2
43.452425479888916,0.0,2
43.4534387588501,0.0,2
43.45443892478943,0.0,2
43.45603656768799,0.0,2
43.45705056190491,0.0,2
43.4580500125885,0.0,2
43.45904755592346,0.0,2
43.46003246307373,0.00011,2
43.460933685302734,0.00015,2
43.46200227737427,0.00015,2
43.46297359466553,0.00015,2
43.46503949165344,0.00015,2
43.46503949165344,0.00015,2
43.46597981452942,0.00015,2
43.46797466278076,0.00015,2
43.46797466278076,0.00015,2
43.46902251243591,0.00015,2
43.469982624053955,0.00015,2
43.47099828720093,0.00015,2
43.471949338912964,0.00015,2
43.47299599647522,0.00015,2
43.474015951156616,0.00015,2
43.475005865097046,0.0,2
43.475945711135864,0.0,2
43.4770073890686,0.0,2
43.4775550365448,0.0,2
43.48263883590698,0.0,2
43.48363995552063,0.0,2
43.48570919036865,0.0,2
43.48570919036865,0.0,2
43.48570919036865,0.0,2
43.486799001693726,0.0,2
43.486799001693726,0.0,2
43.486799001693726,0.0,2
43.48786926269531,0.0,2
43.48786926269531,0.0,2
43.49191665649414,0.0,2
43.49191665649414,8e-05,2
43.49191665649414,0.0,2
43.49191665649414,0.0,2
43.493046283721924,0.0,2
43.494091510772705,0.0,2
43.49547290802002,0.0,2
43.496466636657715,0.0,2
43.496466636657715,0.0,2
43.49791359901428,0.0,2
43.499423027038574,0.0,2
43.499423027038574,0.0,2
43.50048494338989,0.0,2
43.502434968948364,0.0,2
43.503525257110596,0.0,2
43.50397610664368,0.0,2
43.50503849983215,0.0,2
43.50603795051575,0.0,2
43.507041215896606,0.0,2
43.50805592536926,0.0,2
43.50905442237854,0.0,2
43.51005411148071,0.0,2
43.51105093955994,0.0,2
43.512195348739624,0.00027,2
43.5130774974823,0.00033,2
43.51506805419922,0.00033,2
43.51506805419922,0.00033,2
43.5171582698822,0.00033,2
43.5171582698822,0.00033,2
43.51806426048279,0.00033,2
43.519094705581665,0.00033,2
43.52005362510681,0.00033,2
43.52106595039368,0.00033,2
43.52210187911987,0.00033,2
43.52306509017944,0.00033,2
43.5240740776062,0.00033,2
43.5250518321991,0.00033,2
43.52605223655701,0.00033,2
43.53105354309082,0.00033,2
43.53205442428589,0.00033,2
43.53205442428589,0.00033,2
43.533103227615356,0.00033,2
43.533103227615356,0.00033,2
43.53506278991699,0.00033,2
43.53506278991699,0.00033,2
43.53506278991699,0.00033,2
43.53605389595032,0.0,2
43.53605389595032,0.0,2
43.54005479812622,0.0,2
43.54005479812622,0.0,2
43.54005479812622,0.0,2
43.54005479812622,0.0,2
43.541051149368286,0.0,2
43.54205656051636,0.0,2
43.543041706085205,0.0,2
43.544055700302124,0.0,2
43.54505681991577,0.0,2
43.54601716995239,0.0,2
43.547038555145264,0.0,2
43.54803276062012,0.0,2
43.54902982711792,0.0,2
43.55004119873047,0.0,2
43.55104112625122,0.0,2
43.55204939842224,0.0,2
43.55304431915283,0.0,2
43.55405592918396,0.0,2
43.55504369735718,0.0,2
43.55603051185608,0.0,2
43.55703091621399,0.0,2
43.55703091621399,0.0,2
43.55946135520935,0.0,2
43.55946135520935,0.0,2
43.56046652793884,0.0,2
43.56244444847107,0.0,2
43.56342935562134,0.0,2
43.56391453742981,0.0,2
43.56493330001831,0.0,2
43.566036224365234,0.0,2
43.567238092422485,0.0,2
43.567238092422485,0.0,2
43.56904602050781,0.0,2
43.57006359100342,0.0,2
43.57006359100342,0.0,2
43.57153558731079,0.0,2
43.57619786262512,0.0,2
43.57721996307373,0.0,2
43.57826280593872,0.0,2
43.57826280593872,0.0,2
43.58039617538452,0.0,2
43.58255171775818,0.0,2
43.58358383178711,0.0,2
43.584999322891235,0.0,2
43.584999322891235,0.0,2
43.584999322891235,0.0,2
43.586612939834595,0.0,2
43.592591285705566,0.0,2
43.592591285705566,0.0,2
43.592591285705566,0.0,2
43.593579053878784,0.0,2
43.593579053878784,0.0,2
43.593579053878784,0.0,2
43.593579053878784,0.0,2
43.593579053878784,0.0,2
43.593579053878784,0.00015,2
43.593579053878784,8e-05,2
43.59467530250549,0.0,2
43.59467530250549,0.0,2
43.595959186553955,0.0,2
43.59701156616211,0.0,2
43.59802317619324,0.0,2
43.59802317619324,0.0,2
43.59957480430603,0.0,2
43.600666522979736,0.0,2
43.601659297943115,0.0,2
43.602618932724,0.0,2
43.603662729263306,0.0,2
43.60461902618408,0.0,2
43.60561537742615,0.0,2
43.60662245750427,0.0,2
43.60764789581299,0.0,2
43.608651876449585,0.0,2
43.60964393615723,0.0,2
43.61162972450256,0.0,2
43.61162972450256,0.0,2
43.613698959350586,0.0,2
43.613970041275024,0.0,2
43.61581373214722,0.00026,2
43.61581373214722,0.00026,2
43.61681795120239,0.00026,2
43.61771011352539,0.00026,2
43.61872363090515,0.00026,2
43.619728088378906,0.00026,2
43.62094759941101,0.00026,2
43.621946573257446,0.00026,2
43.62293720245361,0.00026,2
43.62397050857544,0.00026,2
43.62498354911804,0.00026,2
43.626280069351196,0.00026,2
43.62727952003479,0.00026,2
43.62828254699707,0.00026,2
43.6292827129364,0.00026,2
43.63028573989868,0.0,2
43.63140058517456,0.0,2
43.63254451751709,0.0,2
43.63352084159851,0.0,2
43.63452339172363,0.0,2
43.63760280609131,0.0,2
43.641618490219116,0.0,2
43.641618490219116,0.0,2
43.64266300201416,0.0,2
43.64266300201416,0.0,2
43.64266300201416,0.0,2
43.64266300201416,0.0,2
43.64365363121033,0.0,2
43.64365363121033,0.0,2
43.64365363121033,0.0,2
43.645650148391724,0.0,2
43.645650148391724,0.0,2
43.64663624763489,0.0,2
43.65128016471863,0.0,2
43.65128016471863,0.0,2
43.65128016471863,0.0,2
43.65128016471863,0.0,2
43.65196895599365,0.00013,2
43.6529757976532,9e-05,2
43.654021978378296,9e-05,2
43.65502309799194,9e-05,2
43.655895948410034,9e-05,2
43.65697693824768,9e-05,2
43.65820097923279,9e-05,2
43.65920400619507,9e-05,2
43.66020083427429,9e-05,2
43.66126608848572,9e-05,2
43.66261649131775,9e-05,2
43.66261649131775,9e-05,2
43.663617849349976,9e-05,2
43.6646203994751,0.0,2
43.66559982299805,0.0,2
43.66682815551758,0.0,2
43.66784620285034,0.0,2
43.6688871383667,0.0,2
43.669891357421875,0.0,2
43.67086124420166,0.0,2
43.67189073562622,0.0,2
43.67306208610535,0.0,2
43.674057483673096,6e-05,2
43.674057483673096,6e-05,2
43.67530846595764,6e-05,2
43.67630219459534,6e-05,2
43.677308082580566,6e-05,2
43.67830443382263,6e-05,2
43.680349588394165,6e-05,2
43.681304931640625,6e-05,2
43.690361738204956,6e-05,2
43.69173836708069,6e-05,2
43.69173836708069,6e-05,2
43.69274139404297,6e-05,2
43.6937415599823,6e-05,2
43.694737911224365,6e-05,2
43.694737911224365,0.0,2
43.694737911224365,0.00014,2
43.69603896141052,0.00014,2
43.69603896141052,0.00014,2
43.69706869125366,0.00014,2
43.698450565338135,0.00014,2
43.70102095603943,0.00014,2
43.70102095603943,0.00014,2
43.70102095603943,0.00014,2
43.70202612876892,0.00014,2
43.70202612876892,0.00014,2
43.70202612876892,0.00014,2
43.70202612876892,0.00014,2
43.70202612876892,0.00014,2
43.70202612876892,0.00014,2
43.70299768447876,0.00014,2
43.70299768447876,0.00014,2
43.70525288581848,0.00014,2
43.70525288581848,0.00014,2
43.706979274749756,0.00014,2
43.70808434486389,0.00014,2
43.70808434486389,0.00014,2
43.70927047729492,0.00014,2
43.71129250526428,0.00014,2
43.71231412887573,0.00044,2
43.71231412887573,0.0,2
43.71360516548157,0.0,2
43.714653730392456,0.0,2
43.71564221382141,0.0,2
43.71661734580994,0.0,2
43.71761989593506,0.0,2
43.718666076660156,0.0,2
43.71969938278198,0.0,2
43.720617055892944,0.0,2
43.721619606018066,0.0,2
43.72267174720764,0.0,2
43.72366499900818,0.00011,2
43.72501015663147,0.00011,2
43.726059913635254,0.00011,2
43.72697901725769,0.00011,2
43.72697901725769,0.00011,2
43.73630714416504,0.00011,2
43.73827624320984,0.00011,2
43.73827624320984,0.00011,2
43.739327907562256,0.00011,2
43.74043536186218,5e-05,2
43.74043536186218,5e-05,2
43.74143719673157,5e-05,2
43.74243354797363,5e-05,2
43.74243354797363,5e-05,2
43.74344611167908,5e-05,2
43.74344611167908,5e-05,2
43.74495840072632,5e-05,2
43.74495840072632,5e-05,2
43.74922251701355,5e-05,2
43.74922251701355,5e-05,2
43.74972867965698,5e-05,2
43.74972867965698,5e-05,2
43.74972867965698,5e-05,2
43.74972867965698,5e-05,2
43.74972867965698,5e-05,2
43.74972867965698,5e-05,2
43.74972867965698,5e-05,2
43.75096654891968,5e-05,2
43.752012968063354,5e-05,2
43.75302338600159,5e-05,2
43.7540979385376,5e-05,2
43.7540979385376,0.0,2
43.75534749031067,0.00038,2
43.75634169578552,0.00038,2
43.757346868515015,0.00038,2
43.758341550827026,0.00038,2
43.75959396362305,0.00038,2
43.76155662536621,0.00038,2
43.76155662536621,0.00038,2
43.76255178451538,0.00038,2
43.76354932785034,0.00038,2
43.76455497741699,0.00038,2
43.7656192779541,0.00038,2
43.76655149459839,0.00038,2
43.76757621765137,0.00038,2
43.768550872802734,0.0,2
43.76959562301636,0.0,2
43.77097821235657,0.0,2
43.772013425827026,0.0,2
43.77300977706909,0.0,2
43.77628564834595,0.0,2
43.777289152145386,0.0,2
43.77828669548035,0.0,2
43.780290842056274,0.0,2
43.780290842056274,0.0,2
43.780290842056274,0.0,2
43.78197479248047,0.0,2
43.78356194496155,0.0,2
43.78356194496155,0.0,2
43.78356194496155,0.0,2
43.78457045555115,7e-05,2
43.78457045555115,7e-05,2
43.788827657699585,7e-05,2
43.788827657699585,7e-05,2
43.788827657699585,7e-05,2
43.788827657699585,7e-05,2
43.789942264556885,7e-05,2
43.7909996509552,0.0,2
43.792051553726196,0.0,2
43.792980670928955,0.0,2
43.792980670928955,0.0,2
43.79461121559143,0.0,2
43.795621156692505,0.0,2
43.79674053192139,0.0,2
43.797974824905396,0.0,2
43.79901385307312,0.0,2
43.800021171569824,0.0,2
43.80109930038452,0.0,2
43.802109241485596,0.0,2
43.802109241485596,0.0,2
43.80324029922485,0.0,2
43.80478811264038,0.0,2
43.80534911155701,0.00026,2
43.80636692047119,0.00026,2
43.80736327171326,0.00026,2
43.80836772918701,0.00026,2
43.8093638420105,0.00026,2
43.810367822647095,0.00026,2
43.81237745285034,0.00026,2
43.81344556808472,0.00026,2
43.81411957740784,0.0,2
43.81539750099182,0.0,2
43.81592917442322,0.0,2
43.81645846366882,0.0,2
43.81746697425842,0.0,2
43.818928241729736,0.0,2
43.81995677947998,0.0,2
43.82104420661926,0.0,2
43.82413578033447,0.0,2
43.82413578033447,0.0,2
43.82514262199402,0.0,2
43.82514262199402,0.0,2
43.82616400718689,0.0,2
43.82716989517212,0.0,2
43.82822012901306,0.0,2
43.8322868347168,0.00046,2
43.8322868347168,0.00046,2
43.8322868347168,0.00046,2
43.8322868347168,0.00046,2
43.8322868347168,0.00046,2
43.833314657211304,0.00046,2
43.83501219749451,0.00046,2
43.83583998680115,0.00046,2
43.83700895309448,0.00046,2
43.838040351867676,0.00046,2
43.839096546173096,0.00046,2
43.84001135826111,1e-05,2
43.84102272987366,1e-05,2
43.84201693534851,1e-05,2
43.84304332733154,1e-05,2
43.84379720687866,1e-05,2
43.84494709968567,1e-05,2
43.845863342285156,1e-05,2
43.846879959106445,1e-05,2
43.8478581905365,1e-05,2
43.84888696670532,0.0,2
43.84981656074524,0.0,2
43.850879430770874,0.0,2
43.85188055038452,0.0,2
43.8528790473938,0.0,2
43.8538818359375,0.0,2
43.85488200187683,0.0,2
43.8558874130249,0.0,2
43.85688328742981,0.0,2
43.85788154602051,0.0,2
43.85885977745056,0.0,2
43.85996150970459,0.0,2
43.860974073410034,0.0,2
43.86197113990784,0.0,2
43.862974405288696,0.0,2
43.86392951011658,7e-05,2
43.86914777755737,6e-05,2
43.8701708316803,0.0,2
43.871195554733276,0.0,2
43.87220120429993,0.0,2
43.87220120429993,0.0,2
43.8732635974884,0.0,2
43.8732635974884,0.0,2
43.8732635974884,0.0,2
43.88191628456116,0.0,2
43.88292598724365,0.0,2
43.88292598724365,0.0,2
43.88292598724365,0.0,2
43.883432149887085,0.0,2
43.883432149887085,0.0,2
43.883432149887085,0.0,2
43.8839430809021,0.0,2
43.8839430809021,0.0,2
43.8839430809021,0.0,2
43.8839430809021,0.0,2
43.8839430809021,0.0,2
43.885030031204224,0.00013,2
43.88605809211731,0.0,2
43.887070178985596,0.0,2
43.88814830780029,0.0,2
43.88814830780029,0.0,2
43.89016246795654,0.0,2
43.89103627204895,0.0,2
43.89203715324402,0.0,2
43.89303731918335,0.0,2
43.89406180381775,0.0,2
43.89505982398987,0.0,2
43.896087646484375,0.0,2
43.89806032180786,0.0,2
43.89806032180786,0.0,2
43.89905047416687,6e-05,2
43.90005397796631,6e-05,2
43.90137720108032,6e-05,2
43.90238308906555,6e-05,2
43.90238308906555,6e-05,2
43.90440320968628,6e-05,2
43.90440320968628,6e-05,2
43.90638589859009,6e-05,2
43.90638589859009,6e-05,2
43.90839457511902,6e-05,2
43.909462213516235,0.00047,2
43.909462213516235,0.00047,2
43.91147518157959,0.00047,2
43.912433385849,0.00047,2
43.91341781616211,0.00047,2
43.916703939437866,0.00047,2
43.92069482803345,0.00047,2
43.92168068885803,0.00047,2
43.9234094619751,0.00047,2
43.92450571060181,0.00047,2
43.92550849914551,0.00047,2
43.92550849914551,0.00047,2
43.92651414871216,0.00047,2
43.927443981170654,4e-05,2
43.927443981170654,4e-05,2
43.934436082839966,0.00022,2
43.935555934906006,0.00022,2
43.935555934906006,0.00022,2
43.93642592430115,0.00022,2
43.93642592430115,0.00022,2
43.93642592430115,0.00022,2
43.93743562698364,0.00022,2
43.93743562698364,0.00022,2
43.938464879989624,0.00022,2
43.938464879989624,0.00022,2
43.939462661743164,0.00022,2
43.939462661743164,0.00022,2
43.939462661743164,0.00022,2
43.94043564796448,0.00022,2
43.94043564796448,0.00022,2
43.94043564796448,0.00022,2
43.941481590270996,0.00022,2
43.941481590270996,0.00022,2
43.941481590270996,0.00022,2
43.94303917884827,0.00022,2
43.94370436668396,0.00022,2
43.944730043411255,0.00022,2
43.94572734832764,0.00022,2
43.94703722000122,0.00022,2
43.948073625564575,0.00022,2
43.948073625564575,0.00022,2
43.94947004318237,0.00022,2
43.950469732284546,0.0,2
43.951470375061035,0.0,2
43.952471017837524,0.0,2
43.95347046852112,0.0,2
43.95446705818176,0.0,2
43.95548367500305,0.0,2
43.95647692680359,0.0,2
43.95746946334839,0.0,2
43.95846891403198,0.0,2
43.95946955680847,0.0,2
43.96301889419556,0.0,2
43.96759486198425,0.0,2
43.969181060791016,0.0,2
43.96977949142456,0.0,2
43.96977949142456,0.0,2
43.970864057540894,0.00042,2
43.970864057540894,0.00042,2
43.97194457054138,0.00042,2
43.97194457054138,0.00042,2
43.9729642868042,0.00042,2
43.97349524497986,0.00042,2
43.97401285171509,0.00042,2
43.978089332580566,0.00042,2
43.978089332580566,0.00042,2
43.978089332580566,0.00042,2
43.978089332580566,0.00042,2
43.978089332580566,0.00042,2
43.97911858558655,0.00042,2
43.97911858558655,0.00042,2
43.97911858558655,0.00042,2
43.980477809906006,0.00042,2
43.9815149307251,0.00042,2
43.9830436706543,0.00042,2
43.98349070549011,0.00042,2
43.985042572021484,0.00042,2
43.985464334487915,0.00042,2
43.98704528808594,2e-05,2
43.98743438720703,0.0,2
43.98898100852966,0.0,2
43.99001884460449,0.0,2
43.9909782409668,0.0,2
43.99197721481323,0.0,2
43.99303913116455,0.0,2
43.99398684501648,0.0,2
43.99499487876892,0.0,2
43.99603843688965,0.0,2
43.99704098701477,0.0,2
43.998072147369385,0.0,2
43.9989800453186,0.0,2
44.00058317184448,0.0,2
44.00058317184448,0.0,2
44.00159430503845,0.0,2
44.00266408920288,0.0,2
44.003594398498535,0.0,2
44.00504446029663,0.0,2
44.00605797767639,0.0,2
44.00705814361572,0.0,2
44.012075424194336,0.0,2
44.01306104660034,0.0,2
44.01406812667847,0.0,2
44.01506495475769,0.0,2
44.01506495475769,0.0,2
44.01606345176697,0.0,2
44.01852107048035,0.0,2
44.019625186920166,0.0,2
44.020981788635254,0.0,2
44.02234673500061,0.0,2
44.02234673500061,0.0,2
44.023746490478516,0.0,2
44.02474498748779,0.0,2
44.02474498748779,0.0,2
44.02474498748779,0.0,2
44.02474498748779,0.0,2
44.026047468185425,0.0,2
44.026047468185425,0.0,2
44.026047468185425,0.0,2
44.027538537979126,0.0,2
44.03169345855713,0.0,2
44.03169345855713,0.0,2
44.03169345855713,0.0,2
44.03169345855713,0.0,2
44.03169345855713,0.0,2
44.032835483551025,0.0,2
44.03406858444214,0.0,2
44.035032987594604,0.0,2
44.036046743392944,0.0,2
44.037049531936646,0.0,2
44.03804612159729,0.0,2
44.03904914855957,0.00029,2
44.040048360824585,0.0,2
44.04104733467102,0.0,2
44.042046308517456,0.0,2
44.04306125640869,0.0,2
44.044071197509766,0.0,2
44.04505944252014,0.0,2
44.04640173912048,0.0,2
44.04740810394287,0.0,2
44.04740810394287,0.0,2
44.04840087890625,0.0,2
44.0495388507843,0.0,2
44.0505166053772,0.0,2
44.05198621749878,0.0,2
44.05302166938782,0.0,2
44.05403232574463,0.0,2
44.05496406555176,0.0,2
44.055351972579956,0.0,2
44.056373596191406,0.0,2
44.057398319244385,0.0,2
44.05938124656677,0.0,2
44.05938124656677,0.0,2
44.06039023399353,0.0,2
44.0613751411438,0.0003,2
44.06337857246399,0.0,2
44.06438064575195,0.0,2
44.065423011779785,0.0,2
44.0664267539978,0.0,2
44.06737804412842,0.0,2
44.06737804412842,0.0,2
44.069469928741455,0.0,2
44.07150983810425,0.0,2
44.078209400177,0.0,2
44.080015897750854,0.0,2
44.08058500289917,0.0,2
44.08270883560181,0.0,2
44.0866014957428,0.0,2
44.087668895721436,0.0,2
44.087668895721436,0.0,2
44.08871650695801,0.0,2
44.08871650695801,0.0,2
44.08976888656616,0.0,2
44.09028387069702,0.0,2
44.09028387069702,0.0,2
44.094425678253174,0.0,2
44.09493350982666,0.0,2
44.09493350982666,0.0,2
44.09493350982666,0.0,2
44.09493350982666,0.0,2
44.09493350982666,0.0,2
44.09493350982666,0.0,2
44.09493350982666,0.0,2
44.09493350982666,0.0,2
44.09594917297363,0.0,2
44.09594917297363,0.0,2
44.09594917297363,0.0,2
44.09594917297363,0.0,2
44.09594917297363,0.0,2
44.09645938873291,0.0,2
44.097492933273315,0.00026,2
44.09848999977112,0.00026,2
44.10046458244324,0.00069,2
44.10105228424072,0.00069,2
44.10211682319641,0.00069,2
44.10313630104065,0.00069,2
44.104106187820435,0.00069,2
44.10509204864502,0.00069,2
44.10611701011658,0.00069,2
44.107102155685425,0.00069,2
44.108105421066284,0.00069,2
44.10911226272583,0.00069,2
44.11009860038757,0.00069,2
44.111100912094116,0.00069,2
44.112098693847656,0.00069,2
44.11310648918152,0.00069,2
44.11412024497986,0.00069,2
44.11509871482849,0.00069,2
44.11711359024048,0.00069,2
44.11711359024048,0.00069,2
44.11810255050659,0.00069,2
44.119110345840454,0.00069,2
44.12010192871094,0.00069,2
44.121105670928955,0.00068,2
44.12211322784424,0.00068,2
44.12309980392456,0.00068,2
44.123969316482544,0.00068,2
44.12499785423279,0.00068,2
44.12608623504639,0.0,2
44.12677264213562,0.0,2
44.12782168388367,0.0,2
44.12882447242737,0.0,2
44.12982773780823,0.0,2
44.13083600997925,0.0,2
44.13281846046448,0.0,2
44.133816957473755,0.0,2
44.13686537742615,0.0,2
44.13686537742615,0.0,2
44.13686537742615,0.0,2
44.13686537742615,0.0,2
44.13786721229553,0.0,2
44.13886308670044,0.0,2
44.139867067337036,0.0,2
44.143866300582886,0.0,2
44.143866300582886,0.0,2
44.143866300582886,0.0,2
44.145302295684814,0.0,2
44.145302295684814,0.0,2
44.145965337753296,0.0,2
44.145965337753296,0.0,2
44.14787745475769,0.0,2
44.149104833602905,0.0,2
44.150099992752075,0.0,2
44.150099992752075,0.0,2
44.15131425857544,0.0,2
44.152307748794556,0.0,2
44.15331721305847,0.0,2
44.15430784225464,0.0,2
44.15531396865845,0.0,2
44.15630793571472,0.0,2
44.15731358528137,0.0,2
44.158307790756226,6e-05,2
44.159313917160034,6e-05,2
44.16133165359497,6e-05,2
44.16133165359497,6e-05,2
44.16234493255615,6e-05,2
44.163331031799316,6e-05,2
44.16497540473938,6e-05,2
44.16611695289612,6e-05,2
44.1671257019043,6e-05,2
44.16812539100647,6e-05,2
44.1691255569458,6e-05,2
44.17012548446655,6e-05,2
44.17012548446655,6e-05,2
44.17149782180786,6e-05,2
44.17256307601929,6e-05,2
44.17379593849182,6e-05,2
44.17483401298523,6e-05,2
44.175832748413086,6e-05,2
44.17682337760925,6e-05,2
44.177823066711426,0.0,2
44.18083453178406,0.0,2
44.18180966377258,0.0,2
44.18618321418762,0.0,2
44.18618321418762,0.0,2
44.18618321418762,0.0,2
44.18769097328186,0.0,2
44.18769097328186,0.0,2
44.18769097328186,0.0,2
44.18769097328186,0.0,2
44.18769097328186,0.0,2
44.18916082382202,0.0,2
44.19017481803894,0.0,2
44.191174268722534,0.0,2
44.19617223739624,0.0,2
44.19617223739624,0.0,2
44.19617223739624,0.0,2
44.19617223739624,0.0,2
44.19617223739624,0.0,2
44.197213649749756,0.0,2
44.19823408126831,0.0,2
44.199172019958496,0.0,2
44.199172019958496,0.0,2
44.20176291465759,0.0,2
44.20176291465759,0.0,2
44.202728033065796,0.00025,2
44.20371341705322,0.00025,2
44.20497179031372,0.00025,2
44.205907583236694,0.00025,2
44.20702290534973,0.00025,2
44.20804190635681,0.00025,2
44.20903396606445,0.00025,2
44.210031509399414,0.00025,2
44.21103549003601,0.00025,2
44.21203088760376,0.00025,2
44.2130331993103,0.00025,2
44.21403169631958,0.00025,2
44.21503305435181,0.00025,2
44.216031312942505,0.00025,2
44.21703314781189,0.00025,2
44.21803164482117,0.00025,2
44.219043016433716,0.00025,2
44.220032691955566,0.00025,2
44.221031665802,0.00025,2
44.222031593322754,0.00025,2
44.223031759262085,7e-05,2
44.22403168678284,0.00011,2
44.230039834976196,0.00011,2
44.23154258728027,0.00011,2
44.23154258728027,0.00011,2
44.23154258728027,0.00011,2
44.233113288879395,0.00011,2
44.23412585258484,0.00011,2
44.235273361206055,0.00011,2
44.236281394958496,0.00011,2
44.236281394958496,0.00011,2
44.236281394958496,0.00011,2
44.2374062538147,0.00011,2
44.2448365688324,0.00011,2
44.2448365688324,0.00062,2
44.2448365688324,0.00062,2
44.245914936065674,0.00026,2
44.245914936065674,0.00026,2
44.245914936065674,0.00026,2
44.24695444107056,0.00026,2
44.24695444107056,0.00026,2
44.24695444107056,0.00026,2
44.24695444107056,0.00026,2
44.24801325798035,0.00026,2
44.24801325798035,0.00026,2
44.24801325798035,0.00026,2
44.24801325798035,0.00026,2
44.24980711936951,0.00026,2
44.25087094306946,0.00026,2
44.251967430114746,0.00026,2
44.25301432609558,0.00026,2
44.254021644592285,0.00026,2
44.255080223083496,0.00026,2
44.25597810745239,0.00026,2
44.25697636604309,0.00026,2
44.258047103881836,0.00026,2
44.25904607772827,0.00026,2
44.26004648208618,0.0,2
44.261051416397095,0.0,2
44.262080669403076,8e-05,2
44.263047218322754,8e-05,2
44.26405596733093,8e-05,2
44.26504850387573,8e-05,2
44.266066789627075,8e-05,2
44.26705265045166,8e-05,2
44.268049001693726,8e-05,2
44.269047498703,8e-05,2
44.27019166946411,8e-05,2
44.271199226379395,8e-05,2
44.273359298706055,8e-05,2
44.27536988258362,0.00029,2
44.27636981010437,0.00029,2
44.27636981010437,0.00029,2
44.27835178375244,0.00029,2
44.279356718063354,0.00029,2
44.281779766082764,0.00029,2
44.282947301864624,0.00029,2
44.28394651412964,0.0,2
44.28394651412964,0.0,2
44.28494596481323,0.0,2
44.28494596481323,0.0,2
44.28810739517212,0.0,2
44.28810739517212,0.0,2
44.28810739517212,0.0,2
44.28910183906555,0.0,2
44.28910183906555,0.0,2
44.28910183906555,0.0,2
44.2900652885437,0.0,2
44.290974617004395,0.0,2
44.29221248626709,0.0,2
44.29221248626709,0.0,2
44.2942681312561,0.0,2
44.295451164245605,0.00056,2
44.29642367362976,0.0,2
44.29642367362976,0.00016,2
44.297425270080566,0.00016,2
44.29885935783386,0.00016,2
44.29991412162781,0.00016,2
44.30091214179993,0.00016,2
44.30201554298401,0.00016,2
44.30251932144165,0.00016,2
44.303589820861816,0.00016,2
44.30462908744812,0.00016,2
44.30565142631531,0.00016,2
44.306654930114746,0.00016,2
44.307629108428955,0.00016,2
44.308600425720215,0.00016,2
44.30963158607483,0.00016,2
44.31159996986389,0.00016,2
44.31159996986389,0.00016,2
44.31297206878662,0.00016,2
44.313966035842896,0.00016,2
44.314661502838135,0.00016,2
44.31590747833252,0.00016,2
44.31690979003906,0.00016,2
44.31817102432251,0.00013,2
44.322447538375854,0.00013,2
44.32345247268677,5e-05,2
44.32345247268677,5e-05,2
44.32445192337036,5e-05,2
44.32445192337036,5e-05,2
44.32445192337036,5e-05,2
44.32545304298401,5e-05,2
44.32644844055176,5e-05,2
44.327457904815674,5e-05,2
44.32844567298889,5e-05,2
44.32886075973511,5e-05,2
44.33285903930664,5e-05,2
44.33285903930664,0.0,2
44.33285903930664,0.0,2
44.33285903930664,0.0,2
44.33411240577698,0.0,2
44.33411240577698,0.0,2
44.33611059188843,0.0,2
44.33711838722229,0.00031,2
44.3381130695343,0.00031,2
44.339128255844116,0.00031,2
44.34011697769165,0.00031,2
44.34115719795227,0.00031,2
44.34213995933533,0.00031,2
44.34314036369324,0.00031,2
44.344152212142944,0.00031,2
44.345168113708496,0.00031,2
44.34611439704895,0.00031,2
44.34697651863098,0.00031,2
44.348122119903564,0.00031,2
44.3489773273468,0.00031,2
44.3489773273468,0.00031,2
44.35032606124878,0.00031,2
44.351324796676636,0.00031,2
44.35232448577881,0.00031,2
44.35332655906677,0.00031,2
44.35432434082031,0.00031,2
44.3553249835968,0.00031,2
44.35632586479187,0.00031,2
44.357324838638306,0.00031,2
44.35832452774048,0.00031,2
44.35932469367981,0.00031,2
44.36133813858032,0.0,2
44.362335443496704,0.0,2
44.364911794662476,0.0,2
44.368035554885864,0.0,2
44.369043588638306,0.0,2
44.36957859992981,0.0,2
44.36957859992981,0.0,2
44.37008547782898,0.0,2
44.37008547782898,0.0,2
44.37008547782898,0.0,2
44.371094942092896,0.0,2
44.37315344810486,0.0,2
44.37699508666992,0.0,2
44.37699508666992,0.0,2
44.37699508666992,1e-05,2
44.37699508666992,0.0,2
44.37699508666992,0.0,2
44.37822079658508,0.0,2
44.3788104057312,0.0,2
44.37931537628174,0.0,2
44.38032126426697,0.0,2
44.38190984725952,0.0,2
44.38236927986145,0.0,2
44.383400201797485,0.0,2
44.38498330116272,0.0,2
44.38537073135376,0.0,2
44.386932373046875,0.0,2
44.38793206214905,0.0,2
44.38898777961731,0.0,2
44.38995599746704,0.0,2
44.39098644256592,0.0,2
44.39198184013367,0.0,2
44.39298605918884,0.0,2
44.39298605918884,0.0,2
44.39437699317932,0.0,2
44.39622449874878,0.0,2
44.397233963012695,0.0,2
44.397233963012695,0.0,2
44.39823246002197,0.0,2
44.399232387542725,0.0,2
44.40123248100281,0.0,2
44.40123248100281,0.0,2
44.402294635772705,0.0,2
44.40335512161255,0.0,2
44.40520644187927,0.0,2
44.40520644187927,0.0,2
44.40721392631531,0.0,2
44.4082293510437,0.0,2
44.4082293510437,0.0,2
44.410330295562744,0.0,2
44.41454482078552,0.0,2
44.41454482078552,0.0,2
44.41597604751587,0.0,2
44.416983127593994,0.0,2
44.41748762130737,0.0,2
44.418997049331665,0.0,2
44.418997049331665,0.0,2
44.418997049331665,0.0,2
44.420042991638184,0.0,2
44.420042991638184,0.0,2
44.42311096191406,0.0,2
44.42311096191406,0.0,2
44.424689292907715,0.0,2
44.424689292907715,0.0,2
44.424689292907715,0.0,2
44.425734996795654,0.0,2
44.426820039749146,0.0,2
44.42843294143677,0.0,2
44.42843294143677,0.0,2
44.4299852848053,0.0,2
44.430516481399536,0.0,2
44.43153214454651,0.0,2
44.433000564575195,0.0,2
44.43402314186096,0.0,2
44.43402314186096,0.0,2
44.435829401016235,0.0,2
44.43693494796753,0.0,2
44.438077211380005,0.0,2
44.438077211380005,0.0,2
44.43996334075928,0.0,2
44.440799713134766,0.0,2
44.44206786155701,0.0,2
44.44326901435852,0.0,2
44.44326901435852,0.0,2
44.445271730422974,0.0,2
44.446322202682495,0.0,2
44.44727611541748,0.0,2
44.448277950286865,0.0,2
44.44930839538574,0.0,2
44.44930839538574,0.0,2
44.45127725601196,0.0,2
44.45127725601196,0.0,2
44.4532904624939,0.0,2
44.454277992248535,0.0,2
44.454277992248535,0.0,2
44.46015477180481,0.0,2
44.46315836906433,0.0001,2
44.4641478061676,0.0001,2
44.46914744377136,0.0001,2
44.46914744377136,0.0001,2
44.46914744377136,0.0001,2
44.46914744377136,0.0001,2
44.46914744377136,0.0,2
44.46914744377136,0.0,2
44.46914744377136,0.0,2
44.46914744377136,0.0,2
44.470165729522705,0.0,2
44.470165729522705,0.0,2
44.470165729522705,0.0,2
44.470165729522705,0.0,2
44.47114396095276,0.0,2
44.47197508811951,0.0,2
44.47260785102844,0.00028,2
44.4736967086792,0.00028,2
44.47473096847534,0.00028,2
44.475711822509766,0.00028,2
44.47664737701416,0.00028,2
44.47771596908569,0.00028,2
44.479243755340576,0.00028,2
44.479777812957764,0.00028,2
44.4808669090271,0.00028,2
44.481860876083374,0.00028,2
44.48382639884949,0.00028,2
44.48382639884949,0.00028,2
44.48479747772217,0.00028,2
44.48590040206909,0.00028,2
44.48700022697449,0.00028,2
44.4883189201355,0.00028,2
44.489041328430176,0.00028,2
44.49008321762085,0.00028,2
44.49109482765198,0.00028,2
44.49209022521973,0.00028,2
44.49308967590332,0.00046,2
44.49409317970276,0.00046,2
44.49509072303772,0.0,2
44.49709939956665,0.0,2
44.49709939956665,0.0,2
44.499101638793945,0.0,2
44.499101638793945,0.0,2
44.50010561943054,0.0,2
44.5010941028595,0.0,2
44.50232243537903,0.0,2
44.504218339920044,0.0,2
44.50522994995117,0.0,2
44.50522994995117,0.0,2
44.5092134475708,0.0,2
44.51021480560303,0.00021,2
44.511436223983765,0.00021,2
44.51243495941162,0.00021,2
44.51873302459717,0.00021,2
44.51873302459717,0.00021,2
44.51873302459717,0.00021,2
44.51873302459717,0.00021,2
44.51972985267639,7e-05,2
44.51972985267639,7e-05,2
44.51972985267639,7e-05,2
44.51972985267639,7e-05,2
44.51972985267639,7e-05,2
44.51972985267639,7e-05,2
44.520729780197144,7e-05,2
44.520997047424316,7e-05,2
44.522013425827026,7e-05,2
44.523005962371826,7e-05,2
44.52397608757019,7e-05,2
44.52397608757019,7e-05,2
44.525975704193115,7e-05,2
44.52703332901001,7e-05,2
44.52801489830017,7e-05,2
44.5290162563324,0.0,2
44.53005862236023,0.0,2
44.531014919281006,9e-05,2
44.53203010559082,9e-05,2
44.533015966415405,9e-05,2
44.53402543067932,9e-05,2
44.53505349159241,9e-05,2
44.53622579574585,9e-05,2
44.53721475601196,9e-05,2
44.53821682929993,9e-05,2
44.53821682929993,0.0,2
44.54021620750427,0.0,2
44.541213035583496,0.0,2
44.541213035583496,0.0,2
44.542967081069946,0.0,2
44.54403066635132,0.0,2
44.54501247406006,0.0,2
44.54702568054199,0.0,2
44.54702568054199,0.0,2
44.54801058769226,0.0,2
44.55400991439819,0.0,2
44.555009841918945,0.0,2
44.555009841918945,0.0,2
44.556010007858276,0.0,2
44.556010007858276,0.0,2
44.556010007858276,0.0,2
44.55710244178772,0.0,2
44.55710244178772,0.0,2
44.55815887451172,0.0,2
44.55815887451172,0.0,2
44.5592041015625,0.0,2
44.56021285057068,0.0,2
44.56752896308899,0.0,2
44.56752896308899,0.0,2
44.56752896308899,0.0,2
44.56752896308899,0.0,2
44.56854438781738,0.0,2
44.56854438781738,0.0,2
44.56854438781738,0.0,2
44.56854438781738,0.0,2
44.56905126571655,0.0,2
44.570056438446045,0.0,2
44.570425033569336,0.0,2
44.571455240249634,0.0,2
44.57243299484253,0.0,2
44.57349610328674,0.0,2
44.574559926986694,0.0,2
44.575573205947876,0.0,2
44.57663011550903,0.0,2
44.57762145996094,0.0,2
44.578638792037964,0.0,2
44.58065676689148,0.0,2
44.58065676689148,0.0,2
44.58163285255432,0.0,2
44.583656311035156,2e-05,2
44.583656311035156,2e-05,2
44.58562135696411,2e-05,2
44.58562135696411,2e-05,2
44.587106466293335,2e-05,2
44.588109731674194,2e-05,2
44.589107036590576,2e-05,2
44.589107036590576,2e-05,2
44.5906240940094,2e-05,2
44.59207606315613,2e-05,2
44.59290552139282,2e-05,2
44.59397625923157,2e-05,2
44.6035099029541,2e-05,2
44.60530972480774,2e-05,2
44.60530972480774,2e-05,2
44.6063232421875,2e-05,2
44.6063232421875,2e-05,2
44.607457637786865,2e-05,2
44.607457637786865,2e-05,2
44.60847353935242,2e-05,2
44.609474897384644,0.0,2
44.609474897384644,0.0,2
44.609474897384644,0.0,2
44.61045217514038,0.0,2
44.61045217514038,0.0,2
44.61145305633545,0.0,2
44.61246180534363,0.0,2
44.6134729385376,0.0,2
44.62145662307739,0.0,2
44.62145662307739,0.0,2
44.62145662307739,0.0,2
44.62145662307739,0.0,2
44.622520446777344,0.0,2
44.622520446777344,0.0,2
44.622520446777344,0.0,2
44.623453855514526,0.0,2
44.623453855514526,0.0,2
44.623453855514526,0.0,2
44.623453855514526,0.0,2
44.623453855514526,0.0,2
44.623453855514526,0.0,2
44.62448835372925,0.0,2
44.624860763549805,0.0,2
44.62589454650879,0.0,2
44.626874923706055,0.0,2
44.62787413597107,0.0,2
44.62897276878357,0.0,2
44.629974126815796,0.0,2
44.63101816177368,0.0,2
44.632017374038696,0.0,2
44.63301634788513,0.0,2
44.63401651382446,0.0,2
44.635016679763794,0.0,2
44.63601803779602,0.0,2
44.6370165348053,0.0,2
44.63801670074463,0.0,2
44.63901662826538,0.0,2
44.640018701553345,0.0,2
44.641028881073,0.0,2
44.64303755760193,0.0,2
44.64703321456909,0.0,2
44.64703321456909,0.0,2
44.64703321456909,0.0,2
44.6488823890686,0.0,2
44.649890661239624,0.0,2
44.649890661239624,0.0,2
44.649890661239624,0.0,2
44.65101408958435,0.0,2
44.65101408958435,0.0,2
44.65202069282532,0.0,2
44.65305280685425,0.0,2
44.65722966194153,0.0,2
44.65722966194153,0.0,2
44.65722966194153,0.0,2
44.65722966194153,0.0,2
44.65722966194153,0.0,2
44.65880107879639,0.0,2
44.65987706184387,0.0,2
44.661019802093506,0.0,2
44.661019802093506,1e-05,2
44.662614822387695,1e-05,2
44.6636700630188,1e-05,2
44.664729595184326,1e-05,2
44.665788412094116,1e-05,2
44.665788412094116,1e-05,2
44.667272329330444,1e-05,2
44.668975591659546,1e-05,2
44.669278621673584,1e-05,2
44.670671701431274,1e-05,2
44.67173981666565,1e-05,2
44.672786474227905,1e-05,2
44.673908948898315,1e-05,2
44.67503070831299,0.0,2
44.67602825164795,0.0,2
44.67703461647034,0.0,2
44.678032875061035,0.0,2
44.67903470993042,0.0,2
44.68003845214844,0.0,2
44.68103885650635,0.0,2
44.68203830718994,0.0,2
44.68303370475769,0.0,2
44.68404579162598,1e-05,2
44.68404579162598,0.0,2
44.685524463653564,0.0,2
44.6865713596344,0.0,2
44.68760395050049,0.0,2
44.6899847984314,0.0,2
44.69301795959473,0.0,2
44.69301795959473,0.0,2
44.69301795959473,0.0,2
44.69401502609253,0.0,2
44.69401502609253,0.0,2
44.696019649505615,0.0,2
44.697081089019775,0.0,2
44.700029134750366,0.0,2
44.70153498649597,0.0,2
44.7025580406189,0.0,2
44.7025580406189,0.0,2
44.703571796417236,0.0,2
44.70557141304016,0.0,2
44.7065634727478,0.0,2
44.71182155609131,0.0,2
44.71182155609131,0.0,2
44.71182155609131,0.0,2
44.71182155609131,0.0,2
44.71182155609131,0.0,2
44.71182155609131,0.0,2
44.71182155609131,0.0,2
44.71182155609131,0.0,2
44.71182155609131,0.0,2
44.71296405792236,0.0,2
44.71407723426819,0.0,2
44.71508574485779,0.0,2
44.71597337722778,0.0,2
44.71707606315613,0.0,2
44.71707606315613,0.0,2
44.71821212768555,0.0,2
44.719330072402954,0.0,2
44.720324754714966,0.0,2
44.72132635116577,1e-05,2
44.723326683044434,1e-05,2
44.723326683044434,1e-05,2
44.72448444366455,1e-05,2
44.72654843330383,1e-05,2
44.72654843330383,1e-05,2
44.727967977523804,1e-05,2
44.729270696640015,1e-05,2
44.73026990890503,1e-05,2
44.73026990890503,1e-05,2
44.73164486885071,1e-05,2
44.73262000083923,1e-05,2
44.73363709449768,1e-05,2
44.73761987686157,1e-05,2
44.73761987686157,1e-05,2
44.73862051963806,1e-05,2
44.73862051963806,1e-05,2
44.739649057388306,1e-05,2
44.739649057388306,1e-05,2
44.741647481918335,1e-05,2
44.741647481918335,0.0,2
44.74802327156067,0.0,2
44.75201940536499,0.0,2
44.75201940536499,0.0,2
44.753034353256226,0.0,2
44.753034353256226,0.0,2
44.75405263900757,0.0,2
44.75405263900757,0.0,2
44.75405263900757,0.0,2
44.75405263900757,0.0,2
44.75405263900757,0.0,2
44.75504231452942,0.0,2
44.75504231452942,0.0,2
44.75504231452942,0.0,2
44.75604200363159,0.0,2
44.75701427459717,0.0,2
44.75802683830261,0.0,2
44.75802683830261,0.0,2
44.75934076309204,0.0,2
44.76081991195679,0.0,2
44.76187300682068,0.0,2
44.76283574104309,0.0,2
44.763816833496094,0.0,2
44.76495337486267,0.0,2
44.766090869903564,0.0,2
44.76706385612488,0.0,2
44.76706385612488,0.0,2
44.768285274505615,0.0,2
44.76927590370178,0.0,2
44.77025318145752,0.0,2
44.77127265930176,0.0,2
44.77227330207825,0.0,2
44.773273944854736,0.0,2
44.775288581848145,0.0,2
44.775288581848145,0.0,2
44.77737784385681,0.0,2
44.778374433517456,0.0,2
44.77973031997681,0.0,2
44.77973031997681,0.0,2
44.78175759315491,0.0,2
44.78857398033142,0.0,2
44.78959131240845,1e-05,2
44.78959131240845,1e-05,2
44.79056143760681,1e-05,2
44.79155874252319,1e-05,2
44.79155874252319,1e-05,2
44.792560338974,1e-05,2
44.79356145858765,1e-05,2
44.7946138381958,1e-05,2
44.79559350013733,1e-05,2
44.796571254730225,1e-05,2
44.79756045341492,1e-05,2
44.80020761489868,1e-05,2
44.80623531341553,1e-05,2
44.807233572006226,1e-05,2
44.807233572006226,1e-05,2
44.807233572006226,1e-05,2
44.807233572006226,1e-05,2
44.807233572006226,1e-05,2
44.807233572006226,0.0,2
44.807233572006226,0.0,2
44.807233572006226,0.0,2
44.807233572006226,0.0,2
44.807233572006226,0.0,2
44.80820846557617,0.0,2
44.80820846557617,0.0,2
44.80820846557617,0.0,2
44.80897498130798,0.0,2
44.810423374176025,0.0,2
44.810423374176025,0.0,2
44.811728954315186,0.0,2
44.81319332122803,0.0,2
44.81397247314453,0.0,2
44.814671993255615,0.0,2
44.815943002700806,0.0,2
44.81700158119202,0.0,2
44.81795310974121,0.0,2
44.81901264190674,0.0,2
44.82005333900452,0.0,2
44.82105898857117,0.0,2
44.82205557823181,0.0,2
44.82305383682251,0.0,2
44.82405686378479,0.0,2
44.825384855270386,0.0,2
44.825384855270386,0.0,2
44.826350927352905,0.0,2
44.83581018447876,0.0,2
44.83675575256348,0.0,2
44.837774991989136,0.0,2
44.837774991989136,0.0,2
44.838754177093506,0.0,2
44.84005117416382,0.0,2
44.84005117416382,0.0,2
44.84005117416382,0.0,2
44.84105038642883,0.0,2
44.84204983711243,0.0,2
44.84204983711243,0.0,2
44.843050479888916,0.0,2
44.843050479888916,0.0,2
44.84405541419983,0.0,2
44.84405541419983,0.0,2
44.845057010650635,0.0,2
44.845057010650635,0.0,2
44.84896636009216,0.0,2
44.84896636009216,0.0,2
44.84896636009216,0.0,2
44.84896636009216,0.0,2
44.84896636009216,0.0,2
44.850085973739624,0.0,2
44.85107111930847,0.0,2
44.85107111930847,0.0,2
44.85221481323242,0.0,2
44.853265047073364,0.0,2
44.854230642318726,0.0,2
44.85526442527771,0.0,2
44.857226848602295,0.0,2
44.857226848602295,0.0,2
44.8582661151886,0.0,2
44.8602659702301,0.0,2
44.8602659702301,0.0,2
44.861231327056885,0.0,2
44.86322903633118,0.0,2
44.86322903633118,0.0,2
44.86522889137268,0.0,2
44.86522889137268,0.0,2
44.86630988121033,0.0,2
44.8673141002655,0.0,2
44.869025230407715,0.0,2
44.86989736557007,0.0,2
44.87120056152344,0.0,2
44.872199296951294,0.0,2
44.872199296951294,0.0,2
44.87329959869385,1e-05,2
44.874369621276855,1e-05,2
44.87540817260742,1e-05,2
44.877419233322144,1e-05,2
44.87842869758606,1e-05,2
44.87842869758606,1e-05,2
44.880213260650635,2e-05,2
44.88123798370361,2e-05,2
44.88174891471863,2e-05,2
44.8822557926178,2e-05,2
44.88328576087952,2e-05,2
44.88432192802429,2e-05,2
44.88533926010132,2e-05,2
44.88697600364685,2e-05,2
44.88734245300293,2e-05,2
44.889562129974365,2e-05,2
44.893622159957886,2e-05,2
44.89515161514282,2e-05,2
44.89565896987915,2e-05,2
44.89565896987915,2e-05,2
44.90130066871643,2e-05,2
44.90130066871643,2e-05,2
44.90130066871643,0.0,2
44.90184664726257,0.0,2
44.90184664726257,0.0,2
44.90184664726257,0.0,2
44.90184664726257,0.0,2
44.90184664726257,0.0,2
44.90184664726257,0.0,2
44.90294551849365,0.0,2
44.90397381782532,0.0,2
44.90442943572998,0.0,2
44.90546917915344,0.0,2
44.90654158592224,0.0,2
44.90749764442444,0.0,2
44.908493995666504,0.0,2
44.90949273109436,0.0,2
44.91051959991455,0.0,2
44.91149401664734,0.0,2
44.91249418258667,0.0,2
44.91354060173035,0.0,2
44.91455292701721,0.0,2
44.915589332580566,0.0,2
44.91655158996582,0.0,2
44.91755747795105,0.0,2
44.918550968170166,0.0,2
44.91956353187561,0.0,2
44.921072244644165,0.0,2
44.921072244644165,0.0,2
44.92298197746277,0.0,2
44.924052000045776,0.0,2
44.924973249435425,0.0,2
44.924973249435425,0.0,2
44.92724323272705,0.0,2
44.92821931838989,0.0,2
44.9290828704834,0.0,2
44.93053436279297,0.0,2
44.93104887008667,0.0,2
44.93156433105469,0.0,2
44.93308424949646,0.0,2
44.93362379074097,0.0,2
44.93581771850586,0.0,2
44.93682789802551,0.0,2
44.94010782241821,0.0,2
44.941216707229614,0.0,2
44.943421363830566,0.0,2
44.94445323944092,0.0,2
44.94546461105347,0.0,2
44.94597363471985,0.0,2
44.9464852809906,0.0,2
44.9464852809906,0.0,2
44.9464852809906,0.0,2
44.9464852809906,0.0,2
44.9464852809906,0.0,2
44.95080804824829,0.0,2
44.95080804824829,0.0,2
44.95184016227722,0.0,2
44.95184016227722,0.0,2
44.95184016227722,0.0,2
44.95184016227722,0.0,2
44.95396327972412,0.0,2
44.95491623878479,0.0,2
44.955971002578735,0.0,2
44.956968545913696,0.0,2
44.957929849624634,0.0,2
44.95897102355957,0.0,2
44.95997071266174,0.0,2
44.960962772369385,0.0,2
44.961931467056274,0.0,2
44.962975025177,0.0,2
44.96396851539612,0.0,2
44.96600127220154,0.0,2
44.96600127220154,0.0,2
44.96693444252014,0.0,2
44.967947244644165,0.0,2
44.96922445297241,0.0,2
44.97055435180664,0.0,2
44.97055435180664,0.0,2
44.971582651138306,0.0,2
44.972548961639404,0.0,2
44.97363209724426,0.0,2
44.974973917007446,0.0,2
44.97591018676758,0.0,2
44.97692584991455,0.0,2
44.978243350982666,0.0,2
44.97924494743347,0.0,2
44.98017859458923,0.0,2
44.981199979782104,0.0,2
44.98235750198364,0.0,2
44.98543691635132,0.0,2
44.98656964302063,0.0,2
44.98656964302063,0.0,2
44.98656964302063,0.0,2
44.98656964302063,0.0,2
44.9879424571991,0.0,2
44.98895454406738,0.0,2
44.99400305747986,0.0,2
44.99495887756348,0.0,2
44.99495887756348,0.0,2
44.99495887756348,0.0,2
44.99495887756348,0.0,2
44.99495887756348,0.0,2
44.99595355987549,0.0,2
44.997000217437744,0.0,2
44.997851848602295,0.0,2
44.99887466430664,0.0,2
44.99997591972351,0.0,2
45.00096297264099,0.0,2
45.00146770477295,0.0,2
45.002474546432495,0.0,2
45.00348377227783,0.0,2
45.00448298454285,0.0,2
45.00548434257507,0.0,2
45.00648307800293,0.0,2
45.00748348236084,0.0,2
45.008554220199585,0.0,2
45.009485721588135,0.0,2
45.01086235046387,0.0,2
45.01197338104248,0.0,2
45.01318693161011,0.0,2
45.01318693161011,0.0,2
45.01454162597656,0.0,2
45.01555633544922,0.0,2
45.01655697822571,0.0,2
45.0175564289093,0.0,2
45.019038438797,0.0,2
45.019973278045654,0.0,2
45.02101159095764,0.0,2
45.0220103263855,0.0,2
45.02301359176636,0.0,2
45.02401041984558,0.0,2
45.02501058578491,0.0,2
45.02601480484009,0.0,2
45.027015686035156,0.0,2
45.028034687042236,0.0,2
45.02884316444397,0.0,2
45.034247398376465,0.0,2
45.03525376319885,0.0,2
45.03525376319885,0.0,2
45.036418199539185,0.0,2
45.036418199539185,0.0,2
45.036418199539185,0.0,2
45.036418199539185,0.0,2
45.03744983673096,0.0,2
45.03850603103638,0.0,2
45.03850603103638,0.0,2
45.043890714645386,0.0,2
45.043890714645386,0.0,2
45.043890714645386,0.0,2
45.043890714645386,0.0,2
45.043890714645386,0.0,2
45.04492378234863,0.0,2
45.04492378234863,0.0,2
45.04650330543518,0.0,2
45.047754526138306,0.0,2
45.048834562301636,0.0,2
45.04989504814148,0.0,2
45.05095338821411,0.0,2
45.05205941200256,0.0,2
45.053067445755005,0.0,2
45.05343270301819,0.0,2
45.05444288253784,0.0,2
45.05543923377991,0.0,2
45.05644369125366,0.0,2
45.05743908882141,0.0,2
45.058443784713745,0.0,2
45.059444189071655,0.0,2
45.06045746803284,0.0,2
45.06145095825195,0.0,2
45.0629608631134,0.0,2
45.06398963928223,0.0,2
45.06501007080078,0.0,2
45.0660080909729,0.0,2
45.06701898574829,0.0,2
45.06800675392151,0.0,2
45.06901288032532,0.0,2
45.07000756263733,0.0,2
45.07105255126953,0.0,2
45.07197427749634,1e-05,2
45.07197427749634,0.0,2
45.073972940444946,0.0,2
45.073972940444946,0.0,2
45.07526636123657,0.0,2
45.079538106918335,0.0,2
45.0834379196167,0.0,2
45.08444142341614,0.0,2
45.08444142341614,0.0,2
45.08444142341614,0.0,2
45.08444142341614,0.0,2
45.08543515205383,0.0,2
45.08543515205383,0.0,2
45.08543515205383,0.0,2
45.08543515205383,0.0,2
45.08745193481445,0.0,2
45.08745193481445,0.0,2
45.09232139587402,0.0,2
45.09232139587402,0.0,2
45.09354114532471,0.0,2
45.09354114532471,0.0,2
45.09354114532471,0.0,2
45.09354114532471,0.0,2
45.094566345214844,0.0,2
45.09602355957031,0.0,2
45.096972942352295,0.0,2
45.09801411628723,0.0,2
45.099035024642944,0.0,2
45.10001254081726,0.0,2
45.10001254081726,0.0,2
45.101523876190186,0.0,2
45.10253119468689,0.0,2
45.103537797927856,0.0,2
45.10458588600159,0.0,2
45.10553812980652,0.0,2
45.106563329696655,0.0,2
45.1078577041626,0.0,2
45.109113693237305,0.0,2
45.109113693237305,0.0,2
45.11163830757141,0.0,2
45.11261296272278,0.0,2
45.11261296272278,0.0,2
45.11471199989319,0.0,2
45.11471199989319,0.0,2
45.11579179763794,0.0,2
45.116727352142334,0.0,2
45.117714166641235,0.0,2
45.11871099472046,0.0,2
45.11996054649353,0.0,2
45.12097191810608,0.0,2
45.121742248535156,0.0,2
45.122790575027466,0.0,2
45.12407970428467,0.0,2
45.125081062316895,0.0,2
45.126081228256226,0.0,2
45.1270854473114,0.0,2
45.12808346748352,0.0,2
45.129605770111084,0.0,2
45.129605770111084,0.0,2
45.130812883377075,0.0,2
45.13192963600159,0.0,2
45.13284873962402,0.0,2
45.13384747505188,0.0,2
45.13486075401306,0.0,2
45.13588190078735,0.0,2
45.13689661026001,0.0,2
45.13884234428406,0.0,2
45.14185547828674,0.0,2
45.142839670181274,0.0,2
45.14388418197632,0.0,2
45.14388418197632,0.0,2
45.14388418197632,0.0,2
45.14486217498779,0.0,2
45.14583730697632,0.0,2
45.14583730697632,0.0,2
45.149837255477905,0.0,2
45.149837255477905,0.0,2
45.149837255477905,0.0,2
45.149837255477905,0.0,2
45.15094041824341,0.0,2
45.15197420120239,0.0,2
45.15302228927612,0.0,2
45.15397572517395,1e-05,2
45.15501689910889,1e-05,2
45.15597367286682,1e-05,2
45.15701913833618,1e-05,2
45.1580171585083,1e-05,2
45.159013748168945,1e-05,2
45.160025119781494,1e-05,2
45.16101360321045,1e-05,2
45.162012577056885,1e-05,2
45.16301894187927,1e-05,2
45.16401505470276,1e-05,2
45.16502857208252,1e-05,2
45.166015625,0.0,2
45.167012453079224,0.0,2
45.16801595687866,0.0,2
45.16901469230652,0.0,2
45.17001438140869,0.0,2
45.17101263999939,0.0,2
45.17201256752014,1e-05,2
45.17297625541687,1e-05,2
45.173972845077515,1e-05,2
45.17501616477966,1e-05,2
45.176013231277466,1e-05,2
45.178014039993286,1e-05,2
45.1786162853241,1e-05,2
45.17963123321533,1e-05,2
45.17963123321533,1e-05,2
45.18121290206909,1e-05,2
45.18223023414612,1e-05,2
45.18223023414612,1e-05,2
45.18462681770325,1e-05,2
45.18518400192261,1e-05,2
45.190556049346924,1e-05,2
45.190556049346924,1e-05,2
45.190556049346924,1e-05,2
45.190556049346924,0.0,2
45.19199538230896,0.0,2
45.19199538230896,0.0,2
45.19302225112915,0.0,2
45.19302225112915,0.0,2
45.19413137435913,0.0,2
45.19622778892517,0.0,2
45.199042558670044,0.0,2
45.199042558670044,0.0,2
45.20077157020569,0.0,2
45.20190167427063,0.0,2
45.20190167427063,0.0,2
45.202964305877686,0.0,2
45.20443153381348,0.0,2
45.20541787147522,0.0,2
45.20541787147522,0.0,2
45.20541787147522,0.0,2
45.20845890045166,0.0,2
45.20946002006531,0.0,2
45.20946002006531,0.0,2
45.20946002006531,0.0,2
45.20946002006531,0.0,2
45.21105456352234,0.0,2
45.21105456352234,0.0,2
45.21232891082764,0.0,2
45.21334409713745,0.0,2
45.21434712409973,0.0,2
45.21534323692322,0.0,2
45.216344118118286,0.0,2
45.21734309196472,0.0,2
45.218343019485474,0.0,2
45.219345569610596,0.0,2
45.220343351364136,0.0,2
45.22134470939636,0.0,2
45.22234869003296,0.0,2
45.22434115409851,1e-05,2
45.22434115409851,1e-05,2
45.22651696205139,1e-05,2
45.22651696205139,1e-05,2
45.227848052978516,1e-05,2
45.22887849807739,1e-05,2
45.22988271713257,1e-05,2
45.2308783531189,1e-05,2
45.23187780380249,0.0,2
45.23304891586304,0.0,2
45.23304891586304,0.0,2
45.23439025878906,0.0,2
45.235981941223145,0.0,2
45.236971378326416,0.0,2
45.23797106742859,0.0,2
45.238982915878296,0.0,2
45.23998546600342,0.0,2
45.240989208221436,0.0,2
45.241992712020874,0.0,2
45.242985010147095,0.0,2
45.244011878967285,0.0,2
45.2449836730957,0.0,2
45.24598717689514,0.0,2
45.246983766555786,0.0,2
45.25698471069336,2e-05,2
45.257996559143066,2e-05,2
45.25920104980469,2e-05,2
45.25920104980469,2e-05,2
45.25920104980469,2e-05,2
45.260621070861816,2e-05,2
45.26164364814758,2e-05,2
45.264142751693726,2e-05,2
45.26714015007019,2e-05,2
45.2691650390625,2e-05,2
45.27017521858215,2e-05,2
45.27017521858215,2e-05,2
45.271164417266846,2e-05,2
45.271164417266846,2e-05,2
45.271164417266846,2e-05,2
45.27216577529907,2e-05,2
45.27216577529907,2e-05,2
45.27216577529907,2e-05,2
45.27617692947388,2e-05,2
45.27617692947388,2e-05,2
45.27732706069946,2e-05,2
45.27732706069946,0.0,2
45.27732706069946,0.0,2
45.27732706069946,1e-05,2
45.27732706069946,0.0,2
45.27732706069946,0.0,2
45.27732706069946,0.0,2
45.27732706069946,0.0,2
45.27732706069946,0.0,2
45.27732706069946,0.0,2
45.27732706069946,0.0,2
45.27873635292053,0.0,2
45.27977538108826,0.0,2
45.281001329422,0.0,2
45.281972885131836,0.0,2
45.28301692008972,0.0,2
45.28401827812195,0.0,2
45.28501653671265,0.0,2
45.28602313995361,0.0,2
45.28703022003174,0.0,2
45.288042068481445,0.0,2
45.289029121398926,0.0,2
45.2900288105011,0.0,2
45.29102873802185,0.0,2
45.2920286655426,0.0,2
45.29303312301636,0.0,2
45.29303312301636,0.0,2
45.29454016685486,0.0,2
45.2959406375885,0.0,2
45.29728817939758,0.0,2
45.30028581619263,0.0,2
45.30028581619263,0.0,2
45.30028581619263,0.0,2
45.3012855052948,0.0,2
45.30250906944275,0.0,2
45.30250906944275,0.0,2
45.30650734901428,0.0,2
45.30650734901428,1e-05,2
45.30650734901428,1e-05,2
45.30650734901428,1e-05,2
45.308008909225464,1e-05,2
45.30884766578674,1e-05,2
45.3100471496582,1e-05,2
45.31127595901489,1e-05,2
45.31127595901489,1e-05,2
45.31359052658081,1e-05,2
45.31359052658081,1e-05,2
45.314544916152954,1e-05,2
45.315900564193726,1e-05,2
45.31694221496582,1e-05,2
45.31792497634888,1e-05,2
45.31876254081726,1e-05,2
45.31982135772705,1e-05,2
45.32077884674072,1e-05,2
45.32177662849426,1e-05,2
45.32278633117676,1e-05,2
45.32400345802307,1e-05,2
45.3251895904541,0.0,2
45.3251895904541,0.0,2
45.33564519882202,0.0,2
45.33564519882202,0.0,2
45.33667707443237,0.0,2
45.33667707443237,0.0,2
45.337668895721436,0.0,2
45.337668895721436,0.0,2
45.33864617347717,0.0,2
45.33864617347717,0.0,2
45.33966660499573,0.0,2
45.33966660499573,0.0,2
45.33966660499573,0.0,2
45.34066605567932,0.0,2
45.34066605567932,0.0,2
45.34066605567932,0.0,2
45.34166121482849,0.0,2
45.34166121482849,0.0,2
45.35219669342041,0.0,2
45.35219669342041,0.0,2
45.35219669342041,0.0,2
45.35373592376709,0.0,2
45.35373592376709,0.0,2
45.35373592376709,0.0,2
45.35373592376709,0.0,2
45.35485100746155,0.0,2
45.35536861419678,0.0,2
45.35536861419678,0.0,2
45.3563916683197,0.0,2
45.3563916683197,0.0,2
45.3563916683197,0.0,2
45.35738492012024,0.0,2
45.35738492012024,0.0,2
45.358399868011475,0.0,2
45.35942578315735,0.0,2
45.36042833328247,0.0,2
45.361380100250244,0.0,2
45.361380100250244,0.0,2
45.36252522468567,0.0,2
45.36354064941406,0.0,2
45.364542961120605,0.0,2
45.365543842315674,0.0,2
45.366966247558594,0.0,2
45.36797595024109,0.0,2
45.36900854110718,0.0,2
45.37006187438965,0.0,2
45.37006187438965,0.0,2
45.371291399002075,0.0,2
45.37228202819824,0.0,2
45.373289823532104,0.0,2
45.37528395652771,0.0,2
45.380728244781494,0.0,2
45.38273239135742,0.0,2
45.38273239135742,0.0,2
45.383780002593994,0.0,2
45.384925842285156,0.0,2
45.3862087726593,0.0,2
45.38765025138855,0.0,2
45.38765025138855,0.0,2
45.38986563682556,0.0,2
45.38986563682556,0.0,2
45.39086198806763,0.0,2
45.39086198806763,0.0,2
45.39186143875122,0.0,2
45.39186143875122,0.0,2
45.39285898208618,0.0,2
45.39285898208618,0.0,2
45.39285898208618,0.0,2
45.39707946777344,0.0,2
45.39707946777344,0.0,2
45.39707946777344,0.0,2
45.39707946777344,0.0,2
45.39707946777344,0.0,2
45.39812660217285,0.0,2
45.39897394180298,0.0,2
45.39897394180298,0.0,2
45.40025877952576,0.0,2
45.40180778503418,0.0,2
45.402857065200806,0.0,2
45.403862714767456,0.0,2
45.40485858917236,0.0,2
45.40581750869751,0.0,2
45.406859397888184,0.0,2
45.40781784057617,0.0,2
45.40881562232971,0.0,2
45.40982460975647,0.0,2
45.410966873168945,0.0,2
45.412110567092896,0.0,2
45.4131121635437,0.0,2
45.4141104221344,0.0,2
45.41511797904968,0.0,2
45.4161114692688,0.0,2
45.416815757751465,0.0,2
45.41805815696716,0.0,2
45.41897130012512,0.0,2
45.420018672943115,0.0,2
45.42102241516113,0.0,2
45.4220404624939,0.0,2
45.42301630973816,0.0,2
45.42401599884033,0.0,2
45.42501711845398,0.0,2
45.42501711845398,0.0,2
45.42747116088867,0.0,2
45.428452014923096,0.0,2
45.42944049835205,0.0,2
45.431517362594604,0.0,2
45.431517362594604,0.0,2
45.432469606399536,0.0,2
45.43345880508423,0.0,2
45.43487095832825,0.0,2
45.43487095832825,0.0,2
45.43929362297058,0.0,2
45.444645166397095,0.0,2
45.444645166397095,0.0,2
45.445641040802,0.0,2
45.445641040802,0.0,2
45.445641040802,0.0,2
45.446640491485596,0.0,2
45.446640491485596,0.0,2
45.44773006439209,0.0,2
45.44773006439209,0.0,2
45.44913983345032,0.0,2
45.44913983345032,0.0,2
45.44913983345032,0.0,2
45.45013904571533,0.0,2
45.45013904571533,0.0,2
45.451138973236084,0.0,2
45.45431303977966,0.0,2
45.45431303977966,0.0,2
45.45531225204468,0.0,2
45.45531225204468,0.0,2
45.45599055290222,0.0,2
45.45707321166992,0.0,2
45.45797777175903,0.0,2
45.45902371406555,0.0,2
45.46002221107483,0.0,2
45.461018800735474,0.0,2
45.46303749084473,0.0,2
45.46303749084473,0.0,2
45.46511459350586,0.0,2
45.46511459350586,0.0,2
45.466020822525024,0.0,2
45.4670193195343,0.0,2
45.46802091598511,0.0,2
45.46902346611023,0.0,2
45.47005343437195,0.0,2
45.4710214138031,0.0,2
45.47201871871948,0.0,2
45.47301769256592,0.0,2
45.47407102584839,0.0,2
45.475080251693726,0.0,2
45.47625184059143,0.0,2
45.47723412513733,0.0,2
45.47825622558594,0.0,2
45.47927498817444,0.0,2
45.48023748397827,0.0,2
45.48023748397827,0.0,2
45.48123502731323,0.0,2
45.48232817649841,0.0,2
45.48366928100586,0.0,2
45.48471665382385,0.0,2
45.48574161529541,0.0,2
45.48679494857788,0.0,2
45.48779320716858,0.0,2
45.48879337310791,0.0,2
45.48979115486145,0.0,2
45.49079656600952,0.0,2
45.491942167282104,0.0,2
45.4930100440979,0.0,2
45.4930100440979,0.0,2
45.49501442909241,0.0,2
45.496028423309326,0.0,2
45.4970383644104,0.0,2
45.500022888183594,0.0,2
45.501538038253784,0.0,2
45.501538038253784,0.0,2
45.50257134437561,0.0,2
45.50257134437561,0.0,2
45.50354838371277,0.0,2
45.50354838371277,0.0,2
45.50555896759033,0.0,2
45.506558656692505,0.0,2
45.506558656692505,0.0,2
45.50855588912964,0.0,2
45.51355171203613,0.0,2
45.51355171203613,0.0,2
45.51355171203613,0.0,2
45.514570474624634,0.0,2
45.514570474624634,0.0,2
45.514570474624634,0.0,2
45.5150682926178,0.0,2
45.51605582237244,0.0,2
45.51706290245056,0.0,2
45.51806116104126,0.0,2
45.51906394958496,0.0,2
45.520079135894775,0.0,2
45.521060943603516,0.0,2
45.52208590507507,0.0,2
45.523061752319336,0.0,2
45.52407240867615,0.0,2
45.52506494522095,0.0,2
45.52606678009033,0.0,2
45.527064085006714,0.0,2
45.528143644332886,0.0,2
45.5294463634491,0.0,2
45.530487298965454,0.0,2
45.530487298965454,0.0,2
45.53256869316101,0.0,2
45.53348517417908,0.0,2
45.53348517417908,0.0,2
45.53554844856262,0.0,2
45.53648376464844,0.0,2
45.53749370574951,0.0,2
45.53848218917847,0.0,2
45.539860010147095,0.0,2
45.539860010147095,0.0,2
45.54095506668091,0.0,2
45.54196262359619,0.0,2
45.54299473762512,0.0,2
45.5439133644104,0.0,2
45.54946804046631,0.0,2
45.55040645599365,0.0,2
45.55040645599365,0.0,2
45.55040645599365,0.0,2
45.551406383514404,0.0,2
45.551406383514404,0.0,2
45.551406383514404,0.0,2
45.552419662475586,0.0,2
45.552419662475586,0.0,2
45.55345845222473,0.0,2
45.55839991569519,0.0,2
45.55839991569519,0.0,2
45.55839991569519,0.0,2
45.55961871147156,1e-05,2
45.55961871147156,1e-05,2
45.55961871147156,0.0,2
45.56112575531006,0.0,2
45.56314301490784,0.0,2
45.56314301490784,0.0,2
45.564128160476685,0.0,2
45.56513500213623,0.0,2
45.56612682342529,0.0,2
45.567139863967896,0.0,2
45.56814360618591,0.0,2
45.56814360618591,0.0,2
45.56969738006592,0.0,2
45.57117748260498,0.0,2
45.572171211242676,0.0,2
45.57317018508911,0.0,2
45.574169874191284,0.0,2
45.575169801712036,0.0,2
45.57625651359558,0.0,2
45.57717847824097,0.0,2
45.578014850616455,0.0,2
45.579012393951416,0.0,2
45.580031394958496,0.0,2
45.58103132247925,0.0,2
45.5820255279541,0.0,2
45.583163261413574,0.0,2
45.58400797843933,0.0,2
45.58504390716553,0.0,2
45.58603572845459,0.0,2
45.587064027786255,0.0,2
45.58804893493652,0.0,2
45.589051961898804,0.0,2
45.59004306793213,0.0,2
45.59213709831238,0.0,2
45.595043897628784,0.0,2
45.595043897628784,0.0,2
45.595043897628784,1e-05,2
45.59604454040527,0.0,2
45.59604454040527,0.0,2
45.598042488098145,0.0,2
45.59908604621887,0.0,2
45.59908604621887,0.0,2
45.60004425048828,0.0,2
45.602623462677,0.0,2
45.603614807128906,0.0,2
45.603614807128906,0.0,2
45.603614807128906,0.0,2
45.60467314720154,0.0,2
45.60566997528076,0.0,2
45.60667824745178,0.0,2
45.608633041381836,0.0,2
45.608633041381836,0.0,2
45.61004042625427,0.0,2
45.611061811447144,0.0,2
45.61199951171875,0.0,2
45.61303973197937,0.0,2
45.61416673660278,0.0,2
45.61517786979675,0.0,2
45.61617732048035,0.0,2
45.61717700958252,0.0,2
45.61817717552185,0.0,2
45.6191771030426,0.0,2
45.6201856136322,0.0,2
45.621177196502686,0.0,2
45.621177196502686,0.0,2
45.62240123748779,0.0,2
45.623801469802856,0.0,2
45.62480163574219,0.0,2
45.62577438354492,0.0,2
45.627819538116455,0.0,2
45.62883019447327,0.0,2
45.62883019447327,0.0,2
45.629732608795166,0.0,2
45.63173174858093,0.0,2
45.63173174858093,0.0,2
45.63287091255188,0.0,2
45.63373589515686,0.0,2
45.63502264022827,0.0,2
45.636038303375244,0.0,2
45.63704514503479,0.0,2
45.639036417007446,0.0,2
45.64212107658386,0.0,2
45.6431200504303,0.0,2
45.6431200504303,0.0,2
45.6431200504303,0.0,2
45.6431200504303,0.0,2
45.64412069320679,0.0,2
45.64512372016907,0.0,2
45.64612364768982,0.0,2
45.64712142944336,0.0,2
45.65112018585205,0.0,2
45.65112018585205,0.0,2
45.65112018585205,0.0,2
45.65112018585205,0.0,2
45.65213441848755,0.0,2
45.653032541275024,1e-05,2
45.65341567993164,1e-05,2
45.65443968772888,1e-05,2
45.65600872039795,1e-05,2
45.657062292099,1e-05,2
45.65804648399353,1e-05,2
45.65904474258423,1e-05,2
45.66003227233887,1e-05,2
45.66104197502136,1e-05,2
45.66203761100769,1e-05,2
45.663023471832275,1e-05,2
45.664018630981445,1e-05,2
45.665019273757935,1e-05,2
45.666054010391235,1e-05,2
45.66702914237976,1e-05,2
45.66804027557373,1e-05,2
45.66901755332947,1e-05,2
45.67001819610596,1e-05,2
45.67104363441467,1e-05,2
45.672051191329956,1e-05,2
45.67303681373596,0.0,2
45.674033403396606,0.0,2
45.67503643035889,0.0,2
45.676053524017334,0.0,2
45.677449464797974,0.0,2
45.677449464797974,0.0,2
45.678863286972046,0.0,2
45.68018674850464,0.0,2
45.68018674850464,0.0,2
45.681880474090576,0.0,2
45.68293333053589,0.0,2
45.6840603351593,0.0,2
45.68574118614197,0.0,2
45.688018798828125,0.0,2
45.688018798828125,0.0,2
45.68965935707092,0.0,2
45.69075012207031,0.0,2
45.692084312438965,0.0,2
45.693097829818726,0.0,2
45.69368267059326,0.0,2
45.69368267059326,0.0,2
45.69419074058533,0.0,2
45.698309898376465,0.0,2
45.698309898376465,0.0,2
45.698309898376465,0.0,2
45.698309898376465,0.0,2
45.698309898376465,0.0,2
45.69931745529175,0.0,2
45.7007098197937,0.0,2
45.70196175575256,0.0,2
45.702760219573975,0.0,2
45.70381212234497,0.0,2
45.70507001876831,0.0,2
45.70507001876831,0.0,2
45.706265687942505,0.0,2
45.70725989341736,0.0,2
45.70926475524902,0.0,2
45.70926475524902,0.0,2
45.71028518676758,0.0,2
45.711259841918945,0.0,2
45.71226525306702,0.0,2
45.71325922012329,0.0,2
45.714277029037476,0.0,2
45.71549439430237,0.0,2
45.716487646102905,0.0,2
45.71856760978699,0.0,2
45.71856760978699,0.0,2
45.71948742866516,0.0,2
45.72049355506897,0.0,2
45.72148513793945,0.0,2
45.72351145744324,0.0,2
45.72351145744324,0.0,2
45.72448968887329,0.0,2
45.725494146347046,0.0,2
45.726511001586914,0.0,2
45.72751498222351,0.0,2
45.728493452072144,0.0,2
45.729721784591675,0.0,2
45.732378005981445,0.0,2
45.732378005981445,0.0,2
45.736934185028076,0.0,2
45.73920249938965,0.0,2
45.74119710922241,0.0,2
45.74119710922241,0.0,2
45.743675231933594,0.0,2
45.743675231933594,0.0,2
45.74611234664917,0.0,2
45.747109174728394,5e-05,2
45.7495551109314,0.00022,2
45.751912355422974,0.00022,2
45.75908803939819,0.00022,2
45.76008439064026,0.00022,2
45.76108932495117,0.00022,2
45.76108932495117,0.00022,2
45.76208686828613,0.00022,2
45.76208686828613,0.00022,2
45.76208686828613,0.00022,2
45.7632040977478,0.00022,2
45.7632040977478,0.00022,2
45.76428031921387,0.00022,2
45.76428031921387,0.00022,2
45.76527810096741,0.00022,2
45.76527810096741,0.00022,2
45.76527810096741,0.00022,2
45.76527810096741,0.00022,2
45.76527810096741,0.00022,2
45.76527810096741,0.00022,2
45.76527810096741,0.00022,2
45.766273975372314,0.00022,2
45.766273975372314,0.00022,2
45.766273975372314,0.00013,2
45.766273975372314,0.0,2
45.766273975372314,0.0,2
45.766273975372314,0.0,2
45.766273975372314,0.0,2
45.76800537109375,0.0,2
45.7690212726593,0.0,2
45.77004814147949,0.0,2
45.77104735374451,0.0,2
45.772042989730835,0.0,2
45.77303218841553,0.0,2
45.77406024932861,0.0,2
45.77503252029419,0.0,2
45.776052474975586,0.0,2
45.777130365371704,0.0,2
45.778610706329346,0.0,2
45.77962350845337,0.0,2
45.77962350845337,0.0,2
45.78160786628723,0.0,2
45.78268337249756,0.0,2
45.78268337249756,0.0,2
45.7846896648407,0.0,2
45.7846896648407,0.0,2
45.78669095039368,0.0,2
45.78669095039368,0.0,2
45.787768840789795,0.0,2
45.788753509521484,0.0,2
45.78999900817871,0.0,2
45.79106426239014,0.0,2
45.79204702377319,0.0,2
45.79405665397644,0.00046,2
45.79953932762146,0.00046,2
45.800536155700684,0.00046,2
45.800536155700684,0.00046,2
45.8020453453064,0.00046,2
45.8020453453064,0.00046,2
45.803242206573486,0.00019,2
45.80527591705322,0.0,2
45.80623245239258,0.0,2
45.807281255722046,0.0,2
45.80823874473572,0.0,2
45.80823874473572,0.0,2
45.80923342704773,0.0,2
45.80923342704773,0.0,2
45.810293674468994,0.0,2
45.819176197052,0.0,2
45.819176197052,0.0,2
45.820664405822754,0.0,2
45.820664405822754,0.0,2
45.820664405822754,0.0,2
45.820664405822754,0.0,2
45.820664405822754,0.0,2
45.82186317443848,0.0,2
45.82186317443848,0.0,2
45.82186317443848,0.0,2
45.82186317443848,0.0,2
45.82186317443848,0.0,2
45.82186317443848,0.0,2
45.82186317443848,0.0,2
45.82186317443848,9e-05,2
45.82299828529358,9e-05,2
45.8240430355072,9e-05,2
45.82472491264343,9e-05,2
45.8259859085083,9e-05,2
45.82701563835144,9e-05,2
45.828022480010986,9e-05,2
45.82900142669678,0.0,2
45.830013036727905,0.0,2
45.83101797103882,0.0,2
45.832011461257935,0.0,2
45.83301520347595,0.0,2
45.83401370048523,0.0,2
45.83501148223877,0.0,2
45.836013317108154,0.0,2
45.83701205253601,0.0,2
45.83801245689392,0.0,2
45.839014768600464,0.0,2
45.840019941329956,0.0,2
45.84098172187805,0.0,2
45.84146308898926,0.0,2
45.84354066848755,0.00023,2
45.84354066848755,0.0,2
45.844523906707764,0.0,2
45.846240520477295,0.0,2
45.8472843170166,0.0,2
45.8472843170166,0.0,2
45.848716020584106,0.0,2
45.84975481033325,0.0,2
45.85076427459717,0.0,2
45.85203433036804,0.0,2
45.85306406021118,0.0,2
45.85306406021118,0.0,2
45.85423183441162,0.0,2
45.85676431655884,0.0,2
45.860753774642944,0.0,2
45.86126255989075,2e-05,2
45.86126255989075,2e-05,2
45.86227869987488,2e-05,2
45.862791538238525,2e-05,2
45.863298177719116,2e-05,2
45.86432123184204,2e-05,2
45.86644268035889,2e-05,2
45.8669695854187,0.00076,2
45.86747598648071,0.00076,2
45.86747598648071,0.00076,2
45.868515491485596,0.00076,2
45.86954212188721,0.00076,2
45.8725152015686,0.00076,2
45.87351202964783,0.00076,2
45.87351202964783,0.00076,2
45.87351202964783,0.00076,2
45.87405276298523,0.00076,2
45.874876499176025,0.00076,2
45.87590527534485,0.00076,2
45.87689757347107,0.00076,2
45.87889862060547,0.00076,2
45.87889862060547,0.00076,2
45.88094663619995,0.0,2
45.88094663619995,0.0,2
45.88190007209778,0.0,2
45.8829140663147,0.0,2
45.88391971588135,0.0,2
45.88490390777588,0.0,2
45.88592481613159,0.0,2
45.88690161705017,0.0,2
45.88790822029114,0.0,2
45.88892412185669,0.0,2
45.88996982574463,0.0,2
45.88996982574463,0.0,2
45.89242768287659,0.0,2
45.89304161071777,0.0,2
45.894179582595825,0.0,2
45.895164251327515,0.0,2
45.89616298675537,0.0,2
45.89697623252869,0.0,2
45.8980929851532,0.0,2
45.89910697937012,0.0,2
45.900116205215454,0.0,2
45.901105880737305,0.0,2
45.90211796760559,0.0,2
45.903687715530396,0.0,2
45.90587568283081,0.0,2
45.90687680244446,0.0,2
45.90687680244446,0.0,2
45.90687680244446,0.0,2
45.90787649154663,0.0,2
45.90988612174988,0.0,2
45.90988612174988,0.0,2
45.91087317466736,0.0,2
45.91385769844055,0.0,2
45.91485118865967,0.0,2
45.91485118865967,0.0,2
45.91485118865967,0.0,2
45.916046380996704,0.0,2
45.91697120666504,0.0,2
45.91697120666504,0.0,2
45.918235540390015,0.0,2
45.91922926902771,0.0,2
45.92022776603699,0.0,2
45.92129945755005,0.0,2
45.92226433753967,0.0,2
45.923264026641846,0.0,2
45.92426872253418,0.0,2
45.92533016204834,0.0,2
45.92655086517334,0.0,2
45.92755389213562,0.0,2
45.92854428291321,0.0,2
45.92958998680115,0.0,2
45.93060278892517,0.0,2
45.931549310684204,0.0,2
45.93258261680603,0.0,2
45.933571338653564,0.0,2
45.93500804901123,0.0,2
45.93500804901123,0.0,2
45.9362895488739,0.0,2
45.93791174888611,0.0,2
45.93900799751282,0.0,2
45.940025091171265,0.0,2
45.94102168083191,0.0,2
45.94202971458435,0.0,2
45.94407272338867,0.0,2
45.94499850273132,0.00011,2
45.94710731506348,0.00015,2
45.94765329360962,0.00015,2
45.94817280769348,0.00015,2
45.94817280769348,0.00015,2
45.95517039299011,0.00015,2
45.95618963241577,0.00015,2
45.95682382583618,0.00015,2
45.95734477043152,0.00015,2
45.95734477043152,0.00015,2
45.95734477043152,0.00015,2
45.95837378501892,0.00015,2
45.96112322807312,0.00015,2
45.961726665496826,0.00015,2
45.963261127471924,0.00015,2
45.96482491493225,0.0,2
45.96546411514282,0.0,2
45.9660542011261,0.0,2
45.96814274787903,0.0,2
45.97293019294739,0.0,2
45.97293019294739,0.0,2
45.97293019294739,0.0,2
45.97293019294739,0.0,2
45.97293019294739,0.0,2
45.97293019294739,0.0,2
45.97293019294739,0.0,2
45.973939657211304,0.0,2
45.973939657211304,0.0,2
45.973939657211304,0.0,2
45.973939657211304,0.0,2
45.973939657211304,8e-05,2
45.97465205192566,0.0,2
45.97597789764404,0.0,2
45.97696280479431,0.0,2
45.977972745895386,0.0,2
45.979122161865234,0.0,2
45.98012709617615,0.0,2
45.98121476173401,0.0,2
45.98121476173401,0.0,2
45.98241305351257,0.0,2
45.983479738235474,0.0,2
45.984490633010864,0.0,2
45.98550057411194,0.0,2
45.98648929595947,0.0,2
45.987555503845215,0.0,2
45.98856520652771,0.0,2
45.98956918716431,0.0,2
45.99055600166321,0.0,2
45.991559982299805,0.0,2
45.99259042739868,0.0,2
45.99451303482056,0.0,2
45.99451303482056,0.0,2
45.99563455581665,0.00027,2
45.99563455581665,0.00033,2
45.99742245674133,0.00033,2
45.99846339225769,0.00033,2
45.99972605705261,0.00033,2
46.00098252296448,0.00033,2
46.00199103355408,0.00033,2
46.00301194190979,0.00033,2
46.00408315658569,0.00033,2
46.005093574523926,0.00033,2
46.005093574523926,0.00033,2
46.006258964538574,0.00033,2
46.00829863548279,0.00033,2
46.00829863548279,0.00033,2
46.009973764419556,0.00033,2
46.01027464866638,0.00033,2
46.014986991882324,0.00033,2
46.01599359512329,0.00033,2
46.01599359512329,0.00033,2
46.01704120635986,0.00033,2
46.01704120635986,0.00033,2
46.01804852485657,0.00033,2
46.018590688705444,0.00033,2
46.01909828186035,0.0,2
46.020108699798584,0.0,2
46.024104595184326,0.0,2
46.024104595184326,0.0,2
46.0251088142395,0.0,2
46.0251088142395,0.0,2
46.0251088142395,0.0,2
46.0251088142395,0.0,2
46.02695989608765,0.0,2
46.02804374694824,0.0,2
46.02913761138916,0.0,2
46.029974699020386,0.0,2
46.031001329422,0.0,2
46.032227516174316,0.0,2
46.032227516174316,0.0,2
46.03324246406555,0.0,2
46.034281492233276,0.0,2
46.035264015197754,0.0,2
46.03728652000427,0.0,2
46.03728652000427,0.0,2
46.038328886032104,0.0,2
46.03926682472229,0.0,2
46.040278673172,0.0,2
46.04326295852661,0.0,2
46.04426550865173,0.0,2
46.04426550865173,0.0,2
46.0449161529541,0.0,2
46.04617190361023,0.0,2
46.04617190361023,0.0,2
46.04778981208801,0.0,2
46.04881143569946,0.0,2
46.05038380622864,0.0,2
46.05038380622864,0.0,2
46.052520751953125,0.0,2
46.052520751953125,0.0,2
46.05376172065735,0.0,2
46.05478763580322,0.0,2
46.05581307411194,0.0,2
46.05689978599548,0.0,2
46.0579195022583,0.0,2
46.06545972824097,0.0,2
46.06656503677368,0.0,2
46.067582845687866,0.0,2
46.06883668899536,0.0,2
46.070987701416016,0.0,2
46.07237386703491,0.0,2
46.073368072509766,0.0,2
46.07538557052612,0.0,2
46.076361894607544,0.0,2
46.077375411987305,0.0,2
46.077375411987305,0.0,2
46.077375411987305,0.0,2
46.077375411987305,0.0,2
46.078487157821655,0.0,2
46.078487157821655,0.0,2
46.078487157821655,0.0,2
46.078487157821655,0.0,2
46.08335518836975,0.00015,2
46.08335518836975,8e-05,2
46.08335518836975,0.0,2
46.08335518836975,0.0,2
46.08335518836975,0.0,2
46.08335518836975,0.0,2
46.08335518836975,0.0,2
46.08335518836975,0.0,2
46.08432149887085,0.0,2
46.08432149887085,0.0,2
46.08606481552124,0.0,2
46.08668112754822,0.0,2
46.088024854660034,0.0,2
46.089024782180786,0.0,2
46.089969873428345,0.0,2
46.091007709503174,0.0,2
46.09203553199768,0.0,2
46.09302759170532,0.0,2
46.09400773048401,0.0,2
46.09553647041321,0.0,2
46.096566915512085,0.0,2
46.0975878238678,0.0,2
46.09858679771423,0.0,2
46.09858679771423,0.00026,2
46.100576877593994,0.00026,2
46.100576877593994,0.00026,2
46.10209774971008,0.00026,2
46.10311555862427,0.00026,2
46.10411334037781,0.00026,2
46.10515356063843,0.00026,2
46.10621619224548,0.00026,2
46.10697364807129,0.00026,2
46.108017444610596,0.00026,2
46.10905933380127,0.00026,2
46.11004686355591,0.00026,2
46.11101961135864,0.00026,2
46.11202120780945,0.00026,2
46.113017082214355,0.00026,2
46.113017082214355,0.0,2
46.11441731452942,0.0,2
46.11579346656799,0.0,2
46.116732120513916,0.0,2
46.11780261993408,0.0,2
46.118901014328,0.0,2
46.119903326034546,0.0,2
46.119903326034546,0.0,2
46.12679171562195,0.0,2
46.12679171562195,0.0,2
46.12780785560608,0.0,2
46.128804445266724,0.0,2
46.128804445266724,0.0,2
46.128804445266724,0.0,2
46.129809856414795,0.0,2
46.129809856414795,0.0,2
46.13081359863281,0.0,2
46.13081359863281,0.0,2
46.13181018829346,0.0,2
46.13581299781799,0.0,2
46.13581299781799,0.0,2
46.13581299781799,0.0,2
46.13581299781799,0.00013,2
46.136878490448,9e-05,2
46.138161182403564,9e-05,2
46.138962268829346,9e-05,2
46.14007616043091,9e-05,2
46.14024758338928,9e-05,2
46.14225649833679,9e-05,2
46.14225649833679,9e-05,2
46.14425611495972,9e-05,2
46.14425611495972,9e-05,2
46.14525556564331,9e-05,2
46.14626860618591,9e-05,2
46.14725995063782,9e-05,2
46.148255825042725,0.0,2
46.15025854110718,0.0,2
46.15025854110718,0.0,2
46.151761531829834,0.0,2
46.15282702445984,0.0,2
46.15415287017822,0.0,2
46.155157804489136,0.0,2
46.156153202056885,0.0,2
46.156970262527466,0.0,2
46.15787386894226,6e-05,2
46.16022777557373,6e-05,2
46.16022777557373,6e-05,2
46.16119909286499,6e-05,2
46.16288185119629,6e-05,2
46.16288185119629,6e-05,2
46.163904905319214,6e-05,2
46.16498255729675,6e-05,2
46.16600251197815,6e-05,2
46.167314291000366,6e-05,2
46.168357372283936,6e-05,2
46.171162128448486,6e-05,2
46.17420983314514,6e-05,2
46.17472004890442,6e-05,2
46.176292181015015,0.0,2
46.18006443977356,0.00014,2
46.182175397872925,0.00014,2
46.18319082260132,0.00014,2
46.18319082260132,0.00014,2
46.18496346473694,0.00014,2
46.19056296348572,0.00014,2
46.19056296348572,0.00014,2
46.19056296348572,0.00014,2
46.19056296348572,0.00014,2
46.19160342216492,0.00014,2
46.19160342216492,0.00014,2
46.19160342216492,0.00014,2
46.19258213043213,0.00014,2
46.19258213043213,0.00014,2
46.19258213043213,0.00014,2
46.19258213043213,0.00014,2
46.19258213043213,0.00014,2
46.19258213043213,0.00014,2
46.19357442855835,0.00014,2
46.19357442855835,0.00014,2
46.19357442855835,0.00014,2
46.19357442855835,0.00014,2
46.19506216049194,0.00014,2
46.195533752441406,0.00044,2
46.196558475494385,0.0,2
46.19761109352112,0.0,2
46.198612689971924,0.0,2
46.199915409088135,0.0,2
46.201005935668945,0.0,2
46.201005935668945,0.0,2
46.20258808135986,0.0,2
46.203636169433594,0.0,2
46.204638957977295,0.0,2
46.20564007759094,0.0,2
46.20664405822754,0.0,2
46.2076370716095,0.00011,2
46.20960807800293,0.00011,2
46.20960807800293,0.00011,2
46.2106146812439,0.00011,2
46.21224069595337,0.00011,2
46.21224069595337,0.00011,2
46.213812589645386,0.00011,2
46.21510696411133,0.00011,2
46.21612882614136,0.00011,2
46.21708631515503,5e-05,2
46.2180917263031,5e-05,2
46.21843242645264,5e-05,2
46.2194459438324,5e-05,2
46.22057271003723,5e-05,2
46.221628189086914,5e-05,2
46.2230281829834,5e-05,2
46.22425961494446,5e-05,2
46.22425961494446,5e-05,2
46.22528266906738,5e-05,2
46.22662711143494,5e-05,2
46.22763752937317,5e-05,2
46.22906827926636,5e-05,2
46.233110427856445,5e-05,2
46.233110427856445,5e-05,2
46.233110427856445,5e-05,2
46.23412895202637,5e-05,2
46.23412895202637,5e-05,2
46.23549032211304,5e-05,2
46.236499071121216,5e-05,2
46.236499071121216,5e-05,2
46.24150276184082,5e-05,2
46.24150276184082,0.0,2
46.24150276184082,0.00038,2
46.24150276184082,0.00038,2
46.24150276184082,0.00038,2
46.24296259880066,0.00038,2
46.244102478027344,0.00038,2
46.245137453079224,0.00038,2
46.245137453079224,0.00038,2
46.24640488624573,0.00038,2
46.24744391441345,0.00038,2
46.248475074768066,0.00038,2
46.24947500228882,0.00038,2
46.25047445297241,0.00038,2
46.25147485733032,0.00038,2
46.252474308013916,0.0,2
46.253474712371826,0.0,2
46.25447463989258,0.0,2
46.255871057510376,0.0,2
46.25690269470215,0.0,2
46.25890398025513,0.0,2
46.25890398025513,0.0,2
46.25988245010376,0.0,2
46.261260986328125,0.0,2
46.26226353645325,0.0,2
46.263221740722656,0.0,2
46.26396059989929,0.0,2
46.265069246292114,0.0,2
46.2660071849823,0.0,2
46.267014503479004,0.0,2
46.26801347732544,7e-05,2
46.26901364326477,7e-05,2
46.27001357078552,7e-05,2
46.271013498306274,7e-05,2
46.27201318740845,7e-05,2
46.27301573753357,7e-05,2
46.27401304244995,7e-05,2
46.27501559257507,0.0,2
46.27602791786194,0.0,2
46.28301763534546,0.0,2
46.28402543067932,0.0,2
46.28501558303833,0.0,2
46.28601789474487,0.0,2
46.287015438079834,0.0,2
46.28802275657654,0.0,2
46.28903388977051,0.0,2
46.28903388977051,0.0,2
46.29011631011963,0.0,2
46.29011631011963,0.0,2
46.29011631011963,0.0,2
46.29011631011963,0.0,2
46.29126167297363,0.0,2
46.29252767562866,0.00026,2
46.2958288192749,0.00026,2
46.29683470726013,0.00026,2
46.29683470726013,0.00026,2
46.29683470726013,0.00026,2
46.29683470726013,0.00026,2
46.29683470726013,0.00026,2
46.29683470726013,0.00026,2
46.297828912734985,0.0,2
46.29904913902283,0.0,2
46.30000162124634,0.0,2
46.30100989341736,0.0,2
46.30100989341736,0.0,2
46.30251932144165,0.0,2
46.30356788635254,0.0,2
46.30459380149841,0.0,2
46.3055682182312,0.0,2
46.30652976036072,0.0,2
46.30769658088684,0.0,2
46.308714866638184,0.0,2
46.3097140789032,0.0,2
46.3107373714447,0.0,2
46.31174159049988,0.0,2
46.3127338886261,0.00046,2
46.31374168395996,0.00046,2
46.3147087097168,0.00046,2
46.31596302986145,0.00046,2
46.31697201728821,0.00046,2
46.31797194480896,0.00046,2
46.31897187232971,0.00046,2
46.32001805305481,0.00046,2
46.32101225852966,0.00046,2
46.32201409339905,0.00046,2
46.323015213012695,0.00046,2
46.324015617370605,1e-05,2
46.325013637542725,1e-05,2
46.326178550720215,1e-05,2
46.3271381855011,1e-05,2
46.32887411117554,1e-05,2
46.32887411117554,1e-05,2
46.32887411117554,1e-05,2
46.330488443374634,1e-05,2
46.3315155506134,1e-05,2
46.33296728134155,0.0,2
46.33398962020874,0.0,2
46.3350191116333,0.0,2
46.33601140975952,0.0,2
46.33702301979065,0.0,2
46.33806347846985,0.0,2
46.339720249176025,0.0,2
46.341920614242554,0.0,2
46.34294939041138,0.0,2
46.34294939041138,0.0,2
46.34294939041138,0.0,2
46.344013690948486,0.0,2
46.34502029418945,0.0,2
46.34857487678528,0.0,2
46.34857487678528,0.0,2
46.34857487678528,7e-05,2
46.349611043930054,6e-05,2
46.349611043930054,0.0,2
46.35084581375122,0.0,2
46.35196018218994,0.0,2
46.35301113128662,0.0,2
46.35400652885437,0.0,2
46.354954957962036,0.0,2
46.3560585975647,0.0,2
46.35699391365051,0.0,2
46.3580322265625,0.0,2
46.359034061431885,0.0,2
46.36003065109253,0.0,2
46.36103010177612,0.0,2
46.362030029296875,0.0,2
46.363030195236206,0.0,2
46.363030195236206,0.0,2
46.364469051361084,0.0,2
46.365825176239014,0.0,2
46.367066383361816,0.0,2
46.36806845664978,0.0,2
46.36906433105469,0.00013,2
46.37023997306824,0.0,2
46.37118744850159,0.0,2
46.37220788002014,0.0,2
46.37318801879883,0.0,2
46.3739697933197,0.0,2
46.37428092956543,0.0,2
46.37529277801514,0.0,2
46.37731695175171,0.0,2
46.37731695175171,0.0,2
46.37934136390686,0.0,2
46.380327463150024,0.0,2
46.38157796859741,0.0,2
46.38157796859741,0.0,2
46.383575439453125,6e-05,2
46.38560962677002,6e-05,2
46.38971471786499,6e-05,2
46.39071083068848,6e-05,2
46.39186191558838,6e-05,2
46.39186191558838,6e-05,2
46.39186191558838,6e-05,2
46.39284348487854,6e-05,2
46.39284348487854,6e-05,2
46.39284348487854,6e-05,2
46.39492106437683,0.00047,2
46.39492106437683,0.00047,2
46.39594054222107,0.00047,2
46.39594054222107,0.00047,2
46.4006404876709,0.00047,2
46.4006404876709,0.00047,2
46.4006404876709,0.00047,2
46.40166258811951,0.00047,2
46.40166258811951,0.00047,2
46.40166258811951,0.00047,2
46.402963399887085,0.00047,2
46.403971672058105,0.00047,2
46.40497159957886,0.00047,2
46.40601634979248,4e-05,2
46.407015800476074,4e-05,2
46.40802526473999,0.00022,2
46.40901565551758,0.00022,2
46.41001343727112,0.00022,2
46.41101336479187,0.00022,2
46.4120135307312,0.00022,2
46.4130277633667,0.00022,2
46.41401696205139,0.00022,2
46.41519021987915,0.00022,2
46.41519021987915,0.00022,2
46.41626787185669,0.00022,2
46.417433977127075,0.00022,2
46.41847538948059,0.00022,2
46.419516801834106,0.00022,2
46.4205162525177,0.00022,2
46.42151641845703,0.00022,2
46.42298078536987,0.00022,2
46.424052238464355,0.00022,2
46.425318241119385,0.00022,2
46.426350116729736,0.00022,2
46.42733979225159,0.00022,2
46.42832398414612,0.00022,2
46.42885661125183,0.00022,2
46.42938280105591,0.00022,2
46.43513011932373,0.00022,2
46.43513011932373,0.00022,2
46.43563938140869,0.00022,2
46.43563938140869,0.00022,2
46.43664860725403,0.0,2
46.43664860725403,0.0,2
46.43664860725403,0.0,2
46.438098192214966,0.0,2
46.438098192214966,0.0,2
46.442492961883545,0.0,2
46.44365382194519,0.0,2
46.44365382194519,0.0,2
46.44365382194519,0.0,2
46.44365382194519,0.0,2
46.44471263885498,0.0,2
46.44572067260742,0.0,2
46.44572067260742,0.0,2
46.44739580154419,0.0,2
46.44840478897095,0.0,2
46.44956374168396,0.00042,2
46.45086073875427,0.00042,2
46.45196223258972,0.00042,2
46.45301866531372,0.00042,2
46.454026222229004,0.00042,2
46.455026626586914,0.00042,2
46.45602512359619,0.00042,2
46.457024812698364,0.00042,2
46.45804238319397,0.00042,2
46.45903992652893,0.00042,2
46.46002531051636,0.00042,2
46.46102571487427,0.00042,2
46.46202540397644,0.00042,2
46.46302533149719,0.00042,2
46.46402454376221,0.00042,2
46.46502709388733,0.00042,2
46.466047286987305,0.00042,2
46.46702456474304,0.00042,2
46.46802496910095,0.00042,2
46.46906113624573,0.00042,2
46.47005224227905,0.00042,2
46.470970153808594,2e-05,2
46.47200918197632,0.0,2
46.47300958633423,0.0,2
46.47400879859924,0.0,2
46.475011110305786,0.0,2
46.47605037689209,0.0,2
46.47882533073425,0.0,2
46.48248338699341,0.0,2
46.48248338699341,0.0,2
46.48248338699341,0.0,2
46.48406362533569,0.0,2
46.48406362533569,0.0,2
46.48406362533569,0.0,2
46.48507332801819,0.0,2
46.48507332801819,0.0,2
46.48610734939575,0.0,2
46.48711633682251,0.0,2
46.49147415161133,0.0,2
46.49147415161133,0.0,2
46.49201703071594,0.0,2
46.49201703071594,0.0,2
46.49252724647522,0.0,2
46.49252724647522,0.0,2
46.49397039413452,0.0,2
46.494513750076294,0.0,2
46.49596977233887,0.0,2
46.497010231018066,0.0,2
46.49801588058472,0.0,2
46.49904942512512,0.0,2
46.50007104873657,0.0,2
46.50007104873657,0.0,2
46.50196862220764,0.0,2
46.50300574302673,0.0,2
46.504082918167114,0.0,2
46.505168437957764,0.0,2
46.506170988082886,0.0,2
46.50716972351074,0.0,2
46.508235692977905,0.0,2
46.50922393798828,0.0,2
46.50979948043823,0.0,2
46.5108540058136,0.0,2
46.5108540058136,0.0,2
46.51244616508484,0.0,2
46.51346206665039,0.0,2
46.51447510719299,0.0,2
46.515480518341064,0.0,2
46.51698350906372,0.0,2
46.51806688308716,0.0,2
46.51907801628113,0.0,2
46.519970178604126,0.0,2
46.520559549331665,0.0,2
46.52161979675293,0.0,2
46.527657985687256,0.00029,2
46.52816987037659,0.0,2
46.52918028831482,0.0,2
46.52918028831482,0.0,2
46.52918028831482,0.0,2
46.530240535736084,0.0,2
46.530240535736084,0.0,2
46.530240535736084,0.0,2
46.53361797332764,0.0,2
46.53466010093689,0.0,2
46.53466010093689,0.0,2
46.53466010093689,0.0,2
46.53466010093689,0.0,2
46.539674043655396,0.0,2
46.539674043655396,0.0,2
46.539674043655396,0.0,2
46.539674043655396,0.0,2
46.539674043655396,0.0,2
46.54067134857178,0.0,2
46.541675090789795,0.0,2
46.54267191886902,0.0,2
46.544721364974976,0.0,2
46.544721364974976,0.0,2
46.54669713973999,0.0003,2
46.54669713973999,0.0,2
46.548712968826294,0.0,2
46.548712968826294,0.0,2
46.549675703048706,0.0,2
46.550962686538696,0.0,2
46.55201029777527,0.0,2
46.55303144454956,0.0,2
46.55303144454956,0.0,2
46.55521249771118,0.0,2
46.55596995353699,0.0,2
46.55701565742493,0.0,2
46.55817437171936,0.0,2
46.55896258354187,0.0,2
46.55997133255005,0.0,2
46.56097173690796,0.0,2
46.5619912147522,0.0,2
46.5619912147522,0.0,2
46.563467264175415,0.0,2
46.5644645690918,0.0,2
46.56546378135681,0.0,2
46.566884994506836,0.0,2
46.567970275878906,0.0,2
46.57318425178528,0.0,2
46.57888913154602,0.0,2
46.57987976074219,0.0,2
46.58190083503723,0.0,2
46.58288645744324,0.0,2
46.58392000198364,0.0,2
46.58666491508484,0.0,2
46.587645292282104,0.0,2
46.58868765830994,0.0,2
46.58868765830994,0.0,2
46.589659214019775,0.0,2
46.589659214019775,0.0,2
46.591655015945435,0.0,2
46.591655015945435,0.00026,2
46.59268546104431,0.00026,2
46.59383988380432,0.00069,2
46.59383988380432,0.00069,2
46.59784817695618,0.00069,2
46.598933696746826,0.00069,2
46.598933696746826,0.00069,2
46.598933696746826,0.00069,2
46.59993386268616,0.00069,2
46.59993386268616,0.00069,2
46.59993386268616,0.00069,2
46.59993386268616,0.00069,2
46.59993386268616,0.00069,2
46.600932121276855,0.00069,2
46.600932121276855,0.00069,2
46.600932121276855,0.00069,2
46.600932121276855,0.00069,2
46.6019332408905,0.00069,2
46.6019332408905,0.00069,2
46.6019332408905,0.00069,2
46.6019332408905,0.00069,2
46.60293221473694,0.00069,2
46.60396695137024,0.00069,2
46.605199575424194,0.00068,2
46.605199575424194,0.00068,2
46.60652732849121,0.00068,2
46.608564138412476,0.00068,2
46.609564781188965,0.00068,2
46.609564781188965,0.0,2
46.61055517196655,0.0,2
46.61155295372009,0.0,2
46.61257457733154,0.0,2
46.61360764503479,0.0,2
46.61457872390747,0.0,2
46.6168167591095,0.0,2
46.6168167591095,0.0,2
46.617799043655396,0.0,2
46.618799924850464,0.0,2
46.619799852371216,0.0,2
46.62079954147339,0.0,2
46.62180018424988,0.0,2
46.623207569122314,0.0,2
46.624205350875854,0.0,2
46.624205350875854,0.0,2
46.626304388046265,0.0,2
46.626304388046265,0.0,2
46.627830028533936,0.0,2
46.62925171852112,0.0,2
46.632319927215576,0.0,2
46.63476514816284,0.0,2
46.64131450653076,0.0,2
46.64231753349304,0.0,2
46.64231753349304,0.0,2
46.64231753349304,0.0,2
46.64377212524414,0.0,2
46.64377212524414,0.0,2
46.64608812332153,0.0,2
46.6480872631073,0.0,2
46.64911770820618,0.0,2
46.64911770820618,0.0,2
46.65032720565796,0.0,2
46.65032720565796,6e-05,2
46.65173625946045,6e-05,2
46.65536856651306,6e-05,2
46.65536856651306,6e-05,2
46.65536856651306,6e-05,2
46.65536856651306,6e-05,2
46.65536856651306,6e-05,2
46.65536856651306,6e-05,2
46.65636873245239,6e-05,2
46.65636873245239,6e-05,2
46.65636873245239,6e-05,2
46.65636873245239,6e-05,2
46.65636873245239,6e-05,2
46.65636873245239,6e-05,2
46.657368183135986,6e-05,2
46.65837526321411,6e-05,2
46.65837526321411,6e-05,2
46.659740686416626,6e-05,2
46.66079759597778,6e-05,2
46.66179656982422,0.0,2
46.66279911994934,0.0,2
46.66381239891052,0.0,2
46.664795875549316,0.0,2
46.66582274436951,0.0,2
46.66679406166077,0.0,2
46.667834997177124,0.0,2
46.667834997177124,0.0,2
46.66932129859924,0.0,2
46.670809507369995,0.0,2
46.67201614379883,0.0,2
46.6730694770813,0.0,2
46.674068450927734,0.0,2
46.67526435852051,0.0,2
46.67526435852051,0.0,2
46.680471658706665,0.0,2
46.68353629112244,0.0,2
46.684693336486816,0.0,2
46.684693336486816,0.0,2
46.685701847076416,0.0,2
46.685701847076416,0.0,2
46.68675637245178,0.0,2
46.687766790390015,0.0,2
46.687766790390015,0.0,2
46.689850091934204,0.0,2
46.69090795516968,0.00025,2
46.69090795516968,0.00025,2
46.69192862510681,0.00025,2
46.693519830703735,0.00025,2
46.693519830703735,0.00025,2
46.69481301307678,0.00025,2
46.6995165348053,0.00025,2
46.6995165348053,0.00025,2
46.6995165348053,0.00025,2
46.6995165348053,0.00025,2
46.6995165348053,0.00025,2
46.6995165348053,0.00025,2
46.6995165348053,0.00025,2
46.70099139213562,0.00025,2
46.70099139213562,0.00025,2
46.70199775695801,0.00025,2
46.702980279922485,0.00025,2
46.70381426811218,0.00025,2
46.704997062683105,0.00025,2
46.70599341392517,0.00025,2
46.707557916641235,7e-05,2
46.707557916641235,0.00011,2
46.708624601364136,0.00011,2
46.70960521697998,0.00011,2
46.71058654785156,0.00011,2
46.711721420288086,0.00011,2
46.71271848678589,0.00011,2
46.71372675895691,0.00011,2
46.714794635772705,0.00011,2
46.71530079841614,0.00011,2
46.71631097793579,0.00011,2
46.717604637145996,0.00011,2
46.71896290779114,0.00011,2
46.72009253501892,0.00011,2
46.72107195854187,0.00062,2
46.722073793411255,0.00062,2
46.723077058792114,0.00026,2
46.73147797584534,0.00026,2
46.73465323448181,0.00026,2
46.73566293716431,0.00026,2
46.73698019981384,0.00026,2
46.73698019981384,0.00026,2
46.73958158493042,0.00026,2
46.73958158493042,0.00026,2
46.74089550971985,0.00026,2
46.741934061050415,0.00026,2
46.74293351173401,0.00026,2
46.74693489074707,0.00026,2
46.74693489074707,0.00026,2
46.747928857803345,0.00026,2
46.747928857803345,0.00026,2
46.747928857803345,0.00026,2
46.747928857803345,0.00026,2
46.747928857803345,0.00026,2
46.7489333152771,0.00026,2
46.7489333152771,0.00026,2
46.7489333152771,0.00026,2
46.7489333152771,0.0,2
46.7489333152771,0.0,2
46.7489333152771,8e-05,2
46.7489333152771,8e-05,2
46.75021815299988,8e-05,2
46.75021815299988,8e-05,2
46.75021815299988,8e-05,2
46.75121855735779,8e-05,2
46.75222706794739,8e-05,2
46.753217458724976,8e-05,2
46.753217458724976,8e-05,2
46.754605293273926,8e-05,2
46.75564193725586,8e-05,2
46.75664305686951,0.00029,2
46.75762486457825,0.00029,2
46.75862669944763,0.00029,2
46.75961995124817,0.00029,2
46.760664224624634,0.00029,2
46.76173543930054,0.00029,2
46.76274800300598,0.00029,2
46.763747215270996,0.0,2
46.765175580978394,0.0,2
46.765175580978394,0.0,2
46.766178607940674,0.0,2
46.76717734336853,0.0,2
46.773428440093994,0.0,2
46.77551555633545,0.0,2
46.77651238441467,0.0,2
46.777493715286255,0.0,2
46.778501749038696,0.0,2
46.78053402900696,0.0,2
46.78173589706421,0.0,2
46.78274202346802,0.0,2
46.78373646736145,0.0,2
46.78373646736145,0.0,2
46.784735679626465,0.00056,2
46.784735679626465,0.0,2
46.785736083984375,0.00016,2
46.79089117050171,0.00016,2
46.79188346862793,0.00016,2
46.79188346862793,0.00016,2
46.79188346862793,0.00016,2
46.79188346862793,0.00016,2
46.79188346862793,0.00016,2
46.79288101196289,0.00016,2
46.79288101196289,0.00016,2
46.79288101196289,0.00016,2
46.79288101196289,0.00016,2
46.79288101196289,0.00016,2
46.794286012649536,0.00016,2
46.795498847961426,0.00016,2
46.795498847961426,0.00016,2
46.795498847961426,0.00016,2
46.796954870224,0.00016,2
46.79857802391052,0.00016,2
46.79963827133179,0.00016,2
46.80015420913696,0.00016,2
46.80116844177246,0.00016,2
46.80217170715332,0.00013,2
46.80318021774292,0.00013,2
46.803696393966675,5e-05,2
46.80473804473877,5e-05,2
46.805710554122925,5e-05,2
46.807764530181885,5e-05,2
46.808746576309204,5e-05,2
46.808746576309204,5e-05,2
46.80971908569336,5e-05,2
46.81071662902832,5e-05,2
46.812716007232666,5e-05,2
46.812716007232666,5e-05,2
46.813716888427734,5e-05,2
46.81572437286377,0.0,2
46.81572437286377,0.0,2
46.823160886764526,0.0,2
46.82415795326233,0.0,2
46.82515573501587,0.0,2
46.826167345047,0.0,2
46.82865786552429,0.00031,2
46.830952882766724,0.00031,2
46.833168506622314,0.00031,2
46.83518052101135,0.00031,2
46.83916974067688,0.00031,2
46.8421995639801,0.00031,2
46.844775438308716,0.00031,2
46.84590268135071,0.00031,2
46.847886085510254,0.00031,2
46.848875522613525,0.00031,2
46.84987545013428,0.00031,2
46.85188388824463,0.00031,2
46.854889154434204,0.00031,2
46.86288404464722,0.00031,2
46.87034511566162,0.00031,2
46.87232756614685,0.00031,2
46.87232756614685,0.00031,2
46.87333345413208,0.00031,2
46.87533521652222,0.00031,2
46.87934398651123,0.00031,2
46.88033604621887,0.00031,2
46.88033604621887,0.00031,2
46.8813362121582,0.00031,2
46.882336139678955,0.00031,2
46.882336139678955,0.0,2
46.88333439826965,0.0,2
46.88333439826965,0.0,2
46.884331464767456,0.0,2
46.884331464767456,0.0,2
46.884331464767456,0.0,2
46.884331464767456,0.0,2
46.88532757759094,0.0,2
46.88532757759094,0.0,2
46.88634395599365,0.0,2
46.88732624053955,0.0,2
46.88732624053955,0.0,2
46.88732624053955,0.0,2
46.88732624053955,0.0,2
46.88837289810181,1e-05,2
46.88837289810181,0.0,2
46.889389514923096,0.0,2
46.889389514923096,0.0,2
46.890387296676636,0.0,2
46.890387296676636,0.0,2
46.891398429870605,0.0,2
46.89538502693176,0.0,2
46.90240740776062,0.0,2
46.90391540527344,0.0,2
46.90608525276184,0.0,2
46.90608525276184,0.0,2
46.90735387802124,0.0,2
46.90845775604248,0.0,2
46.90989303588867,0.0,2
46.910889625549316,0.0,2
46.91206502914429,0.0,2
46.91606783866882,0.0,2
46.918139696121216,0.0,2
46.92033863067627,0.0,2
46.92033863067627,0.0,2
46.92263841629028,0.0,2
46.93211770057678,0.0,2
46.93525266647339,0.0,2
46.93525266647339,0.0,2
46.93525266647339,0.0,2
46.93625569343567,0.0,2
46.93625569343567,0.0,2
46.93625569343567,0.0,2
46.93625569343567,0.0,2
46.93625569343567,0.0,2
46.93625569343567,0.0,2
46.93725657463074,0.0,2
46.93725657463074,0.0,2
46.93725657463074,0.0,2
46.93725657463074,0.0,2
46.93725657463074,0.0,2
46.93825316429138,0.0,2
46.93825316429138,0.0,2
46.93825316429138,0.0,2
46.93825316429138,0.0,2
46.93825316429138,0.0,2
46.93925428390503,0.0,2
46.93925428390503,0.0,2
46.93925428390503,0.0,2
46.94025945663452,0.0,2
46.941264629364014,0.0,2
46.94225263595581,0.0,2
46.94225263595581,0.0,2
46.943259477615356,0.0,2
46.943259477615356,0.0,2
46.943259477615356,0.0,2
46.943259477615356,0.0,2
46.94425177574158,0.0,2
46.94425177574158,0.0,2
46.94425177574158,0.0,2
46.94551134109497,0.0,2
46.94551134109497,0.0,2
46.94551134109497,0.0,2
46.94652080535889,0.0,2
46.94652080535889,0.0,2
46.94751715660095,0.0,2
46.94751715660095,0.0,2
46.94751715660095,0.0,2
46.948511838912964,0.0,2
46.948511838912964,0.0,2
46.949522256851196,0.0,2
46.949522256851196,0.0,2
46.949522256851196,0.0,2
46.95051455497742,0.0,2
46.95051455497742,0.0,2
46.95051455497742,0.0,2
46.95051455497742,0.0,2
46.95051455497742,0.0,2
46.95051455497742,0.0,2
46.95051455497742,0.0,2
46.95150661468506,0.0,2
46.95150661468506,0.0,2
46.95150661468506,0.0,2
46.95150661468506,0.0,2
46.95150661468506,0.0,2
46.95150661468506,0.0,2
46.952529430389404,0.0001,2
46.952529430389404,0.0001,2
46.952529430389404,0.0001,2
46.952529430389404,0.0001,2
46.952529430389404,0.0001,2
46.95350480079651,0.0001,2
46.95350480079651,0.0,2
46.95350480079651,0.0,2
46.95350480079651,0.0,2
46.9545156955719,0.0,2
46.9545156955719,0.0,2
46.96264338493347,0.0,2
46.96577739715576,0.0,2
46.967779874801636,0.0,2
46.967779874801636,0.0,2
46.969226598739624,0.0,2
46.971877098083496,0.00028,2
46.973963022232056,0.00028,2
46.975383043289185,0.00028,2
46.97665214538574,0.00028,2
46.97665214538574,0.00028,2
46.977861166000366,0.00028,2
46.97888422012329,0.00028,2
46.982659339904785,0.00028,2
46.982659339904785,0.00028,2
46.98366355895996,0.00028,2
46.98366355895996,0.00028,2
46.98366355895996,0.00028,2
46.9846613407135,0.00028,2
46.9846613407135,0.00028,2
46.9846613407135,0.00028,2
46.9846613407135,0.00028,2
46.9856641292572,0.00028,2
46.9856641292572,0.00028,2
46.98666167259216,0.00028,2
46.98666167259216,0.00028,2
46.98666167259216,0.00046,2
46.98666167259216,0.00046,2
46.98785853385925,0.0,2
46.98785853385925,0.0,2
46.98785853385925,0.0,2
46.98785853385925,0.0,2
46.98785853385925,0.0,2
46.98785853385925,0.0,2
46.98785853385925,0.0,2
46.98785853385925,0.0,2
46.98785853385925,0.0,2
46.98903203010559,0.0,2
46.98903203010559,0.0,2
46.99002981185913,0.0,2
46.99103331565857,0.00021,2
46.99203443527222,0.00021,2
46.99321508407593,0.00021,2
46.994266510009766,0.00021,2
46.994266510009766,0.00021,2
46.99526596069336,0.00021,2
46.99628567695618,0.00021,2
46.99728560447693,7e-05,2
46.99828839302063,7e-05,2
46.999289989471436,7e-05,2
47.000287771224976,7e-05,2
47.00628590583801,7e-05,2
47.00732135772705,7e-05,2
47.00832509994507,7e-05,2
47.01032090187073,7e-05,2
47.01199197769165,7e-05,2
47.01368546485901,7e-05,2
47.014695167541504,7e-05,2
47.01590323448181,7e-05,2
47.016931772232056,7e-05,2
47.016931772232056,7e-05,2
47.01834774017334,7e-05,2
47.023987770080566,0.0,2
47.02450180053711,0.0,2
47.02450180053711,9e-05,2
47.02552080154419,9e-05,2
47.02603220939636,9e-05,2
47.02603220939636,9e-05,2
47.02654719352722,9e-05,2
47.02654719352722,9e-05,2
47.02654719352722,9e-05,2
47.027565002441406,9e-05,2
47.027565002441406,0.0,2
47.02810192108154,0.0,2
47.02810192108154,0.0,2
47.02810192108154,0.0,2
47.028613567352295,0.0,2
47.028613567352295,0.0,2
47.028613567352295,0.0,2
47.02968740463257,0.0,2
47.031254053115845,0.0,2
47.03176188468933,0.0,2
47.03277111053467,0.0,2
47.03327941894531,0.0,2
47.0342903137207,0.0,2
47.035807609558105,0.0,2
47.03631329536438,0.0,2
47.03732419013977,0.0,2
47.03840756416321,0.0,2
47.039427518844604,0.0,2
47.040422677993774,0.0,2
47.04153776168823,0.0,2
47.04300856590271,0.0,2
47.04403233528137,0.0,2
47.0450656414032,0.0,2
47.046030044555664,0.0,2
47.04705333709717,0.0,2
47.056477785110474,0.0,2
47.05770492553711,0.0,2
47.05770492553711,0.0,2
47.05870270729065,0.0,2
47.05870270729065,0.0,2
47.05988597869873,0.0,2
47.06092071533203,0.0,2
47.06206178665161,0.0,2
47.06206178665161,0.0,2
47.06206178665161,0.0,2
47.06314563751221,0.0,2
47.06415414810181,0.0,2
47.065152168273926,0.0,2
47.065152168273926,0.0,2
47.06965470314026,0.0,2
47.06965470314026,0.0,2
47.06965470314026,0.0,2
47.06965470314026,0.0,2
47.06965470314026,0.0,2
47.06965470314026,2e-05,2
47.06965470314026,2e-05,2
47.07066535949707,2e-05,2
47.07066535949707,2e-05,2
47.07066535949707,2e-05,2
47.071664810180664,2e-05,2
47.072643756866455,2e-05,2
47.0736985206604,2e-05,2
47.074647665023804,2e-05,2
47.075782775878906,2e-05,2
47.0770959854126,2e-05,2
47.078134298324585,2e-05,2
47.079095125198364,2e-05,2
47.08020353317261,2e-05,2
47.08120083808899,2e-05,2
47.08120083808899,2e-05,2
47.08320164680481,2e-05,2
47.0842068195343,2e-05,2
47.08520460128784,2e-05,2
47.08628535270691,2e-05,2
47.08727502822876,0.0,2
47.08727502822876,0.0,2
47.088356256484985,0.0,2
47.08943748474121,0.0,2
47.09040951728821,0.0,2
47.09144973754883,0.0,2
47.09260845184326,0.0,2
47.093615770339966,0.0,2
47.09808373451233,0.0,2
47.10208702087402,0.0,2
47.10308766365051,0.0,2
47.1040825843811,0.0,2
47.1040825843811,0.0,2
47.10545587539673,0.0,2
47.10545587539673,0.0,2
47.10676693916321,0.0,2
47.10824728012085,0.0,2
47.10824728012085,0.0,2
47.109241247177124,0.0,2
47.109241247177124,0.0,2
47.11023831367493,0.0,2
47.11123561859131,0.0,2
47.11123561859131,0.0,2
47.1122407913208,0.0,2
47.11624026298523,0.0,2
47.11723470687866,0.0,2
47.11723470687866,0.0,2
47.11723470687866,0.0,2
47.11723470687866,0.0,2
47.11723470687866,0.0,2
47.11723470687866,0.0,2
47.11723470687866,0.0,2
47.11859107017517,0.0,2
47.1195924282074,0.0,2
47.12094688415527,0.0,2
47.12094688415527,0.0,2
47.12241196632385,0.0,2
47.12340450286865,0.0,2
47.12453317642212,0.0,2
47.1255202293396,0.0,2
47.12654495239258,0.0,2
47.12754440307617,0.0,2
47.12854290008545,0.0,2
47.129538774490356,0.0,2
47.13054442405701,0.0,2
47.131521701812744,0.0,2
47.13262224197388,0.0,2
47.13391041755676,0.0,2
47.13490915298462,0.0,2
47.13591408729553,0.0,2
47.13691163063049,0.0,2
47.13790965080261,0.0,2
47.13890767097473,0.0,2
47.13890767097473,0.0,2
47.14130902290344,0.0,2
47.152284383773804,0.0,2
47.15328240394592,0.0,2
47.1552791595459,0.0,2
47.15628170967102,0.0,2
47.158286571502686,1e-05,2
47.1602828502655,1e-05,2
47.164281129837036,1e-05,2
47.165672063827515,1e-05,2
47.166670083999634,1e-05,2
47.16814875602722,1e-05,2
47.169150829315186,1e-05,2
47.170154333114624,1e-05,2
47.17115139961243,1e-05,2
47.17615461349487,1e-05,2
47.18569207191467,1e-05,2
47.19770431518555,1e-05,2
47.199702739715576,1e-05,2
47.199702739715576,0.0,2
47.199702739715576,0.0,2
47.199702739715576,0.0,2
47.20072817802429,0.0,2
47.20072817802429,0.0,2
47.20072817802429,0.0,2
47.20072817802429,0.0,2
47.20072817802429,0.0,2
47.20072817802429,0.0,2
47.2018518447876,1e-05,2
47.2018518447876,0.0,2
47.2018518447876,0.0,2
47.2018518447876,0.0,2
47.2018518447876,0.0,2
47.2018518447876,0.0,2
47.2018518447876,0.0,2
47.20331621170044,0.0,2
47.20331621170044,0.0,2
47.20331621170044,0.0,2
47.20331621170044,0.0,2
47.20331621170044,0.0,2
47.20331621170044,0.0,2
47.20436501502991,0.0,2
47.20436501502991,0.0,2
47.20637607574463,0.0,2
47.210840463638306,0.0,2
47.21184301376343,0.0,2
47.21184301376343,0.0,2
47.21284055709839,0.0,2
47.21284055709839,0.0,2
47.21384143829346,0.0,2
47.21384143829346,0.0,2
47.21488618850708,0.0,2
47.21488618850708,0.0,2
47.21592450141907,0.0,2
47.21696090698242,0.0,2
47.21696090698242,0.0,2
47.21696090698242,0.0,2
47.217952251434326,0.0,2
47.217952251434326,0.0,2
47.21908664703369,0.0,2
47.21908664703369,0.0,2
47.21908664703369,0.0,2
47.22006416320801,0.0,2
47.22458291053772,0.0,2
47.22676372528076,0.0,2
47.22676372528076,0.0,2
47.22776556015015,1e-05,2
47.22776556015015,1e-05,2
47.22776556015015,1e-05,2
47.22776556015015,1e-05,2
47.22776556015015,1e-05,2
47.22776556015015,1e-05,2
47.22776556015015,1e-05,2
47.228755474090576,1e-05,2
47.228755474090576,1e-05,2
47.228755474090576,1e-05,2
47.228755474090576,1e-05,2
47.228755474090576,1e-05,2
47.234755754470825,1e-05,2
47.235764265060425,1e-05,2
47.235764265060425,1e-05,2
47.235764265060425,1e-05,2
47.235764265060425,1e-05,2
47.235764265060425,1e-05,2
47.235764265060425,1e-05,2
47.23717164993286,1e-05,2
47.23717164993286,0.0,2
47.23717164993286,0.0,2
47.23717164993286,0.0,2
47.23913812637329,0.0,2
47.23913812637329,0.0,2
47.23913812637329,0.0,2
47.23913812637329,0.0,2
47.23913812637329,0.0,2
47.23913812637329,0.0,2
47.24014139175415,0.0,2
47.24014139175415,0.0,2
47.24014139175415,0.0,2
47.24114656448364,0.0,2
47.24114656448364,0.0,2
47.24114656448364,0.0,2
47.242146015167236,0.0,2
47.242146015167236,0.0,2
47.24314475059509,0.0,2
47.244144439697266,0.0,2
47.244144439697266,0.0,2
47.24714159965515,0.0,2
47.24814987182617,0.0,2
47.24814987182617,0.0,2
47.24814987182617,0.0,2
47.24914050102234,0.0,2
47.25022912025452,0.0,2
47.25623607635498,0.0,2
47.25725841522217,0.0,2
47.25942587852478,0.0,2
47.25942587852478,0.0,2
47.26046586036682,0.0,2
47.26150465011597,0.0,2
47.26150465011597,0.0,2
47.262837171554565,0.0,2
47.26401352882385,0.0,2
47.26401352882385,0.0,2
47.266146421432495,0.0,2
47.266146421432495,0.0,2
47.26714539527893,0.0,2
47.26714539527893,0.0,2
47.268465757369995,0.0,2
47.27543568611145,1e-05,2
47.280428886413574,1e-05,2
47.280428886413574,1e-05,2
47.280428886413574,1e-05,2
47.280428886413574,1e-05,2
47.281495332717896,1e-05,2
47.281495332717896,1e-05,2
47.281495332717896,1e-05,2
47.281495332717896,1e-05,2
47.28249406814575,1e-05,2
47.28249406814575,1e-05,2
47.28249406814575,1e-05,2
47.28349328041077,1e-05,2
47.28349328041077,1e-05,2
47.28349328041077,1e-05,2
47.28449606895447,1e-05,2
47.28449606895447,1e-05,2
47.28449606895447,1e-05,2
47.28550124168396,0.0,2
47.28550124168396,0.0,2
47.28650116920471,0.0,2
47.2875030040741,0.0,2
47.29718327522278,0.0,2
47.298237323760986,0.0,2
47.298237323760986,0.0,2
47.30018210411072,0.0,2
47.305965423583984,0.0,2
47.305965423583984,0.0,2
47.305965423583984,0.0,2
47.30738139152527,0.0,2
47.30861854553223,0.0,2
47.30861854553223,0.0,2
47.3110134601593,0.0,2
47.31502604484558,0.0,2
47.31622242927551,0.0,2
47.31722021102905,0.0,2
47.320547342300415,0.0,2
47.320547342300415,0.0,2
47.321725368499756,0.0,2
47.321725368499756,0.0,2
47.321725368499756,0.0,2
47.32289958000183,0.0,2
47.32340908050537,0.0,2
47.32756781578064,0.0,2
47.32756781578064,0.0,2
47.331339597702026,0.0,2
47.332337856292725,0.0,2
47.332337856292725,0.0,2
47.332337856292725,0.0,2
47.332337856292725,0.0,2
47.332337856292725,0.0,2
47.332337856292725,0.0,2
47.332337856292725,0.0,2
47.33333373069763,0.0,2
47.33333373069763,0.0,2
47.33333373069763,0.0,2
47.335379123687744,0.0,2
47.335379123687744,0.0,2
47.335379123687744,0.0,2
47.335379123687744,0.0,2
47.335379123687744,0.0,2
47.335379123687744,0.0,2
47.33639407157898,0.0,2
47.33639407157898,0.0,2
47.33639407157898,0.0,2
47.33639407157898,0.0,2
47.33639407157898,0.0,2
47.33639407157898,0.0,2
47.33639407157898,0.0,2
47.33639407157898,0.0,2
47.33639407157898,0.0,2
47.33748912811279,0.0,2
47.33855152130127,0.0,2
47.33985233306885,0.0,2
47.342158794403076,0.0,2
47.34795784950256,0.0,2
47.34925580024719,0.0,2
47.350258111953735,0.0,2
47.350258111953735,0.0,2
47.352431774139404,0.0,2
47.352431774139404,0.0,2
47.352431774139404,0.0,2
47.352431774139404,0.0,2
47.352431774139404,0.0,2
47.352431774139404,0.0,2
47.352431774139404,0.0,2
47.353429079055786,0.0,2
47.353429079055786,0.0,2
47.35445427894592,0.0,2
47.35544991493225,0.0,2
47.35642981529236,0.0,2
47.366432428359985,1e-05,2
47.37069368362427,1e-05,2
47.371697425842285,1e-05,2
47.371697425842285,1e-05,2
47.37267470359802,1e-05,2
47.37267470359802,1e-05,2
47.37370157241821,2e-05,2
47.37470245361328,2e-05,2
47.37470245361328,2e-05,2
47.37569332122803,2e-05,2
47.37718844413757,2e-05,2
47.37718844413757,2e-05,2
47.38295888900757,2e-05,2
47.384026765823364,2e-05,2
47.384026765823364,2e-05,2
47.384026765823364,2e-05,2
47.384026765823364,2e-05,2
47.384026765823364,2e-05,2
47.384026765823364,2e-05,2
47.38502621650696,2e-05,2
47.38502621650696,2e-05,2
47.38502621650696,2e-05,2
47.38502621650696,0.0,2
47.38502621650696,0.0,2
47.38502621650696,0.0,2
47.38502621650696,0.0,2
47.38502621650696,0.0,2
47.38502621650696,0.0,2
47.38602590560913,0.0,2
47.38702940940857,0.0,2
47.38702940940857,0.0,2
47.38849186897278,0.0,2
47.39205574989319,0.0,2
47.39205574989319,0.0,2
47.39345383644104,0.0,2
47.39345383644104,0.0,2
47.3944571018219,0.0,2
47.3944571018219,0.0,2
47.39544415473938,0.0,2
47.396637201309204,0.0,2
47.406965494155884,0.0,2
47.411473751068115,0.0,2
47.414225578308105,0.0,2
47.41624879837036,0.0,2
47.41624879837036,0.0,2
47.417701721191406,0.0,2
47.41987895965576,0.0,2
47.432969093322754,0.0,2
47.43499279022217,0.0,2
47.43848252296448,0.0,2
47.44047808647156,0.0,2
47.441914081573486,0.0,2
47.44549489021301,0.0,2
47.44886612892151,0.0,2
47.45086860656738,0.0,2
47.454227685928345,0.0,2
47.45799136161804,0.0,2
47.48219871520996,0.0,2
47.48219871520996,0.0,2
47.483195066452026,0.0,2
47.483195066452026,0.0,2
47.484203815460205,0.0,2
47.48719644546509,0.0,2
47.48719644546509,0.0,2
47.48719644546509,0.0,2
47.48819613456726,0.0,2
47.48920702934265,0.0,2
47.49421691894531,0.0,2
47.495213985443115,0.0,2
47.495213985443115,0.0,2
47.49635457992554,0.0,2
47.49635457992554,0.0,2
47.497382402420044,0.0,2
47.497382402420044,0.0,2
47.497382402420044,0.0,2
47.49871063232422,0.0,2
47.50018930435181,0.0,2
47.50118541717529,0.0,2
47.50218629837036,0.0,2
47.50218629837036,0.0,2
47.50218629837036,0.0,2
47.503719329833984,0.0,2
47.503719329833984,0.0,2
47.50472116470337,0.0,2
47.50472116470337,0.0,2
47.51115369796753,0.0,2
47.5171422958374,0.0,2
47.5171422958374,0.0,2
47.51813507080078,0.0,2
47.51813507080078,0.0,2
47.51813507080078,0.0,2
47.51813507080078,0.0,2
47.51813507080078,0.0,2
47.51813507080078,0.0,2
47.51914381980896,0.0,2
47.51914381980896,0.0,2
47.51914381980896,0.0,2
47.51914381980896,0.0,2
47.51914381980896,0.0,2
47.51914381980896,0.0,2
47.51914381980896,0.0,2
47.52014398574829,0.0,2
47.52014398574829,0.0,2
47.52014398574829,0.0,2
47.52014398574829,0.0,2
47.52014398574829,0.0,2
47.52014398574829,0.0,2
47.52014398574829,0.0,2
47.52014398574829,0.0,2
47.52014398574829,0.0,2
47.52113223075867,0.0,2
47.52113223075867,0.0,2
47.52113223075867,0.0,2
47.52113223075867,0.0,2
47.52113223075867,0.0,2
47.52113223075867,0.0,2
47.52113223075867,0.0,2
47.52113223075867,0.0,2
47.52113223075867,0.0,2
47.52113223075867,0.0,2
47.52213096618652,0.0,2
47.52213096618652,0.0,2
47.52213096618652,0.0,2
47.52213096618652,0.0,2
47.52213096618652,0.0,2
47.52213096618652,0.0,2
47.52213096618652,0.0,2
47.52213096618652,0.0,2
47.52213096618652,0.0,2
47.52213096618652,0.0,2
47.52213096618652,0.0,2
47.523202657699585,0.0,2
47.523202657699585,0.0,2
47.523202657699585,0.0,2
47.523202657699585,0.0,2
47.52424907684326,0.0,2
47.52424907684326,0.0,2
47.52424907684326,0.0,2
47.52424907684326,0.0,2
47.52424907684326,0.0,2
47.52424907684326,0.0,2
47.52424907684326,0.0,2
47.525190114974976,0.0,2
47.525190114974976,0.0,2
47.525190114974976,0.0,2
47.525190114974976,0.0,2
47.525190114974976,0.0,2
47.525190114974976,0.0,2
47.525190114974976,0.0,2
47.525190114974976,0.0,2
47.525190114974976,0.0,2
47.525190114974976,0.0,2
47.52620530128479,0.0,2
47.52620530128479,0.0,2
47.52620530128479,0.0,2
47.52620530128479,0.0,2
47.52620530128479,0.0,2
47.52620530128479,0.0,2
47.52620530128479,0.0,2
47.52620530128479,0.0,2
47.52620530128479,0.0,2
47.52720618247986,0.0,2
47.52720618247986,0.0,2
47.52720618247986,0.0,2
47.52720618247986,0.0,2
47.52782201766968,0.0,2
47.528523683547974,0.0,2
47.529685974121094,0.0,2
47.53079652786255,0.0,2
47.531805753707886,0.0,2
47.532803773880005,0.0,2
47.53680896759033,0.0,2
47.54584097862244,0.0,2
47.547863721847534,0.0,2
47.547863721847534,0.0,2
47.54885935783386,0.0,2
47.549864053726196,0.0,2
47.549864053726196,0.0,2
47.55116939544678,0.0,2
47.55226230621338,0.0,2
47.55425834655762,0.0,2
47.55526423454285,0.0,2
47.556267499923706,0.0,2
47.55727553367615,0.0,2
47.558266162872314,0.0,2
47.558266162872314,0.0,2
47.5592565536499,0.0,2
47.56127429008484,0.0,2
47.57055616378784,0.0,2
47.571555852890015,0.0,2
47.57255697250366,0.0,2
47.57255697250366,0.0,2
47.57255697250366,0.0,2
47.57255697250366,0.0,2
47.57255697250366,0.0,2
47.57255697250366,0.0,2
47.57353949546814,0.0,2
47.57353949546814,0.0,2
47.57955837249756,1e-05,2
47.580562114715576,0.0,2
47.580562114715576,0.0,2
47.580562114715576,0.0,2
47.581544637680054,0.0,2
47.581544637680054,0.0,2
47.581544637680054,0.0,2
47.581544637680054,0.0,2
47.58554649353027,0.0,2
47.58554649353027,0.0,2
47.58554649353027,0.0,2
47.58554649353027,0.0,2
47.58554649353027,0.0,2
47.58554649353027,0.0,2
47.586540937423706,0.0,2
47.586540937423706,0.0,2
47.586540937423706,0.0,2
47.586540937423706,0.0,2
47.586540937423706,0.0,2
47.586540937423706,0.0,2
47.586540937423706,0.0,2
47.586540937423706,0.0,2
47.58754205703735,0.0,2
47.58754205703735,0.0,2
47.58754205703735,0.0,2
47.58754205703735,0.0,2
47.58754205703735,0.0,2
47.58754205703735,0.0,2
47.588541746139526,0.0,2
47.58954358100891,0.0,2
47.59456396102905,0.0,2
47.59456396102905,0.0,2
47.59456396102905,0.0,2
47.59456396102905,0.0,2
47.59456396102905,0.0,2
47.59576058387756,0.0,2
47.59695768356323,0.0,2
47.59896492958069,0.0,2
47.60196495056152,0.0,2
47.60296559333801,0.0,2
47.60296559333801,0.0,2
47.60396456718445,0.0,2
47.60396456718445,0.0,2
47.60396456718445,0.0,2
47.60547733306885,0.0,2
47.60547733306885,0.0,2
47.60749435424805,0.0,2
47.60749435424805,0.0,2
47.60952949523926,0.0,2
47.61049747467041,0.0,2
47.61150312423706,0.0,2
47.619526624679565,0.0,2
47.62249517440796,0.0,2
47.625598192214966,0.0,2
47.625598192214966,0.0,2
47.625598192214966,0.0,2
47.625598192214966,0.0,2
47.625598192214966,0.0,2
47.625598192214966,0.0,2
47.62659478187561,0.0,2
47.62659478187561,0.0,2
47.62659478187561,0.0,2
47.62659478187561,0.0,2
47.62659478187561,0.0,2
47.62659478187561,0.0,2
47.62659478187561,0.0,2
47.62659478187561,0.0,2
47.62784934043884,0.0,2
47.62875723838806,0.0,2
47.62977981567383,0.0,2
47.630797147750854,0.0,2
47.63180661201477,0.0,2
47.63278532028198,0.0,2
47.63378071784973,0.0,2
47.634799003601074,0.0,2
47.63579535484314,0.0,2
47.63679766654968,0.0,2
47.63976740837097,0.0,2
47.64080286026001,0.0,2
47.64080286026001,0.0,2
47.64177942276001,0.0,2
47.64177942276001,0.0,2
47.64277482032776,1e-05,2
47.64381694793701,1e-05,2
47.645012617111206,1e-05,2
47.65465688705444,1e-05,2
47.65566611289978,1e-05,2
47.656655073165894,1e-05,2
47.65927171707153,1e-05,2
47.66027855873108,1e-05,2
47.66330671310425,1e-05,2
47.66430926322937,1e-05,2
47.66430926322937,1e-05,2
47.66577172279358,1e-05,2
47.66577172279358,0.0,2
47.66577172279358,0.0,2
47.666770219802856,0.0,2
47.666770219802856,0.0,2
47.666770219802856,0.0,2
47.66785407066345,0.0,2
47.670969009399414,1e-05,2
47.6730751991272,1e-05,2
47.6730751991272,1e-05,2
47.67400765419006,1e-05,2
47.67400765419006,1e-05,2
47.67400765419006,1e-05,2
47.67400765419006,1e-05,2
47.67400765419006,1e-05,2
47.67400765419006,1e-05,2
47.674989461898804,1e-05,2
47.674989461898804,1e-05,2
47.674989461898804,1e-05,2
47.674989461898804,1e-05,2
47.67601227760315,1e-05,2
47.677040100097656,1e-05,2
47.677040100097656,1e-05,2
47.67796516418457,1e-05,2
47.67796516418457,0.0,2
47.68311619758606,0.0,2
47.68311619758606,0.0,2
47.68311619758606,0.0,2
47.684139251708984,0.0,2
47.684139251708984,0.0,2
47.684139251708984,0.0,2
47.684139251708984,0.0,2
47.6858389377594,0.0,2
47.686842918395996,0.0,2
47.686842918395996,0.0,2
47.68812084197998,0.0,2
47.689114809036255,0.0,2
47.69112968444824,0.0,2
47.69112968444824,0.0,2
47.69212985038757,0.0,2
47.69312763214111,0.0,2
47.695549726486206,0.0,2
47.695549726486206,0.0,2
47.6966552734375,0.0,2
47.69792819023132,0.0,2
47.69792819023132,0.0,2
47.69911289215088,0.0,2
47.701106548309326,0.0,2
47.701106548309326,0.0,2
47.70218205451965,0.0,2
47.703176498413086,0.0,2
47.70482277870178,0.0,2
47.705753564834595,0.0,2
47.70697093009949,0.0,2
47.70797371864319,0.0,2
47.70896863937378,0.0,2
47.70996928215027,0.0,2
47.70996928215027,0.0,2
47.71126174926758,0.0,2
47.71325373649597,1e-05,2
47.71425247192383,1e-05,2
47.71525239944458,1e-05,2
47.72154974937439,1e-05,2
47.72154974937439,1e-05,2
47.72256278991699,1e-05,2
47.72256278991699,1e-05,2
47.72357678413391,1e-05,2
47.724586725234985,0.0,2
47.725571632385254,0.0,2
47.72706913948059,0.0,2
47.72927236557007,0.0,2
47.72927236557007,0.0,2
47.730273723602295,0.0,2
47.730273723602295,0.0,2
47.73127198219299,0.0,2
47.73127198219299,0.0,2
47.73272132873535,0.0,2
47.73829746246338,0.0,2
47.73829746246338,0.0,2
47.73829746246338,0.0,2
47.73829746246338,0.0,2
47.73932075500488,0.0,2
47.73932075500488,0.0,2
47.73932075500488,2e-05,2
47.73932075500488,2e-05,2
47.740299463272095,2e-05,2
47.740299463272095,2e-05,2
47.740299463272095,2e-05,2
47.742297649383545,2e-05,2
47.74332785606384,2e-05,2
47.744304895401,2e-05,2
47.7453179359436,2e-05,2
47.74631094932556,2e-05,2
47.74731516838074,2e-05,2
47.7483069896698,2e-05,2
47.7483069896698,2e-05,2
47.75035572052002,2e-05,2
47.751344442367554,2e-05,2
47.751970529556274,2e-05,2
47.752992153167725,2e-05,2
47.754194259643555,2e-05,2
47.75520634651184,2e-05,2
47.75622081756592,2e-05,2
47.75720453262329,2e-05,2
47.75821924209595,0.0,2
47.75923299789429,0.0,2
47.76031804084778,1e-05,2
47.76031804084778,0.0,2
47.761329889297485,0.0,2
47.76233243942261,0.0,2
47.763649463653564,0.0,2
47.764923095703125,0.0,2
47.76591730117798,0.0,2
47.76692080497742,0.0,2
47.76792073249817,0.0,2
47.768919944763184,0.0,2
47.76994800567627,0.0,2
47.77079439163208,0.0,2
47.7712721824646,0.0,2
47.772300481796265,0.0,2
47.77377223968506,0.0,2
47.77479338645935,0.0,2
47.77577829360962,0.0,2
47.77678418159485,0.0,2
47.77777886390686,0.0,2
47.779781103134155,0.0,2
47.78377866744995,0.0,2
47.78478407859802,0.0,2
47.78478407859802,0.0,2
47.78577923774719,0.0,2
47.78577923774719,0.0,2
47.78577923774719,0.0,2
47.78577923774719,0.0,2
47.786779165267944,0.0,2
47.787779092788696,0.0,2
47.788780212402344,0.0,2
47.796945571899414,0.0,2
47.796945571899414,0.0,2
47.797893047332764,0.0,2
47.797893047332764,0.0,2
47.797893047332764,1e-05,2
47.799237966537476,1e-05,2
47.799237966537476,1e-05,2
47.799237966537476,1e-05,2
47.800260066986084,1e-05,2
47.80226254463196,1e-05,2
47.80226254463196,1e-05,2
47.80226254463196,1e-05,2
47.803242683410645,1e-05,2
47.804248332977295,1e-05,2
47.804248332977295,1e-05,2
47.804248332977295,1e-05,2
47.805787086486816,1e-05,2
47.80683469772339,1e-05,2
47.807838678359985,1e-05,2
47.808852195739746,1e-05,2
47.80983638763428,1e-05,2
47.81084680557251,1e-05,2
47.811826944351196,1e-05,2
47.812843561172485,1e-05,2
47.81382346153259,0.0,2
47.814823389053345,0.0,2
47.81582307815552,0.0,2
47.81682300567627,0.0,2
47.81782364845276,0.0,2
47.81882309913635,0.0,2
47.819822549819946,0.0,2
47.82081961631775,0.0,2
47.82182502746582,0.0,2
47.8228280544281,0.0,2
47.82382321357727,0.0,2
47.825836181640625,0.0,2
47.825836181640625,0.0,2
47.825836181640625,0.0,2
47.82731747627258,0.0,2
47.82939267158508,0.0,2
47.82939267158508,0.0,2
47.83052206039429,0.0,2
47.831437826156616,0.0,2
47.83347153663635,0.0,2
47.83450174331665,0.0,2
47.83450174331665,0.0,2
47.835442304611206,0.0,2
47.83646297454834,0.0,2
47.83773708343506,0.0,2
47.83880305290222,0.0,2
47.84019947052002,0.0,2
47.842233657836914,0.0,2
47.84523057937622,0.0,2
47.84658145904541,0.0,2
47.84658145904541,0.0,2
47.8479278087616,0.0,2
47.8479278087616,0.0,2
47.8479278087616,0.0,2
47.84894251823425,0.0,2
47.84894251823425,0.0,2
47.849940061569214,0.0,2
47.85093879699707,0.0,2
47.85198259353638,0.0,2
47.85498046875,0.0,2
47.85498046875,0.0,2
47.85598039627075,0.0,2
47.85598039627075,0.0,2
47.856982469558716,0.0,2
47.85798120498657,0.0,2
47.858981132507324,0.0,2
47.859991788864136,0.0,2
47.8609983921051,0.0,2
47.861984729766846,0.0,2
47.86299753189087,0.0,2
47.863991260528564,0.0,2
47.86498761177063,0.0,2
47.86601138114929,0.0,2
47.86698770523071,0.0,2
47.86798024177551,0.0,2
47.86929154396057,0.0,2
47.86929154396057,0.0,2
47.87030100822449,0.0,2
47.8713002204895,0.0,2
47.87230038642883,0.0,2
47.8733127117157,0.0,2
47.87433052062988,0.0,2
47.875680685043335,0.0,2
47.877262592315674,0.0,2
47.877262592315674,0.0,2
47.878955364227295,0.0,2
47.87933945655823,0.0,2
47.88038396835327,0.0,2
47.881404876708984,0.0,2
47.88239645957947,0.0,2
47.88343954086304,0.0,2
47.88438272476196,0.0,2
47.88543224334717,0.0,2
47.887818336486816,0.0,2
47.89083504676819,0.0,2
47.8918719291687,0.0,2
47.8918719291687,0.0,2
47.89300012588501,0.0,2
47.89300012588501,0.0,2
47.8940110206604,0.0,2
47.8940110206604,0.0,2
47.89506530761719,0.0,2
47.89620018005371,0.0,2
47.89620018005371,0.0,2
47.8976788520813,0.0,2
47.899012327194214,0.0,2
47.90205407142639,0.0,2
47.90308427810669,0.0,2
47.90308427810669,0.0,2
47.90308427810669,0.0,2
47.90405774116516,0.0,2
47.90405774116516,0.0,2
47.90569519996643,0.0,2
47.90625357627869,0.0,2
47.907315731048584,0.0,2
47.90852117538452,0.0,2
47.90954351425171,0.0,2
47.91076707839966,0.0,2
47.91178894042969,0.0,2
47.91178894042969,0.0,2
47.91421175003052,0.0,2
47.91421175003052,0.0,2
47.91521692276001,0.0,2
47.917675495147705,0.0,2
47.918015480041504,0.0,2
47.918423891067505,0.0,2
47.919610023498535,0.0,2
47.920573472976685,0.0,2
47.92157697677612,0.0,2
47.922563791275024,0.0,2
47.92356014251709,0.0,2
47.92557191848755,0.0,2
47.92557191848755,0.0,2
47.927571296691895,0.0,2
47.927571296691895,0.0,2
47.928879737854004,0.0,2
47.929874658584595,0.0,2
47.9308545589447,0.0,2
47.9332058429718,0.0,2
47.93522047996521,0.0,2
47.936227798461914,0.0,2
47.936227798461914,0.0,2
47.937225103378296,0.0,2
47.937225103378296,0.0,2
47.937225103378296,0.0,2
47.93923306465149,0.0,2
47.940232038497925,0.0,2
47.94123697280884,0.0,2
47.94522500038147,0.0,2
47.946221590042114,0.0,2
47.946221590042114,0.0,2
47.946221590042114,0.0,2
47.946221590042114,0.0,2
47.946221590042114,0.0,2
47.94721817970276,0.0,2
47.948954820632935,0.0,2
47.94975781440735,0.0,2
47.95080018043518,0.0,2
47.9520366191864,0.0,2
47.9520366191864,0.0,2
47.95405054092407,0.0,2
47.95405054092407,0.0,2
47.95605659484863,0.0,2
47.95705723762512,0.0,2
47.95705723762512,0.0,2
47.959052324295044,0.0,2
47.96005058288574,0.0,2
47.96005058288574,0.0,2
47.9610755443573,0.0,2
47.96208834648132,0.0,2
47.96309185028076,0.0,2
47.96508836746216,0.0,2
47.96508836746216,0.0,2
47.96695613861084,0.0,2
47.96695613861084,0.0,2
47.968122720718384,0.0,2
47.96912431716919,0.0,2
47.97124981880188,0.0,2
47.97124981880188,0.0,2
47.972251653671265,0.0,2
47.9742534160614,0.0,2
47.97525143623352,0.0,2
47.975963830947876,0.0,2
47.97697830200195,0.0,2
47.9790940284729,0.0,2
47.98285412788391,0.0,2
47.98826289176941,0.0,2
47.98826289176941,0.0,2
47.98826289176941,0.0,2
47.9898476600647,0.0,2
47.9898476600647,0.0,2
47.9898476600647,0.0,2
47.991448402404785,0.0,2
47.99196910858154,0.0,2
47.99349784851074,0.0,2
47.99349784851074,0.0,2
47.99712896347046,0.0,2
47.99764013290405,0.0,2
47.9991774559021,0.0,2
47.99968361854553,0.0,2
48.000701665878296,0.0,2
48.00229048728943,0.0,2
48.00229048728943,0.0,2
48.00705075263977,0.0,2
48.00705075263977,0.0,2
48.00705075263977,0.0,2
48.00705075263977,0.0,2
48.008105754852295,0.0,2
48.008105754852295,0.0,2
48.008105754852295,0.0,2
48.008105754852295,0.0,2
48.008105754852295,0.0,2
48.008105754852295,0.0,2
48.008105754852295,0.0,2
48.008105754852295,0.0,2
48.008105754852295,0.0,2
48.009955406188965,0.0,2
48.01021957397461,0.0,2
48.01125478744507,0.0,2
48.01225399971008,0.0,2
48.01325440406799,0.0,2
48.014254093170166,0.0,2
48.01525402069092,0.0,2
48.01625418663025,0.0,2
48.01725387573242,0.0,2
48.018253803253174,0.0,2
48.01927590370178,0.0,2
48.02025389671326,0.0,2
48.02125382423401,0.0,2
48.02326059341431,0.0,2
48.02326059341431,0.0,2
48.02438020706177,0.0,2
48.025394678115845,0.0,2
48.02676796913147,0.0,2
48.02796936035156,0.0,2
48.028977394104004,0.0,2
48.02997636795044,0.0,2
48.0309956073761,0.0,2
48.031975984573364,0.0,2
48.0329749584198,0.0,2
48.03397512435913,0.0,2
48.03497672080994,0.0,2
48.035975217819214,0.0,2
48.03697633743286,0.0,2
48.03797650337219,0.0,2
48.03897714614868,0.0,2
48.039979457855225,0.0,2
48.04434037208557,0.0,2
48.04958128929138,0.0,2
48.05060625076294,0.0,2
48.05060625076294,0.0,2
48.05060625076294,0.0,2
48.05180048942566,0.0,2
48.05281090736389,1e-05,2
48.05281090736389,1e-05,2
48.05396342277527,0.0,2
48.05496954917908,0.0,2
48.05496954917908,0.0,2
48.056018590927124,0.0,2
48.056018590927124,0.0,2
48.05703020095825,0.0,2
48.05703020095825,0.0,2
48.05807447433472,0.0,2
48.05963110923767,0.0,2
48.067381381988525,0.0,2
48.06839156150818,0.0,2
48.06839156150818,0.0,2
48.06839156150818,0.0,2
48.06839156150818,0.0,2
48.06839156150818,0.0,2
48.06936478614807,0.0,2
48.06936478614807,0.0,2
48.06936478614807,0.0,2
48.06936478614807,0.0,2
48.06936478614807,0.0,2
48.06936478614807,0.0,2
48.06936478614807,0.0,2
48.07035827636719,0.0,2
48.07135987281799,0.0,2
48.072455167770386,0.0,2
48.07346177101135,0.0,2
48.07446026802063,0.0,2
48.07547640800476,0.0,2
48.07648229598999,0.0,2
48.07747459411621,0.0,2
48.078699827194214,0.0,2
48.08012318611145,0.0,2
48.08112692832947,0.0,2
48.08112692832947,0.0,2
48.08306002616882,1e-05,2
48.08377766609192,0.0,2
48.08478498458862,0.0,2
48.08578562736511,0.0,2
48.08678436279297,0.0,2
48.08779215812683,0.0,2
48.08878564834595,0.0,2
48.08978605270386,0.0,2
48.09083414077759,0.0,2
48.092862606048584,0.0,2
48.092862606048584,0.0,2
48.093857288360596,0.0,2
48.09589147567749,0.0,2
48.09589147567749,0.0,2
48.096861839294434,0.0,2
48.0978741645813,0.0,2
48.098856687545776,0.0,2
48.09986209869385,0.0,2
48.10085654258728,0.0,2
48.10185647010803,0.0,2
48.102858543395996,0.0,2
48.107625246047974,0.0,2
48.107625246047974,0.0,2
48.108651638031006,0.0,2
48.108651638031006,0.0,2
48.108651638031006,0.0,2
48.109623432159424,0.0,2
48.109623432159424,0.0,2
48.11062526702881,0.0,2
48.111650705337524,0.0,2
48.1156268119812,0.0,2
48.1156268119812,0.0,2
48.116639137268066,0.0,2
48.116639137268066,0.0,2
48.11695575714111,0.0,2
48.117963552474976,0.0,2
48.11896324157715,0.0,2
48.11995506286621,0.0,2
48.120962142944336,0.0,2
48.121970891952515,0.0,2
48.12296485900879,0.0,2
48.1239697933197,0.0,2
48.12496066093445,0.0,2
48.125962257385254,0.0,2
48.1269633769989,0.0,2
48.12796068191528,0.0,2
48.128966093063354,0.0,2
48.12996053695679,0.0,2
48.13096046447754,0.0,2
48.13196086883545,0.0,2
48.13296055793762,0.0,2
48.13396120071411,0.0,2
48.134960651397705,0.0,2
48.13596248626709,0.0,2
48.13702154159546,0.0,2
48.13775014877319,0.0,2
48.13894438743591,0.0,2
48.13995933532715,0.0,2
48.14096641540527,0.0,2
48.14229393005371,1e-05,2
48.14332461357117,1e-05,2
48.14332461357117,1e-05,2
48.14485454559326,1e-05,2
48.145360469818115,1e-05,2
48.1469247341156,1e-05,2
48.1474335193634,1e-05,2
48.14899778366089,1e-05,2
48.14950609207153,1e-05,2
48.155975103378296,1e-05,2
48.15698719024658,1e-05,2
48.15698719024658,1e-05,2
48.15857529640198,1e-05,2
48.15857529640198,1e-05,2
48.16065168380737,1e-05,2
48.16065168380737,1e-05,2
48.16217494010925,1e-05,2
48.162699699401855,1e-05,2
48.162699699401855,1e-05,2
48.163737535476685,1e-05,2
48.16425275802612,0.0,2
48.16425275802612,0.0,2
48.16476631164551,0.0,2
48.168834924697876,0.0,2
48.168834924697876,0.0,2
48.168834924697876,0.0,2
48.168834924697876,0.0,2
48.168834924697876,0.0,2
48.16996884346008,0.0,2
48.17073178291321,0.0,2
48.17185640335083,0.0,2
48.172868728637695,0.0,2
48.17387008666992,0.0,2
48.174928426742554,0.0,2
48.17596101760864,0.0,2
48.17596101760864,0.0,2
48.178377866744995,0.0,2
48.178377866744995,0.0,2
48.18035006523132,0.0,2
48.18134641647339,0.0,2
48.18233275413513,0.0,2
48.18233275413513,0.0,2
48.18431758880615,0.0,2
48.18431758880615,0.0,2
48.18531274795532,0.0,2
48.1863157749176,0.0,2
48.18773889541626,0.0,2
48.188464879989624,0.0,2
48.18947649002075,0.0,2
48.19048452377319,0.0,2
48.1917290687561,0.0,2
48.19273662567139,0.0,2
48.19375705718994,0.0,2
48.19375705718994,0.0,2
48.195202350616455,0.0,2
48.196199893951416,0.0,2
48.19862914085388,0.0,2
48.20066213607788,0.0,2
48.20166635513306,0.0,2
48.20166635513306,0.0,2
48.20166635513306,0.0,2
48.2026731967926,0.0,2
48.20367240905762,0.0,2
48.204663038253784,0.0,2
48.210697650909424,0.0,2
48.210697650909424,0.0,2
48.210697650909424,0.0,2
48.210697650909424,0.0,2
48.210697650909424,0.0,2
48.210697650909424,0.0,2
48.211867332458496,0.0,2
48.212902784347534,0.0,2
48.212902784347534,0.0,2
48.21423149108887,0.0,2
48.215248346328735,0.0,2
48.216251373291016,0.0,2
48.21768760681152,0.0,2
48.21882367134094,0.0,2
48.21994924545288,0.0,2
48.21994924545288,0.0,2
48.2213020324707,0.0,2
48.223414182662964,0.0,2
48.223414182662964,0.0,2
48.22445511817932,0.0,2
48.225443840026855,0.0,2
48.22650480270386,0.0,2
48.2275128364563,0.0,2
48.228477239608765,5e-05,2
48.22975993156433,0.00022,2
48.23128128051758,0.00022,2
48.23128128051758,0.00022,2
48.23233461380005,0.00022,2
48.23333477973938,0.00022,2
48.234848499298096,0.00022,2
48.23617100715637,0.00022,2
48.23617100715637,0.00022,2
48.237632513046265,0.00022,2
48.238675355911255,0.00022,2
48.24209427833557,0.00022,2
48.24812316894531,0.00022,2
48.25838041305542,0.00022,2
48.260377168655396,0.00022,2
48.26241636276245,0.00022,2
48.26454544067383,0.00022,2
48.26753282546997,0.00022,2
48.270509481430054,0.00022,2
48.27150893211365,0.00022,2
48.27250933647156,0.00022,2
48.27350831031799,0.00022,2
48.27350831031799,0.00022,2
48.27453374862671,0.00013,2
48.27829384803772,0.0,2
48.27829384803772,0.0,2
48.27829384803772,0.0,2
48.27829384803772,0.0,2
48.27829384803772,0.0,2
48.27829384803772,0.0,2
48.27829384803772,0.0,2
48.27829384803772,0.0,2
48.27829384803772,0.0,2
48.27829384803772,0.0,2
48.27929162979126,0.0,2
48.27929162979126,0.0,2
48.27929162979126,0.0,2
48.27929162979126,0.0,2
48.27929162979126,0.0,2
48.27929162979126,0.0,2
48.27929162979126,0.0,2
48.27929162979126,0.0,2
48.27929162979126,0.0,2
48.27929162979126,0.0,2
48.28031015396118,0.0,2
48.28031015396118,0.0,2
48.28031015396118,0.0,2
48.28031015396118,0.0,2
48.28031015396118,0.0,2
48.28031015396118,0.0,2
48.28031015396118,0.0,2
48.28031015396118,0.0,2
48.28031015396118,0.0,2
48.28226923942566,0.00046,2
48.283273458480835,0.00046,2
48.283273458480835,0.00046,2
48.284271478652954,0.00046,2
48.28527092933655,0.00046,2
48.28627109527588,0.00046,2
48.28727126121521,0.00019,2
48.289292335510254,0.0,2
48.29027557373047,0.0,2
48.29027557373047,0.0,2
48.29129219055176,0.0,2
48.292299032211304,0.0,2
48.29329776763916,0.0,2
48.29429817199707,0.0,2
48.295297384262085,0.0,2
48.296297550201416,0.0,2
48.29729700088501,0.0,2
48.29829788208008,0.0,2
48.29929780960083,0.0,2
48.300310134887695,0.0,2
48.30157113075256,0.0,2
48.30260992050171,0.0,2
48.30368399620056,0.0,2
48.304731607437134,0.0,2
48.304731607437134,0.0,2
48.314711809158325,0.0,2
48.314711809158325,0.0,2
48.31602907180786,0.0,2
48.31602907180786,0.0,2
48.31704306602478,9e-05,2
48.31811809539795,9e-05,2
48.319677114486694,9e-05,2
48.32023787498474,9e-05,2
48.32136678695679,9e-05,2
48.32297205924988,9e-05,2
48.32451248168945,9e-05,2
48.32604789733887,0.0,2
48.32710027694702,0.0,2
48.329185962677,0.0,2
48.330201864242554,0.0,2
48.33989429473877,0.0,2
48.33989429473877,0.0,2
48.34088683128357,0.0,2
48.34088683128357,0.0,2
48.3418927192688,0.0,2
48.3418927192688,0.0,2
48.3418927192688,0.0,2
48.3418927192688,0.0,2
48.3418927192688,0.0,2
48.342873096466064,0.0,2
48.342873096466064,0.00023,2
48.342873096466064,0.0,2
48.34390664100647,0.0,2
48.34390664100647,0.0,2
48.34390664100647,0.0,2
48.34487748146057,0.0,2
48.34487748146057,0.0,2
48.34487748146057,0.0,2
48.345914363861084,0.0,2
48.345914363861084,0.0,2
48.345914363861084,0.0,2
48.345914363861084,0.0,2
48.34687376022339,0.0,2
48.34687376022339,0.0,2
48.34687376022339,0.0,2
48.34687376022339,2e-05,2
48.34887504577637,2e-05,2
48.34887504577637,2e-05,2
48.35088276863098,2e-05,2
48.35189414024353,2e-05,2
48.35289263725281,2e-05,2
48.35289263725281,2e-05,2
48.35389971733093,0.00076,2
48.3553569316864,0.00076,2
48.35673213005066,0.00076,2
48.35772132873535,0.00076,2
48.35772132873535,0.00076,2
48.358720541000366,0.00076,2
48.3597207069397,0.00076,2
48.36072278022766,0.00076,2
48.36210584640503,0.00076,2
48.36323690414429,0.00076,2
48.364229679107666,0.00076,2
48.364229679107666,0.00076,2
48.36622643470764,0.00076,2
48.36723589897156,0.00076,2
48.37381172180176,0.00076,2
48.37570905685425,0.0,2
48.37622857093811,0.0,2
48.378642082214355,0.0,2
48.37960481643677,0.0,2
48.37960481643677,0.0,2
48.3806939125061,0.0,2
48.3806939125061,0.0,2
48.38169598579407,0.0,2
48.38269400596619,0.0,2
48.38269400596619,0.0,2
48.38269400596619,0.0,2
48.383891582489014,0.0,2
48.383891582489014,0.0,2
48.38489246368408,0.0,2
48.38489246368408,0.0,2
48.38489246368408,0.0,2
48.390148401260376,0.0,2
48.391629219055176,0.0,2
48.391629219055176,0.0,2
48.391629219055176,0.0,2
48.391629219055176,0.0,2
48.391629219055176,0.0,2
48.39277768135071,0.0,2
48.39277768135071,0.0,2
48.39277768135071,0.0,2
48.393977880477905,0.0,2
48.39525651931763,0.0,2
48.39525651931763,0.0,2
48.39725875854492,0.0,2
48.39824461936951,0.0,2
48.39926886558533,0.0,2
48.400251150131226,0.0,2
48.40126919746399,0.0,2
48.40224289894104,0.0,2
48.40224289894104,0.0,2
48.403236389160156,0.0,2
48.40428924560547,0.0,2
48.40641212463379,0.0,2
48.40692853927612,0.0,2
48.40794920921326,0.0,2
48.40896463394165,0.0,2
48.40994668006897,0.0,2
48.41095590591431,0.0,2
48.411967515945435,0.0,2
48.41296195983887,0.0,2
48.41296195983887,0.0,2
48.41497278213501,0.0,2
48.41596722602844,0.0,2
48.41596722602844,0.0,2
48.41796278953552,0.0,2
48.41896176338196,0.0,2
48.41996145248413,0.0,2
48.420982837677,0.0,2
48.42198204994202,0.0,2
48.422964334487915,0.0,2
48.4239706993103,0.0,2
48.42497229576111,0.0,2
48.42597937583923,0.0,2
48.427977561950684,0.0,2
48.427977561950684,0.0,2
48.428972244262695,0.0,2
48.429969787597656,0.0,2
48.43344235420227,0.0,2
48.43643093109131,0.0,2
48.43743348121643,0.00011,2
48.438432455062866,0.00015,2
48.43893837928772,0.00015,2
48.44010519981384,0.00015,2
48.441155195236206,0.00015,2
48.441155195236206,0.00015,2
48.44215488433838,0.00015,2
48.44215488433838,0.00015,2
48.44315457344055,0.00015,2
48.44315457344055,0.00015,2
48.44315457344055,0.00015,2
48.44415593147278,0.00015,2
48.4475462436676,0.00015,2
48.44856905937195,0.00015,2
48.44856905937195,0.00015,2
48.44856905937195,0.0,2
48.44856905937195,0.0,2
48.449954986572266,0.0,2
48.450122594833374,0.0,2
48.451141119003296,0.0,2
48.45213198661804,0.0,2
48.45313334465027,0.0,2
48.45513081550598,0.0,2
48.45513081550598,0.0,2
48.456223249435425,0.0,2
48.457213401794434,0.0,2
48.458523988723755,0.0,2
48.459616899490356,0.0,2
48.46061635017395,0.0,2
48.4616265296936,0.0,2
48.46261978149414,8e-05,2
48.463597774505615,0.0,2
48.46459341049194,0.0,2
48.46600031852722,0.0,2
48.46673822402954,0.0,2
48.46778607368469,0.0,2
48.468838930130005,0.0,2
48.469918727874756,0.0,2
48.47091603279114,0.0,2
48.47191572189331,0.0,2
48.4729368686676,0.0,2
48.47391653060913,0.0,2
48.47499370574951,0.0,2
48.47593832015991,0.0,2
48.485254764556885,0.0,2
48.485254764556885,0.0,2
48.486602783203125,0.0,2
48.48859739303589,0.0,2
48.48960494995117,0.0,2
48.49060297012329,0.0,2
48.49160027503967,0.0,2
48.49160027503967,0.0,2
48.49427008628845,0.00027,2
48.496622800827026,0.00033,2
48.496622800827026,0.00033,2
48.49787378311157,0.00033,2
48.49887704849243,0.00033,2
48.499939918518066,0.00033,2
48.5042450428009,0.00033,2
48.5042450428009,0.00033,2
48.5042450428009,0.00033,2
48.506131410598755,0.00033,2
48.506131410598755,0.00033,2
48.506131410598755,0.00033,2
48.506675243377686,0.00033,2
48.506675243377686,0.00033,2
48.506675243377686,0.00033,2
48.506675243377686,0.00033,2
48.506675243377686,0.00033,2
48.506675243377686,0.00033,2
48.50773549079895,0.00033,2
48.50773549079895,0.00033,2
48.50773549079895,0.00033,2
48.50773549079895,0.00033,2
48.50773549079895,0.00033,2
48.50773549079895,0.0,2
48.50896430015564,0.0,2
48.50949573516846,0.0,2
48.51067781448364,0.0,2
48.51173162460327,0.0,2
48.512847661972046,0.0,2
48.513851165771484,0.0,2
48.51487374305725,0.0,2
48.51585006713867,0.0,2
48.51685285568237,0.0,2
48.51785159111023,0.0,2
48.51886034011841,0.0,2
48.51985263824463,0.0,2
48.520851373672485,0.0,2
48.52185320854187,0.0,2
48.52285718917847,0.0,2
48.52385902404785,0.0,2
48.52468514442444,0.0,2
48.52579474449158,0.0,2
48.52682161331177,0.0,2
48.52800130844116,0.0,2
48.529053688049316,0.0,2
48.53006958961487,0.0,2
48.530579805374146,0.0,2
48.5320999622345,0.0,2
48.532636642456055,0.0,2
48.53316855430603,0.0,2
48.53473997116089,0.0,2
48.53524875640869,0.0,2
48.53674626350403,0.0,2
48.53740739822388,0.0,2
48.538938999176025,0.0,2
48.541062355041504,0.0,2
48.545899391174316,0.0,2
48.54691815376282,0.0,2
48.54796385765076,0.0,2
48.54796385765076,0.0,2
48.54952120780945,0.0,2
48.54952120780945,0.0,2
48.55056357383728,0.0,2
48.551652908325195,0.0,2
48.551652908325195,0.0,2
48.55513310432434,0.0,2
48.556138038635254,0.0,2
48.556138038635254,0.0,2
48.55713224411011,0.0,2
48.558138370513916,0.0,2
48.559131145477295,0.0,2
48.559131145477295,0.0,2
48.56117582321167,0.0,2
48.569307804107666,0.0,2
48.56981706619263,0.0,2
48.56981706619263,0.0,2
48.57085299491882,0.0,2
48.571375370025635,0.0,2
48.571375370025635,0.0,2
48.571375370025635,0.0,2
48.571375370025635,0.00015,2
48.57246279716492,8e-05,2
48.57246279716492,0.0,2
48.57246279716492,0.0,2
48.5735297203064,0.0,2
48.5735297203064,0.0,2
48.5735297203064,0.0,2
48.5735297203064,0.0,2
48.57461595535278,0.0,2
48.57461595535278,0.0,2
48.57515287399292,0.0,2
48.57569980621338,0.0,2
48.5773344039917,0.0,2
48.5773344039917,0.0,2
48.57836389541626,0.0,2
48.57980442047119,0.0,2
48.58084058761597,0.0,2
48.581918478012085,0.0,2
48.58292770385742,0.0,2
48.58394479751587,0.0,2
48.584959983825684,0.0,2
48.58602952957153,0.0,2
48.58602952957153,0.0,2
48.58768033981323,0.00026,2
48.5892333984375,0.00026,2
48.59083032608032,0.00026,2
48.591365575790405,0.00026,2
48.591901779174805,0.00026,2
48.59295988082886,0.00026,2
48.59403085708618,0.00026,2
48.59506130218506,0.00026,2
48.59506130218506,0.00026,2
48.596275806427,0.00026,2
48.59787106513977,0.00026,2
48.598907232284546,0.00026,2
48.59997892379761,0.00026,2
48.60054063796997,0.00026,2
48.609538316726685,0.00026,2
48.609538316726685,0.0,2
48.610538959503174,0.0,2
48.610538959503174,0.0,2
48.610538959503174,0.0,2
48.61159324645996,0.0,2
48.61159324645996,0.0,2
48.61159324645996,0.0,2
48.61261701583862,0.0,2
48.61361742019653,0.0,2
48.61361742019653,0.0,2
48.61462116241455,0.0,2
48.61462116241455,0.0,2
48.61462116241455,0.0,2
48.619049310684204,0.0,2
48.619049310684204,0.0,2
48.619049310684204,0.0,2
48.619049310684204,0.0,2
48.619714975357056,0.0,2
48.62074279785156,0.0,2
48.621620655059814,0.0,2
48.62269735336304,0.0,2
48.62366461753845,0.0,2
48.62567853927612,0.00013,2
48.62567853927612,9e-05,2
48.62769079208374,9e-05,2
48.62769079208374,9e-05,2
48.6296603679657,9e-05,2
48.6296603679657,9e-05,2
48.630690574645996,9e-05,2
48.6316351890564,9e-05,2
48.63269829750061,9e-05,2
48.633909940719604,9e-05,2
48.63500094413757,9e-05,2
48.63600945472717,9e-05,2
48.63700985908508,9e-05,2
48.638010025024414,0.0,2
48.63900923728943,0.0,2
48.64009499549866,0.0,2
48.64009499549866,0.0,2
48.642431020736694,0.0,2
48.642431020736694,0.0,2
48.64339208602905,0.0,2
48.64437651634216,0.0,2
48.64539957046509,0.0,2
48.646392583847046,6e-05,2
48.647367000579834,6e-05,2
48.653690338134766,6e-05,2
48.654696226119995,6e-05,2
48.655707120895386,6e-05,2
48.656694173812866,6e-05,2
48.656694173812866,6e-05,2
48.65769004821777,6e-05,2
48.65769004821777,6e-05,2
48.658690452575684,6e-05,2
48.658690452575684,6e-05,2
48.65971493721008,6e-05,2
48.66071343421936,6e-05,2
48.66071343421936,6e-05,2
48.66169500350952,0.0,2
48.66169500350952,0.00014,2
48.66673803329468,0.00014,2
48.66673803329468,0.00014,2
48.66673803329468,0.00014,2
48.66673803329468,0.00014,2
48.66673803329468,0.00014,2
48.667978286743164,0.00014,2
48.66907548904419,0.00014,2
48.670088052749634,0.00014,2
48.671085834503174,0.00014,2
48.67210030555725,0.00014,2
48.673091173172,0.00014,2
48.674116134643555,0.00014,2
48.67528820037842,0.00014,2
48.67632293701172,0.00014,2
48.677305698394775,0.00014,2
48.67831778526306,0.00014,2
48.67927551269531,0.00014,2
48.68029260635376,0.00014,2
48.681278705596924,0.00014,2
48.68229603767395,0.00014,2
48.68328261375427,0.00014,2
48.68328261375427,0.00014,2
48.685272455215454,0.00044,2
48.685272455215454,0.0,2
48.68629574775696,0.0,2
48.68772888183594,0.0,2
48.68819880485535,0.0,2
48.68932843208313,0.0,2
48.69072508811951,0.0,2
48.69168305397034,0.0,2
48.692697286605835,0.0,2
48.693692207336426,0.0,2
48.69620418548584,0.0,2
48.7002067565918,0.0,2
48.701194524765015,0.00011,2
48.7021918296814,0.00011,2
48.70346021652222,0.00011,2
48.70346021652222,0.00011,2
48.70447587966919,0.00011,2
48.705482006073,0.00011,2
48.705482006073,0.00011,2
48.70701742172241,0.00011,2
48.70810651779175,0.00011,2
48.71154236793518,5e-05,2
48.7196741104126,5e-05,2
48.7196741104126,5e-05,2
48.7196741104126,5e-05,2
48.7196741104126,5e-05,2
48.72072958946228,5e-05,2
48.72072958946228,5e-05,2
48.72072958946228,5e-05,2
48.72072958946228,5e-05,2
48.72072958946228,5e-05,2
48.72072958946228,5e-05,2
48.72072958946228,5e-05,2
48.72072958946228,5e-05,2
48.721723318099976,5e-05,2
48.721723318099976,5e-05,2
48.721723318099976,5e-05,2
48.721723318099976,5e-05,2
48.72272229194641,5e-05,2
48.72377896308899,5e-05,2
48.72472286224365,5e-05,2
48.72572207450867,5e-05,2
48.72675108909607,5e-05,2
48.72776770591736,0.0,2
48.72849464416504,0.00038,2
48.72972869873047,0.00038,2
48.73082232475281,0.00038,2
48.73181962966919,0.00038,2
48.73281931877136,0.00038,2
48.733806133270264,0.00038,2
48.734819412231445,0.00038,2
48.7358238697052,0.00038,2
48.73682236671448,0.00038,2
48.73782014846802,0.00038,2
48.73980951309204,0.00038,2
48.73980951309204,0.00038,2
48.74128746986389,0.00038,2
48.74225473403931,0.0,2
48.74324560165405,0.0,2
48.74324560165405,0.0,2
48.74424624443054,0.0,2
48.745705127716064,0.0,2
48.74672484397888,0.0,2
48.747753620147705,0.0,2
48.74828290939331,0.0,2
48.74929428100586,0.0,2
48.75029110908508,0.0,2
48.751290798187256,0.0,2
48.75229263305664,0.0,2
48.75329279899597,0.0,2
48.75430226325989,0.0,2
48.75529193878174,0.0,2
48.75630569458008,7e-05,2
48.76229929924011,7e-05,2
48.763301849365234,7e-05,2
48.763301849365234,7e-05,2
48.76429343223572,7e-05,2
48.76529264450073,7e-05,2
48.7663037776947,7e-05,2
48.768295764923096,0.0,2
48.768295764923096,0.0,2
48.769291400909424,0.0,2
48.769291400909424,0.0,2
48.769291400909424,0.0,2
48.7702910900116,0.0,2
48.7702910900116,0.0,2
48.7702910900116,0.0,2
48.77730870246887,0.0,2
48.77833867073059,0.0,2
48.779324531555176,0.0,2
48.779324531555176,0.0,2
48.779324531555176,0.0,2
48.779324531555176,0.0,2
48.78034448623657,0.0,2
48.78034448623657,0.00026,2
48.78034448623657,0.00026,2
48.78130125999451,0.00026,2
48.782331705093384,0.00026,2
48.782331705093384,0.00026,2
48.78432273864746,0.00026,2
48.785276651382446,0.00026,2
48.785276651382446,0.00026,2
48.78627634048462,0.0,2
48.78771758079529,0.0,2
48.78875756263733,0.0,2
48.78875756263733,0.0,2
48.790799379348755,0.0,2
48.79196119308472,0.0,2
48.792967557907104,0.0,2
48.79396677017212,0.0,2
48.794718980789185,0.0,2
48.79575872421265,0.0,2
48.79677891731262,0.0,2
48.79776048660278,0.0,2
48.79876089096069,0.0,2
48.79975962638855,0.0,2
48.80076241493225,0.0,2
48.801793575286865,0.00046,2
48.802762031555176,0.00046,2
48.803762912750244,0.00046,2
48.80475926399231,0.00046,2
48.81128191947937,0.00046,2
48.813241958618164,0.00046,2
48.815239667892456,0.00046,2
48.81624102592468,0.00046,2
48.81723642349243,0.00046,2
48.818238973617554,0.00046,2
48.81931734085083,0.00046,2
48.81931734085083,1e-05,2
48.82040095329285,1e-05,2
48.82040095329285,1e-05,2
48.8216507434845,1e-05,2
48.831923484802246,1e-05,2
48.83292365074158,1e-05,2
48.83292365074158,1e-05,2
48.83392310142517,1e-05,2
48.837204933166504,1e-05,2
48.84624218940735,0.0,2
48.84624218940735,0.0,2
48.85132932662964,0.0,2
48.85132932662964,0.0,2
48.85132932662964,0.0,2
48.85132932662964,0.0,2
48.85466504096985,0.0,2
48.86300277709961,0.0,2
48.86549115180969,0.0,2
48.86549115180969,0.0,2
48.86658525466919,0.0,2
48.86658525466919,0.0,2
48.86775827407837,0.0,2
48.87078595161438,0.0,2
48.8729145526886,0.0,2
48.87446641921997,7e-05,2
48.87879204750061,6e-05,2
48.87879204750061,0.0,2
48.87879204750061,0.0,2
48.87879204750061,0.0,2
48.880226135253906,0.0,2
48.880226135253906,0.0,2
48.880226135253906,0.0,2
48.880226135253906,0.0,2
48.88147330284119,0.0,2
48.88147330284119,0.0,2
48.8825318813324,0.0,2
48.8825318813324,0.0,2
48.8825318813324,0.0,2
48.8825318813324,0.0,2
48.8825318813324,0.0,2
48.88381505012512,0.0,2
48.88485336303711,0.0,2
48.88485336303711,0.0,2
48.88485336303711,0.0,2
48.88485336303711,0.0,2
48.886295557022095,0.00013,2
48.886295557022095,0.0,2
48.886295557022095,0.0,2
48.887327432632446,0.0,2
48.887327432632446,0.0,2
48.887327432632446,0.0,2
48.88856244087219,0.0,2
48.89360523223877,0.0,2
48.89360523223877,0.0,2
48.89579367637634,0.0,2
48.896809101104736,0.0,2
48.896809101104736,0.0,2
48.896809101104736,0.0,2
48.896809101104736,0.0,2
48.896809101104736,6e-05,2
48.896809101104736,6e-05,2
48.89778709411621,6e-05,2
48.89778709411621,6e-05,2
48.89778709411621,6e-05,2
48.89778709411621,6e-05,2
48.89778709411621,6e-05,2
48.89778709411621,6e-05,2
48.89778709411621,6e-05,2
48.89891719818115,6e-05,2
48.89891719818115,0.00047,2
48.89891719818115,0.00047,2
48.89891719818115,0.00047,2
48.89989495277405,0.00047,2
48.89989495277405,0.00047,2
48.89989495277405,0.00047,2
48.89989495277405,0.00047,2
48.89989495277405,0.00047,2
48.89989495277405,0.00047,2
48.90087413787842,0.00047,2
48.90087413787842,0.00047,2
48.90087413787842,0.00047,2
48.90087413787842,0.00047,2
48.90187191963196,4e-05,2
48.90187191963196,4e-05,2
48.907416343688965,0.00022,2
48.907416343688965,0.00022,2
48.90846610069275,0.00022,2
48.90846610069275,0.00022,2
48.90846610069275,0.00022,2
48.90846610069275,0.00022,2
48.90984916687012,0.00022,2
48.90984916687012,0.00022,2
48.914963722229004,0.00022,2
48.914963722229004,0.00022,2
48.914963722229004,0.00022,2
48.914963722229004,0.00022,2
48.914963722229004,0.00022,2
48.91597890853882,0.00022,2
48.91597890853882,0.00022,2
48.91597890853882,0.00022,2
48.91597890853882,0.00022,2
48.91701006889343,0.00022,2
48.91701006889343,0.00022,2
48.917959451675415,0.00022,2
48.917959451675415,0.00022,2
48.917959451675415,0.00022,2
48.92097330093384,0.00022,2
48.92097330093384,0.00022,2
48.92097330093384,0.00022,2
48.92197632789612,0.00022,2
48.92298984527588,0.00022,2
48.92397952079773,0.0,2
48.92496681213379,0.0,2
48.92595958709717,0.0,2
48.92993211746216,0.0,2
48.93429207801819,0.0,2
48.93429207801819,0.0,2
48.935304164886475,0.0,2
48.935304164886475,0.0,2
48.935304164886475,0.0,2
48.93630123138428,0.0,2
48.93630123138428,0.0,2
48.93630123138428,0.0,2
48.93729639053345,0.0,2
48.93828797340393,0.0,2
48.93828797340393,0.0,2
48.93928503990173,0.00042,2
48.94431018829346,0.00042,2
48.945677042007446,0.00042,2
48.945677042007446,0.00042,2
48.945677042007446,0.00042,2
48.945677042007446,0.00042,2
48.945677042007446,0.00042,2
48.94665288925171,0.00042,2
48.94665288925171,0.00042,2
48.9480037689209,0.00042,2
48.94880771636963,0.00042,2
48.94999361038208,0.00042,2
48.95081877708435,0.00042,2
48.95196604728699,0.00042,2
48.95300650596619,0.00042,2
48.9540057182312,0.00042,2
48.955005168914795,0.00042,2
48.95638585090637,0.00042,2
48.95741128921509,0.00042,2
48.95741128921509,0.00042,2
48.96040177345276,0.00042,2
48.96040177345276,2e-05,2
48.96040177345276,0.0,2
48.96140170097351,0.0,2
48.962398052215576,0.0,2
48.96342849731445,0.0,2
48.96446990966797,0.0,2
48.96545743942261,0.0,2
48.96649098396301,0.0,2
48.9674768447876,0.0,2
48.96876072883606,0.0,2
48.96977090835571,0.0,2
48.970778465270996,0.0,2
48.97179460525513,0.0,2
48.97279191017151,0.0,2
48.974095821380615,0.0,2
48.974095821380615,0.0,2
48.975435972213745,0.0,2
48.97979664802551,0.0,2
48.98080229759216,0.0,2
48.98181080818176,0.0,2
48.98181080818176,0.0,2
48.98181080818176,0.0,2
48.982890367507935,0.0,2
48.982890367507935,0.0,2
48.983802795410156,0.0,2
48.98481583595276,0.0,2
48.98980116844177,0.0,2
48.98980116844177,0.0,2
48.98980116844177,0.0,2
48.98980116844177,0.0,2
48.98980116844177,0.0,2
48.99125337600708,0.0,2
48.99125337600708,0.0,2
48.99229955673218,0.0,2
48.99361610412598,0.0,2
48.99493670463562,0.0,2
48.99578666687012,0.0,2
48.996915102005005,0.0,2
48.99777412414551,0.0,2
48.998209714889526,0.0,2
48.9992573261261,0.0,2
49.00025701522827,0.0,2
49.00128984451294,0.0,2
49.002302169799805,0.0,2
49.00337266921997,0.0,2
49.005303144454956,0.0,2
49.005303144454956,0.0,2
49.00639605522156,0.0,2
49.007447481155396,0.0,2
49.007447481155396,0.0,2
49.00892424583435,0.0,2
49.01009774208069,0.0,2
49.0121111869812,0.00029,2
49.01311445236206,0.0,2
49.01410961151123,0.0,2
49.01477932929993,0.0,2
49.01577877998352,0.0,2
49.016793727874756,0.0,2
49.01759099960327,0.0,2
49.01877307891846,0.0,2
49.01978874206543,0.0,2
49.0207884311676,0.0,2
49.02178692817688,0.0,2
49.0227997303009,0.0,2
49.02877354621887,0.0,2
49.02877354621887,0.0,2
49.02877354621887,0.0,2
49.030033826828,0.0,2
49.030033826828,0.0,2
49.030033826828,0.0,2
49.03129243850708,0.0,2
49.03129243850708,0.0,2
49.03239154815674,0.0,2
49.03239154815674,0.0,2
49.03385305404663,0.0,2
49.040611028671265,0.0003,2
49.040611028671265,0.0,2
49.040611028671265,0.0,2
49.041807413101196,0.0,2
49.041807413101196,0.0,2
49.041807413101196,0.0,2
49.041807413101196,0.0,2
49.041807413101196,0.0,2
49.041807413101196,0.0,2
49.04338788986206,0.0,2
49.044501304626465,0.0,2
49.045511960983276,0.0,2
49.04711031913757,0.0,2
49.04768490791321,0.0,2
49.04875636100769,0.0,2
49.04978322982788,0.0,2
49.05074167251587,0.0,2
49.05185031890869,0.0,2
49.05185031890869,0.0,2
49.0564341545105,0.0,2
49.0564341545105,0.0,2
49.0564341545105,0.0,2
49.0564341545105,0.0,2
49.05752444267273,0.0,2
49.05854344367981,0.0,2
49.05954146385193,0.0,2
49.06060075759888,0.0,2
49.06162214279175,0.0,2
49.06697463989258,0.0,2
49.07031846046448,0.0,2
49.071367502212524,0.0,2
49.072367668151855,0.0,2
49.07336688041687,0.0,2
49.07536792755127,0.0,2
49.07639265060425,0.0,2
49.07836556434631,0.0,2
49.07938051223755,0.00026,2
49.085691928863525,0.00026,2
49.08814716339111,0.00069,2
49.08814716339111,0.00069,2
49.089099645614624,0.00069,2
49.089099645614624,0.00069,2
49.089099645614624,0.00069,2
49.089099645614624,0.00069,2
49.089099645614624,0.00069,2
49.09009909629822,0.00069,2
49.09009909629822,0.00069,2
49.09009909629822,0.00069,2
49.09009909629822,0.00069,2
49.09009909629822,0.00069,2
49.09009909629822,0.00069,2
49.09009909629822,0.00069,2
49.09109878540039,0.00069,2
49.09109878540039,0.00069,2
49.09109878540039,0.00069,2
49.09109878540039,0.00069,2
49.09109878540039,0.00069,2
49.09109878540039,0.00069,2
49.09210014343262,0.00069,2
49.095497846603394,0.00068,2
49.096495628356934,0.00068,2
49.096495628356934,0.00068,2
49.096495628356934,0.00068,2
49.09749388694763,0.00068,2
49.09850764274597,0.0,2
49.09951972961426,0.0,2
49.1005003452301,0.0,2
49.101494550704956,0.0,2
49.102492570877075,0.0,2
49.10349154472351,0.0,2
49.104490995407104,0.0,2
49.105493783950806,0.0,2
49.10649228096008,0.0,2
49.10802340507507,0.0,2
49.10903573036194,0.0,2
49.11104702949524,0.0,2
49.11104702949524,0.0,2
49.11967492103577,0.0,2
49.12616419792175,0.0,2
49.12741780281067,0.0,2
49.12741780281067,0.0,2
49.12840914726257,0.0,2
49.12840914726257,0.0,2
49.12840914726257,0.0,2
49.129425287246704,0.0,2
49.129425287246704,0.0,2
49.129425287246704,0.0,2
49.13087868690491,0.0,2
49.13087868690491,0.0,2
49.13087868690491,0.0,2
49.13189125061035,0.0,2
49.13288974761963,0.0,2
49.13288974761963,0.0,2
49.133925676345825,0.0,2
49.133925676345825,0.0,2
49.133925676345825,0.0,2
49.134920835494995,0.0,2
49.13892483711243,6e-05,2
49.15202498435974,6e-05,2
49.153027057647705,6e-05,2
49.15402603149414,6e-05,2
49.15402603149414,6e-05,2
49.15402603149414,6e-05,2
49.15402603149414,6e-05,2
49.15402603149414,6e-05,2
49.15402603149414,6e-05,2
49.155027627944946,6e-05,2
49.155027627944946,6e-05,2
49.155027627944946,6e-05,2
49.1560423374176,6e-05,2
49.1560423374176,6e-05,2
49.1560423374176,6e-05,2
49.1560423374176,6e-05,2
49.1560423374176,6e-05,2
49.15702199935913,6e-05,2
49.15702199935913,6e-05,2
49.15702199935913,0.0,2
49.15803647041321,0.0,2
49.16126537322998,0.0,2
49.16429090499878,0.0,2
49.16429090499878,0.0,2
49.16429090499878,0.0,2
49.16528677940369,0.0,2
49.16528677940369,0.0,2
49.166308641433716,0.0,2
49.166308641433716,0.0,2
49.166308641433716,0.0,2
49.167338371276855,0.0,2
49.167338371276855,0.0,2
49.16833138465881,0.0,2
49.16833138465881,0.0,2
49.16833138465881,0.0,2
49.169331312179565,0.0,2
49.169331312179565,0.0,2
49.169331312179565,0.0,2
49.169331312179565,0.0,2
49.17534160614014,0.0,2
49.17534160614014,0.0,2
49.17534160614014,0.0,2
49.17534160614014,0.0,2
49.17777609825134,0.0,2
49.17777609825134,0.00025,2
49.17777609825134,0.00025,2
49.178279638290405,0.00025,2
49.178760290145874,0.00025,2
49.179537534713745,0.00025,2
49.180584192276,0.00025,2
49.18456435203552,0.00025,2
49.18456435203552,0.00025,2
49.18456435203552,0.00025,2
49.18557381629944,0.00025,2
49.18557381629944,0.00025,2
49.186556339263916,0.00025,2
49.188559770584106,0.00025,2
49.188559770584106,0.00025,2
49.19156503677368,0.00025,2
49.19156503677368,0.00025,2
49.19156503677368,0.00025,2
49.192556381225586,0.00025,2
49.19360661506653,0.00025,2
49.194578886032104,0.00025,2
49.19595265388489,7e-05,2
49.19678831100464,0.00011,2
49.19921684265137,0.00011,2
49.19921684265137,0.00011,2
49.19921684265137,0.00011,2
49.20021462440491,0.00011,2
49.20121359825134,0.00011,2
49.20221400260925,0.00011,2
49.203213691711426,0.00011,2
49.20421361923218,0.00011,2
49.219120025634766,0.00011,2
49.220115184783936,0.00011,2
49.220115184783936,0.00011,2
49.221176862716675,0.00011,2
49.22356557846069,0.00062,2
49.22356557846069,0.00062,2
49.224708557128906,0.00026,2
49.22574186325073,0.00026,2
49.22574186325073,0.00026,2
49.226731300354004,0.00026,2
49.226731300354004,0.00026,2
49.23018741607666,0.00026,2
49.231189250946045,0.00026,2
49.231189250946045,0.00026,2
49.231189250946045,0.00026,2
49.231189250946045,0.00026,2
49.231189250946045,0.00026,2
49.231189250946045,0.00026,2
49.2321879863739,0.00026,2
49.2321879863739,0.00026,2
49.2321879863739,0.00026,2
49.2321879863739,0.00026,2
49.2321879863739,0.00026,2
49.2321879863739,0.00026,2
49.2321879863739,0.00026,2
49.2321879863739,0.00026,2
49.2321879863739,0.00026,2
49.2321879863739,0.0,2
49.23370337486267,0.0,2
49.23474168777466,8e-05,2
49.235830307006836,8e-05,2
49.236998558044434,8e-05,2
49.24519348144531,8e-05,2
49.24719476699829,8e-05,2
49.248297929763794,8e-05,2
49.25633120536804,8e-05,2
49.25778079032898,8e-05,2
49.25990438461304,8e-05,2
49.2619686126709,8e-05,2
49.26354169845581,8e-05,2
49.26506471633911,0.00029,2
49.267093658447266,0.00029,2
49.267093658447266,0.00029,2
49.27345681190491,0.00029,2
49.2755229473114,0.00029,2
49.27793741226196,0.00029,2
49.27793741226196,0.00029,2
49.279338359832764,0.0,2
49.280378341674805,0.0,2
49.283196449279785,0.0,2
49.283196449279785,0.0,2
49.284202098846436,0.0,2
49.284202098846436,0.0,2
49.28523015975952,0.0,2
49.28523015975952,0.0,2
49.28523015975952,0.0,2
49.28634977340698,0.0,2
49.28634977340698,0.0,2
49.28741407394409,0.0,2
49.28741407394409,0.0,2
49.28741407394409,0.0,2
49.28864526748657,0.0,2
49.28864526748657,0.00056,2
49.28864526748657,0.0,2
49.28976225852966,0.00016,2
49.28976225852966,0.00016,2
49.294161319732666,0.00016,2
49.294161319732666,0.00016,2
49.29518389701843,0.00016,2
49.29518389701843,0.00016,2
49.29518389701843,0.00016,2
49.29518389701843,0.00016,2
49.29518389701843,0.00016,2
49.29518389701843,0.00016,2
49.29518389701843,0.00016,2
49.2961859703064,0.00016,2
49.2961859703064,0.00016,2
49.2961859703064,0.00016,2
49.2961859703064,0.00016,2
49.2961859703064,0.00016,2
49.297160148620605,0.00016,2
49.297160148620605,0.00016,2
49.297160148620605,0.00016,2
49.297160148620605,0.00016,2
49.297160148620605,0.00016,2
49.297160148620605,0.00013,2
49.297160148620605,0.00013,2
49.29816150665283,5e-05,2
49.29816150665283,5e-05,2
49.29816150665283,5e-05,2
49.29816150665283,5e-05,2
49.29816150665283,5e-05,2
49.29816150665283,5e-05,2
49.29816150665283,5e-05,2
49.2997829914093,5e-05,2
49.300804138183594,5e-05,2
49.30200982093811,5e-05,2
49.30200982093811,5e-05,2
49.303203105926514,0.0,2
49.30424642562866,0.0,2
49.305312633514404,0.0,2
49.30624079704285,0.0,2
49.30783414840698,0.0,2
49.30887031555176,0.0,2
49.309916257858276,0.00031,2
49.31090831756592,0.00031,2
49.31188201904297,0.00031,2
49.31291437149048,0.00031,2
49.31392002105713,0.00031,2
49.31491994857788,0.00031,2
49.31591534614563,0.00031,2
49.31692910194397,0.00031,2
49.321221351623535,0.00031,2
49.32253098487854,0.00031,2
49.32359218597412,0.00031,2
49.32497477531433,0.00031,2
49.326064348220825,0.00031,2
49.326064348220825,0.00031,2
49.328540325164795,0.00031,2
49.329885721206665,0.00031,2
49.330469846725464,0.00031,2
49.33102464675903,0.00031,2
49.33102464675903,0.00031,2
49.33551049232483,0.00031,2
52.26458692550659,0.0,3
52.26458692550659,0.0,3
52.26458692550659,0.0,3
52.26458692550659,0.0,3
52.26458692550659,0.0,3
52.26458692550659,0.0,3
52.26458692550659,0.0,3
52.26557803153992,0.0,3
52.26557803153992,0.0,3
52.26557803153992,0.0,3
52.26557803153992,0.0,3
52.26557803153992,0.0,3
52.26557803153992,0.0,3
52.26557803153992,0.0,3
52.26557803153992,0.0,3
52.26557803153992,0.0,3
52.26557803153992,0.0,3
52.26654887199402,0.0,3
52.26654887199402,0.0,3
52.26654887199402,0.0,3
52.26654887199402,0.0,3
52.26654887199402,0.0,3
52.26654887199402,0.0,3
52.26654887199402,1e-05,3
52.26654887199402,1e-05,3
52.26654887199402,1e-05,3
52.267555952072144,1e-05,3
52.267555952072144,1e-05,3
52.267555952072144,1e-05,3
52.26857328414917,1e-05,3
52.26857328414917,1e-05,3
52.26857328414917,1e-05,3
52.2695529460907,1e-05,3
52.2695529460907,1e-05,3
52.2695529460907,1e-05,3
52.2695529460907,1e-05,3
52.2695529460907,1e-05,3
52.2695529460907,1e-05,3
52.2695529460907,1e-05,3
52.2695529460907,1e-05,3
52.2695529460907,1e-05,3
52.27057695388794,0.0,3
52.27057695388794,0.0,3
52.27057695388794,0.0,3
52.27057695388794,0.0,3
52.27057695388794,0.0,3
52.27057695388794,0.0,3
52.27057695388794,0.0,3
52.27057695388794,0.0,3
52.27057695388794,0.0,3
52.27057695388794,0.0,3
52.27057695388794,0.0,3
52.27170133590698,0.0,3
52.27170133590698,0.0,3
52.27170133590698,0.0,3
52.27170133590698,0.0,3
52.27269721031189,0.0,3
52.27366852760315,0.0,3
52.27366852760315,0.0,3
52.27488374710083,0.0,3
52.275882720947266,0.0,3
52.2768816947937,0.0,3
52.27790856361389,0.0,3
52.27890372276306,0.0,3
52.27992272377014,0.0,3
52.280903577804565,0.0,3
52.281923055648804,0.0,3
52.28290343284607,0.0,3
52.28493785858154,0.0,3
52.28592538833618,0.0,3
52.29313898086548,0.0,3
52.294633865356445,0.0,3
52.294633865356445,0.0,3
52.29563903808594,0.0,3
52.296634912490845,0.0,3
52.297632694244385,0.0,3
52.29864716529846,0.0,3
52.29864716529846,0.0,3
52.301180839538574,0.0,3
52.30318093299866,0.0,3
52.30458354949951,0.0,3
52.30458354949951,0.0,3
52.30565118789673,0.0,3
52.30565118789673,0.0,3
52.3070707321167,0.0,3
52.3070707321167,0.0,3
52.3070707321167,0.0,3
52.308269023895264,0.0,3
52.309269428253174,0.0,3
52.320520639419556,0.0,3
52.320520639419556,0.0,3
52.32150411605835,0.0,3
52.32150411605835,0.0,3
52.32150411605835,0.0,3
52.32150411605835,0.0,3
52.32250690460205,0.0,3
52.32250690460205,0.0,3
52.32250690460205,0.0,3
52.32250690460205,0.0,3
52.32250690460205,0.0,3
52.323522090911865,0.0,3
52.323522090911865,0.0,3
52.323522090911865,0.0,3
52.32451605796814,0.0,3
52.32451605796814,0.0,3
52.32652974128723,0.0,3
52.32652974128723,0.0,3
52.327512979507446,0.0,3
52.327512979507446,0.0,3
52.328498125076294,0.0,3
52.328498125076294,0.0,3
52.328498125076294,0.0,3
52.328498125076294,0.0,3
52.33053970336914,0.0,3
52.33053970336914,1e-05,3
52.332552671432495,1e-05,3
52.33351182937622,1e-05,3
52.33450746536255,1e-05,3
52.33654999732971,1e-05,3
52.33851361274719,1e-05,3
52.339550733566284,2e-05,3
52.34049892425537,2e-05,3
52.34151864051819,2e-05,3
52.34252429008484,2e-05,3
52.343502044677734,2e-05,3
52.343502044677734,2e-05,3
52.343502044677734,2e-05,3
52.34452152252197,2e-05,3
52.34552192687988,2e-05,3
52.34552192687988,2e-05,3
52.34653687477112,2e-05,3
52.35650086402893,2e-05,3
52.36349296569824,2e-05,3
52.36652708053589,2e-05,3
52.36749744415283,2e-05,3
52.36749744415283,2e-05,3
52.36951422691345,0.0,3
52.37150955200195,0.0,3
52.37249398231506,0.0,3
52.37351703643799,0.0,3
52.37550091743469,0.0,3
52.37751817703247,0.0,3
52.37751817703247,0.0,3
52.381532430648804,0.0,3
52.381532430648804,0.0,3
52.382498264312744,0.0,3
52.38349723815918,0.0,3
52.384970903396606,0.0,3
52.38646626472473,0.0,3
52.38858962059021,0.0,3
52.3945677280426,0.0,3
52.3945677280426,0.0,3
52.3945677280426,0.0,3
52.3945677280426,0.0,3
52.395867586135864,0.0,3
52.395867586135864,0.0,3
52.395867586135864,0.0,3
52.395867586135864,0.0,3
52.395867586135864,0.0,3
52.395867586135864,0.0,3
52.395867586135864,0.0,3
52.395867586135864,0.0,3
52.395867586135864,0.0,3
52.395867586135864,0.0,3
52.395867586135864,0.0,3
52.395867586135864,0.0,3
52.39714598655701,0.0,3
52.39714598655701,0.0,3
52.39714598655701,0.0,3
52.39714598655701,0.0,3
52.39765238761902,0.0,3
52.39765238761902,0.0,3
52.39765238761902,0.0,3
52.39765238761902,0.0,3
52.39765238761902,0.0,3
52.39765238761902,0.0,3
52.39765238761902,0.0,3
52.39765238761902,0.0,3
52.39765238761902,0.0,3
52.39866018295288,0.0,3
52.39866018295288,0.0,3
52.39866018295288,0.0,3
52.39866018295288,0.0,3
52.39966058731079,0.0,3
52.400672912597656,0.0,3
52.401668310165405,0.0,3
52.40368938446045,0.0,3
52.40368938446045,0.0,3
52.40466499328613,0.0,3
52.40566277503967,0.0,3
52.40669631958008,0.0,3
52.4076771736145,0.0,3
52.40968656539917,0.0,3
52.40968656539917,0.0,3
52.411665201187134,0.0,3
52.411665201187134,0.0,3
52.41322445869446,0.0,3
52.41322445869446,0.0,3
52.41463017463684,0.0,3
52.4153618812561,0.0,3
52.41666007041931,0.0,3
52.417773485183716,0.0,3
52.41877269744873,0.0,3
52.41978311538696,0.0,3
52.42078685760498,0.0,3
52.421769857406616,0.0,3
52.42278051376343,0.0,3
52.42278051376343,0.0,3
52.426286458969116,0.0,3
52.4302716255188,0.0,3
52.43128705024719,0.0,3
52.4342737197876,0.0,3
52.43575716018677,0.0,3
52.43575716018677,0.0,3
52.436755657196045,0.0,3
52.436755657196045,0.0,3
52.43775534629822,0.0,3
52.43775534629822,0.0,3
52.43775534629822,0.0,3
52.43875980377197,0.0,3
52.43875980377197,0.0,3
52.43975782394409,0.0,3
52.43975782394409,0.0,3
52.43975782394409,0.0,3
52.4407594203949,0.0,3
52.446080446243286,0.0,3
52.448081254959106,0.0,3
52.448081254959106,0.0,3
52.448081254959106,0.0,3
52.448081254959106,0.0,3
52.448081254959106,0.0,3
52.448081254959106,0.0,3
52.448081254959106,0.0,3
52.44907760620117,0.0,3
52.45108699798584,0.0,3
52.45208382606506,0.0,3
52.4526207447052,0.0,3
52.4536247253418,0.0,3
52.454651832580566,0.0,3
52.454999685287476,0.0,3
52.456018924713135,0.0,3
52.45701837539673,0.0,3
52.45802545547485,0.0,3
52.45901918411255,0.0,3
52.460018157958984,0.0,3
52.46228837966919,0.0,3
52.46228837966919,0.0,3
52.46334528923035,0.0,3
52.46430706977844,0.0,3
52.465349435806274,0.0,3
52.46635317802429,0.0,3
52.467305421829224,0.0,3
52.469380617141724,0.0,3
52.469380617141724,0.0,3
52.470388412475586,0.0,3
52.47141194343567,0.0,3
52.4747588634491,0.0,3
52.48086643218994,0.0,3
52.48086643218994,0.0,3
52.481865882873535,0.0,3
52.481865882873535,0.0,3
52.482990980148315,0.0,3
52.482990980148315,0.0,3
52.48405122756958,0.0,3
52.48405122756958,0.0,3
52.48548913002014,0.0,3
52.48858952522278,0.0,3
52.49056148529053,0.0,3
52.49159502983093,0.0,3
52.49287986755371,0.0,3
52.49388146400452,0.0,3
52.49609875679016,0.0,3
52.49707746505737,0.0,3
52.49808120727539,0.0,3
52.505090951919556,0.0,3
52.505090951919556,0.0,3
52.505090951919556,0.0,3
52.505090951919556,0.0,3
52.5060818195343,0.0,3
52.5060818195343,0.0,3
52.5060818195343,0.0,3
52.5060818195343,0.0,3
52.5060818195343,0.0,3
52.5060818195343,0.0,3
52.5060818195343,0.0,3
52.5060818195343,0.0,3
52.5060818195343,0.0,3
52.5060818195343,0.0,3
52.5060818195343,0.0,3
52.5060818195343,0.0,3
52.50708818435669,0.0,3
52.50763273239136,0.0,3
52.508707761764526,0.0,3
52.508707761764526,0.0,3
52.510594844818115,0.0,3
52.51165723800659,0.0,3
52.51165723800659,0.0,3
52.513166427612305,0.0,3
52.51417660713196,0.0,3
52.51517605781555,0.0,3
52.51617622375488,0.0,3
52.51717448234558,0.0,3
52.51818132400513,0.0,3
52.51931071281433,0.0,3
52.520506381988525,0.0,3
52.521615982055664,0.0,3
52.5225772857666,0.0,3
52.52359056472778,0.0,3
52.52453351020813,0.0,3
52.525591135025024,0.0,3
52.52654147148132,0.0,3
52.527547121047974,0.0,3
52.52868437767029,1e-05,3
52.52969670295715,0.0,3
52.53063154220581,0.0,3
52.531630992889404,0.0,3
52.532673835754395,0.0,3
52.53367471694946,0.0,3
52.5346736907959,0.0,3
52.54314160346985,0.0,3
52.54471945762634,0.0,3
52.54471945762634,0.0,3
52.54574775695801,0.0,3
52.54674315452576,0.0,3
52.54674315452576,0.0,3
52.547741174697876,0.0,3
52.547741174697876,0.0,3
52.54874396324158,0.0,3
52.54974126815796,0.0,3
52.55074214935303,0.0,3
52.551743030548096,0.0,3
52.552847385406494,0.0,3
52.55391764640808,0.0,3
52.55391764640808,0.0,3
52.554916858673096,0.0,3
52.55591678619385,0.0,3
52.55591678619385,0.0,3
52.55691647529602,0.0,3
52.56092095375061,0.0,3
52.56092095375061,0.0,3
52.56092095375061,0.0,3
52.561928272247314,0.0,3
52.561928272247314,0.0,3
52.561928272247314,0.0,3
52.561928272247314,0.0,3
52.561928272247314,0.0,3
52.56291937828064,0.0,3
52.563920974731445,0.0,3
52.56492066383362,0.0,3
52.56591987609863,0.0,3
52.56692290306091,0.0,3
52.56692290306091,0.0,3
52.568329095840454,0.0,3
52.56962585449219,0.0,3
52.5705189704895,0.0,3
52.57166576385498,0.0,3
52.572672605514526,0.0,3
52.573673725128174,0.0,3
52.57467770576477,0.0,3
52.575692892074585,0.0,3
52.57667589187622,0.0,3
52.57767391204834,0.0,3
52.57867431640625,0.0,3
52.57967782020569,0.0,3
52.580673694610596,0.0,3
52.58167338371277,0.0,3
52.590978145599365,0.0,3
52.59195256233215,0.0,3
52.59296798706055,0.0,3
52.59373617172241,0.0,3
52.594767332077026,0.0,3
52.59652900695801,0.0,3
52.59756779670715,0.0,3
52.59756779670715,0.0,3
52.59756779670715,0.0,3
52.59954524040222,0.0,3
52.59954524040222,0.0,3
52.601163387298584,0.0,3
52.602174043655396,0.0,3
52.604180574417114,0.0,3
52.60522198677063,0.0,3
52.607672929763794,0.0,3
52.608768701553345,0.0,3
52.608768701553345,0.0,3
52.61486339569092,0.0,3
52.61486339569092,0.0,3
52.61486339569092,0.0,3
52.61486339569092,0.0,3
52.615395307540894,0.0,3
52.615395307540894,0.0,3
52.615395307540894,0.0,3
52.615395307540894,0.0,3
52.615395307540894,0.0,3
52.615395307540894,0.0,3
52.61589980125427,1e-05,3
52.61589980125427,1e-05,3
52.61589980125427,1e-05,3
52.61589980125427,1e-05,3
52.61589980125427,1e-05,3
52.61589980125427,1e-05,3
52.61690950393677,1e-05,3
52.61798024177551,1e-05,3
52.618993282318115,1e-05,3
52.618993282318115,1e-05,3
52.620766401290894,1e-05,3
52.62168335914612,1e-05,3
52.6226966381073,0.0,3
52.623695373535156,0.0,3
52.62469530105591,0.0,3
52.62569546699524,0.0,3
52.62669515609741,0.0,3
52.6276957988739,0.0,3
52.62869596481323,1e-05,3
52.629700899124146,1e-05,3
52.6307270526886,1e-05,3
52.63170528411865,1e-05,3
52.63269591331482,1e-05,3
52.63369846343994,1e-05,3
52.63469982147217,1e-05,3
52.635701179504395,1e-05,3
52.63670110702515,1e-05,3
52.63770079612732,1e-05,3
52.63870024681091,1e-05,3
52.6397008895874,1e-05,3
52.640846252441406,1e-05,3
52.64184236526489,1e-05,3
52.64285850524902,1e-05,3
52.64384150505066,1e-05,3
52.64926815032959,1e-05,3
52.65027713775635,0.0,3
52.65027713775635,0.0,3
52.65125226974487,0.0,3
52.65125226974487,0.0,3
52.65125226974487,0.0,3
52.65227293968201,0.0,3
52.65227293968201,0.0,3
52.65227293968201,0.0,3
52.65327000617981,0.0,3
52.65426564216614,0.0,3
52.65827560424805,0.0,3
52.65827560424805,0.0,3
52.659252405166626,0.0,3
52.659252405166626,0.0,3
52.659252405166626,0.0,3
52.66054677963257,0.0,3
52.66164755821228,0.0,3
52.662638425827026,0.0,3
52.663676261901855,0.0,3
52.66468596458435,0.0,3
52.66569638252258,0.0,3
52.66667461395264,0.0,3
52.667696475982666,0.0,3
52.668675899505615,0.0,3
52.66968083381653,0.0,3
52.670674562454224,0.0,3
52.67167544364929,0.0,3
52.672680139541626,0.0,3
52.67367506027222,0.0,3
52.6746768951416,0.0,3
52.675678730010986,0.0,3
52.67667889595032,0.0,3
52.677677154541016,0.0,3
52.67868161201477,0.0,3
52.6796338558197,0.0,3
52.680662393569946,1e-05,3
52.68166184425354,1e-05,3
52.682697772979736,1e-05,3
52.6836998462677,1e-05,3
52.68470239639282,1e-05,3
52.68571853637695,1e-05,3
52.68777585029602,1e-05,3
52.68777585029602,1e-05,3
52.689701318740845,0.0,3
52.689701318740845,0.0,3
52.69170379638672,0.0,3
52.69770002365112,0.0,3
52.69870662689209,0.0,3
52.69870662689209,0.0,3
52.699713706970215,0.0,3
52.699713706970215,0.0,3
52.700743198394775,0.0,3
52.700743198394775,0.0,3
52.701719760894775,0.0,3
52.70271849632263,0.0,3
52.70271849632263,0.0,3
52.70371460914612,0.0,3
52.70371460914612,0.0,3
52.70371460914612,0.0,3
52.70471429824829,2e-05,3
52.70979881286621,2e-05,3
52.711021184921265,2e-05,3
52.711021184921265,2e-05,3
52.711021184921265,2e-05,3
52.711021184921265,2e-05,3
52.711021184921265,2e-05,3
52.711021184921265,2e-05,3
52.71203374862671,2e-05,3
52.7135956287384,2e-05,3
52.71499991416931,2e-05,3
52.715986013412476,2e-05,3
52.715986013412476,2e-05,3
52.71819257736206,2e-05,3
52.72318720817566,2e-05,3
52.72318720817566,2e-05,3
52.726211071014404,2e-05,3
52.732234716415405,2e-05,3
52.737199783325195,2e-05,3
52.737199783325195,2e-05,3
52.739237785339355,2e-05,3
52.74376559257507,0.0,3
52.74376559257507,0.0,3
52.74479413032532,1e-05,3
52.74479413032532,0.0,3
52.74479413032532,0.0,3
52.74578237533569,0.0,3
52.74578237533569,0.0,3
52.74678349494934,0.0,3
52.74678349494934,0.0,3
52.74678349494934,0.0,3
52.747783184051514,0.0,3
52.747783184051514,0.0,3
52.74878525733948,0.0,3
52.74878525733948,0.0,3
52.74878525733948,0.0,3
52.74978423118591,0.0,3
52.75083255767822,0.0,3
52.751792669296265,0.0,3
52.75615620613098,0.0,3
52.75615620613098,0.0,3
52.7621750831604,0.0,3
52.7621750831604,0.0,3
52.763174295425415,0.0,3
52.763174295425415,0.0,3
52.763174295425415,0.0,3
52.763174295425415,0.0,3
52.763174295425415,0.0,3
52.763174295425415,0.0,3
52.76620697975159,0.0,3
52.76620697975159,0.0,3
52.76723098754883,0.0,3
52.76723098754883,0.0,3
52.768181562423706,0.0,3
52.768181562423706,0.0,3
52.768181562423706,0.0,3
52.77369523048401,0.0,3
52.774699211120605,1e-05,3
52.774699211120605,1e-05,3
52.774699211120605,1e-05,3
52.774699211120605,1e-05,3
52.77564263343811,1e-05,3
52.77564263343811,1e-05,3
52.78065061569214,1e-05,3
52.78065061569214,1e-05,3
52.78065061569214,1e-05,3
52.78065061569214,1e-05,3
52.78165626525879,1e-05,3
52.78765320777893,1e-05,3
52.78894257545471,1e-05,3
52.789939880371094,1e-05,3
52.789939880371094,1e-05,3
52.79093933105469,1e-05,3
52.79093933105469,1e-05,3
52.791940450668335,1e-05,3
52.79293489456177,1e-05,3
52.79393768310547,1e-05,3
52.79393768310547,0.0,3
52.79493474960327,0.0,3
52.79493474960327,0.0,3
52.795937061309814,0.0,3
52.795937061309814,0.0,3
52.79894137382507,0.0,3
52.799941062927246,0.0,3
52.799941062927246,0.0,3
52.80446672439575,0.0,3
52.80446672439575,0.0,3
52.80446672439575,0.0,3
52.80446672439575,0.0,3
52.80446672439575,0.0,3
52.80446672439575,0.0,3
52.80446672439575,0.0,3
52.80544328689575,0.0,3
52.80544328689575,0.0,3
52.80544328689575,0.0,3
52.80743741989136,0.0,3
52.80743741989136,0.0,3
52.80743741989136,0.0,3
52.80743741989136,0.0,3
52.80743741989136,0.0,3
52.80844712257385,0.0,3
52.80844712257385,0.0,3
52.80844712257385,0.0,3
52.80844712257385,0.0,3
52.80844712257385,0.0,3
52.809470891952515,0.0,3
52.81046009063721,0.0,3
52.811439037323,0.0,3
52.81258034706116,0.0,3
52.81353545188904,0.0,3
52.81595301628113,0.0,3
52.817429542541504,0.0,3
52.817429542541504,0.0,3
52.817429542541504,0.0,3
52.819400787353516,0.0,3
52.819400787353516,0.0,3
52.82138442993164,0.0,3
52.82138442993164,0.0,3
52.82884860038757,0.0,3
52.82884860038757,0.0,3
52.82884860038757,0.0,3
52.82884860038757,0.0,3
52.82984256744385,0.0,3
52.82984256744385,0.0,3
52.82984256744385,0.0,3
52.83337092399597,0.0,3
52.83853316307068,0.0,3
52.83853316307068,0.0,3
52.83853316307068,0.0,3
52.83853316307068,0.0,3
52.83953905105591,0.0,3
52.83953905105591,0.0,3
52.83953905105591,0.0,3
52.840564012527466,0.0,3
52.840564012527466,0.0,3
52.840564012527466,0.0,3
52.841556787490845,0.0,3
52.841556787490845,0.0,3
52.84255361557007,0.0,3
52.843557357788086,0.0,3
52.847533226013184,0.0,3
52.847533226013184,0.0,3
52.84956336021423,0.0,3
52.854564905166626,0.0,3
52.854564905166626,0.0,3
52.854564905166626,0.0,3
52.855605363845825,0.0,3
52.855605363845825,0.0,3
52.856608390808105,0.0,3
52.86057639122009,0.0,3
52.864567279815674,0.0,3
52.864567279815674,0.0,3
52.864567279815674,0.0,3
52.864567279815674,0.0,3
52.865540504455566,0.0,3
52.87026834487915,0.0,3
52.87026834487915,0.0,3
52.87125205993652,0.0,3
52.87125205993652,0.0,3
52.87125205993652,0.0,3
52.87125205993652,0.0,3
52.87125205993652,0.0,3
52.87326169013977,0.0,3
52.87326169013977,0.0,3
52.87326169013977,0.0,3
52.87326169013977,0.0,3
52.87326169013977,0.0,3
52.87426400184631,0.0,3
52.87426400184631,0.0,3
52.87426400184631,0.0,3
52.8746235370636,0.0,3
52.875670194625854,0.0,3
52.87667751312256,0.0,3
52.879029989242554,0.0,3
52.88043975830078,0.0,3
52.883437395095825,0.0,3
52.885720014572144,0.0,3
52.88671040534973,0.0,3
52.88771986961365,0.0,3
52.88913869857788,0.0,3
52.89012670516968,0.0,3
52.89012670516968,0.0,3
52.89112591743469,0.0,3
52.89441967010498,0.0,3
52.89441967010498,0.0,3
52.89695644378662,0.0,3
52.89695644378662,0.0,3
52.89695644378662,0.0,3
52.8979856967926,0.0,3
52.8979856967926,0.0,3
52.904231786727905,0.0,3
52.904231786727905,0.0,3
52.90925717353821,0.0,3
52.91063332557678,0.0,3
52.91063332557678,0.0,3
52.91063332557678,0.0,3
52.91180443763733,0.0,3
52.91180443763733,0.0,3
52.91180443763733,0.0,3
52.91180443763733,0.0,3
52.91496658325195,0.0,3
52.91496658325195,0.0,3
52.91596436500549,0.0,3
52.91596436500549,0.0,3
52.91596436500549,0.0,3
52.91596436500549,0.0,3
52.91596436500549,0.0,3
52.91596436500549,0.0,3
52.91596436500549,0.0,3
52.91596436500549,0.0,3
52.91596436500549,0.0,3
52.916970014572144,0.0,3
52.916970014572144,0.0,3
52.91797661781311,0.0,3
52.9209885597229,0.0,3
52.9209885597229,0.0,3
52.9209885597229,0.0,3
52.9209885597229,0.0,3
52.92496180534363,0.0,3
52.925965785980225,0.0,3
52.925965785980225,0.0,3
52.92696285247803,0.0,3
52.92696285247803,0.0,3
52.92696285247803,0.0,3
52.92896819114685,0.0,3
52.929962158203125,0.0,3
52.93396711349487,0.0,3
52.93396711349487,0.0,3
52.93518304824829,0.0,3
52.93621492385864,0.0,3
52.9402961730957,0.0,3
52.942296266555786,0.0,3
52.942296266555786,0.0,3
52.94333076477051,0.0,3
52.94333076477051,0.0,3
52.94333076477051,0.0,3
52.945353507995605,0.0,3
52.945353507995605,0.0,3
52.945353507995605,0.0,3
52.945353507995605,0.0,3
52.94637107849121,0.0,3
52.94637107849121,0.0,3
52.94661998748779,0.0,3
52.94762396812439,0.0,3
52.94864583015442,0.0,3
52.95891213417053,0.0,3
52.96088767051697,0.0,3
52.96189022064209,0.0,3
52.96690392494202,0.0,3
52.96788954734802,0.0,3
52.96938419342041,0.0,3
52.970428705215454,0.0,3
52.97295117378235,0.0,3
52.973968267440796,0.0,3
52.97696280479431,0.0,3
52.978307008743286,0.0,3
52.97935461997986,0.0,3
52.97935461997986,0.0,3
52.9803524017334,0.0,3
52.981340169906616,0.0,3
52.981340169906616,0.0,3
52.98232698440552,0.0,3
52.98232698440552,0.0,3
52.992079734802246,0.0,3
52.993056774139404,0.0,3
52.99705910682678,0.0,3
53.00206732749939,0.0,3
53.00206732749939,0.0,3
53.00206732749939,0.0,3
53.00206732749939,0.0,3
53.00306963920593,0.0,3
53.00306963920593,0.0,3
53.00306963920593,0.0,3
53.00306963920593,0.0,3
53.00306963920593,0.0,3
53.00406789779663,0.0,3
53.00607895851135,0.0,3
53.00607895851135,0.0,3
53.00607895851135,0.0,3
53.00607895851135,0.0,3
53.00607895851135,0.0,3
53.00607895851135,0.0,3
53.00607895851135,0.0,3
53.00806403160095,0.0,3
53.00806403160095,0.0,3
53.00806403160095,0.0,3
53.00806403160095,0.0,3
53.00806403160095,0.0,3
53.00806403160095,0.0,3
53.00906753540039,0.0,3
53.00906753540039,0.0,3
53.00906753540039,0.0,3
53.00906753540039,0.0,3
53.00906753540039,0.0,3
53.00906753540039,0.0,3
53.00906753540039,0.0,3
53.00906753540039,0.0,3
53.00906753540039,0.0,3
53.01006722450256,0.0,3
53.01006722450256,0.0,3
53.01006722450256,0.0,3
53.01006722450256,0.0,3
53.01006722450256,0.0,3
53.01006722450256,0.0,3
53.01006722450256,0.0,3
53.01006722450256,0.0,3
53.01006722450256,0.0,3
53.011632442474365,0.0,3
53.012731313705444,0.0,3
53.01374101638794,0.0,3
53.01374101638794,1e-05,3
53.01591944694519,1e-05,3
53.01591944694519,0.0,3
53.0169723033905,0.0,3
53.02052855491638,0.0,3
53.02467083930969,0.0,3
53.02467083930969,0.0,3
53.02467083930969,0.0,3
53.02574944496155,0.0,3
53.02574944496155,0.0,3
53.02574944496155,0.0,3
53.02677059173584,0.0,3
53.02677059173584,0.0,3
53.027769327163696,0.0,3
53.02886915206909,0.0,3
53.02886915206909,0.0,3
53.03033447265625,0.0,3
53.03989887237549,0.0,3
53.04293990135193,0.0,3
53.04404044151306,0.0,3
53.04404044151306,0.0,3
53.04404044151306,0.0,3
53.04404044151306,0.0,3
53.04404044151306,0.0,3
53.04404044151306,0.0,3
53.04404044151306,0.0,3
53.04503154754639,0.0,3
53.04503154754639,0.0,3
53.04503154754639,0.0,3
53.04503154754639,0.0,3
53.047032833099365,0.0,3
53.047032833099365,0.0,3
53.047032833099365,0.0,3
53.047032833099365,0.0,3
53.04839205741882,0.0,3
53.0493905544281,0.0,3
53.051732301712036,1e-05,3
53.051732301712036,0.0,3
53.05272555351257,0.0,3
53.05272555351257,0.0,3
53.058605670928955,0.0,3
53.058605670928955,0.0,3
53.058605670928955,0.0,3
53.058605670928955,0.0,3
53.06006574630737,0.0,3
53.06006574630737,0.0,3
53.06104779243469,0.0,3
53.06204605102539,0.0,3
53.066290616989136,0.0,3
53.0712685585022,0.0,3
53.0712685585022,0.0,3
53.072386264801025,0.0,3
53.072386264801025,0.0,3
53.072386264801025,0.0,3
53.07338547706604,0.0,3
53.07338547706604,0.0,3
53.074384689331055,0.0,3
53.07539224624634,0.0,3
53.07539224624634,0.0,3
53.07539224624634,0.0,3
53.07638478279114,0.0,3
53.07638478279114,0.0,3
53.07638478279114,0.0,3
53.080416679382324,0.0,3
53.083412885665894,0.0,3
53.084569692611694,0.0,3
53.08508801460266,0.0,3
53.08619737625122,0.0,3
53.0871422290802,0.0,3
53.0871422290802,0.0,3
53.08811068534851,0.0,3
53.08811068534851,0.0,3
53.095614194869995,0.0,3
53.095614194869995,0.0,3
53.096587896347046,0.0,3
53.096587896347046,0.0,3
53.096587896347046,0.0,3
53.096587896347046,0.0,3
53.096587896347046,0.0,3
53.096587896347046,0.0,3
53.098628520965576,0.0,3
53.098628520965576,0.0,3
53.09962821006775,0.0,3
53.09962821006775,0.0,3
53.09962821006775,0.0,3
53.09962821006775,0.0,3
53.100635051727295,0.0,3
53.10667872428894,0.0,3
53.10667872428894,0.0,3
53.10769820213318,0.0,3
53.10769820213318,0.0,3
53.10769820213318,0.0,3
53.108704805374146,0.0,3
53.108704805374146,0.0,3
53.11366677284241,0.0,3
53.117493629455566,1e-05,3
53.11966300010681,1e-05,3
53.12079310417175,1e-05,3
53.12178421020508,1e-05,3
53.12295198440552,1e-05,3
53.12295198440552,1e-05,3
53.12398338317871,1e-05,3
53.12398338317871,1e-05,3
53.12541365623474,1e-05,3
53.12541365623474,1e-05,3
53.13111186027527,1e-05,3
53.13111186027527,1e-05,3
53.13111186027527,1e-05,3
53.13111186027527,1e-05,3
53.13111186027527,1e-05,3
53.13111186027527,1e-05,3
53.13214659690857,1e-05,3
53.13214659690857,1e-05,3
53.13214659690857,1e-05,3
53.13214659690857,1e-05,3
53.13214659690857,0.0,3
53.13214659690857,0.0,3
53.13214659690857,0.0,3
53.13214659690857,0.0,3
53.13415551185608,0.0,3
53.13616466522217,0.0,3
53.13919425010681,0.0,3
53.13919425010681,0.0,3
53.13919425010681,0.0,3
53.13919425010681,0.0,3
53.1404767036438,0.0,3
53.1404767036438,0.0,3
53.14277005195618,0.0,3
53.14277005195618,0.0,3
53.14277005195618,0.0,3
53.14401912689209,0.0,3
53.145017862319946,0.0,3
53.14671206474304,0.0,3
53.14743113517761,0.0,3
53.14827513694763,0.0,3
53.15334367752075,0.0,3
53.15433192253113,0.0,3
53.15433192253113,0.0,3
53.15433192253113,0.0,3
53.15433192253113,0.0,3
53.15433192253113,0.0,3
53.15562701225281,0.0,3
53.156890869140625,0.0,3
53.159210205078125,0.0,3
53.16121506690979,0.0,3
53.16556215286255,0.0,3
53.16556215286255,0.0,3
53.16704797744751,0.0,3
53.16704797744751,0.0,3
53.16805815696716,0.0,3
53.16912341117859,0.0,3
53.17167353630066,0.0,3
53.17266511917114,0.0,3
53.174901723861694,0.0,3
53.17694902420044,0.0,3
53.17910552024841,0.0,3
53.180148124694824,0.0,3
53.180148124694824,0.0,3
53.18109846115112,0.0,3
53.18612718582153,0.0,3
53.18612718582153,0.0,3
53.18612718582153,0.0,3
53.188204765319824,0.0,3
53.188204765319824,0.0,3
53.188204765319824,0.0,3
53.18920612335205,0.0,3
53.18920612335205,0.0,3
53.18920612335205,0.0,3
53.18920612335205,0.0,3
53.19062161445618,0.0,3
53.19062161445618,0.0,3
53.19062161445618,0.0,3
53.191651582717896,0.0,3
53.191651582717896,0.0,3
53.191651582717896,0.0,3
53.191651582717896,0.0,3
53.191651582717896,0.0,3
53.191651582717896,0.0,3
53.192657709121704,0.0,3
53.19365572929382,0.0,3
53.19464087486267,0.0,3
53.195003271102905,0.0,3
53.19665861129761,5e-05,3
53.19870066642761,0.00022,3
53.19870066642761,0.00022,3
53.19943952560425,0.00022,3
53.20097613334656,0.00022,3
53.20097613334656,0.00022,3
53.20248341560364,0.00022,3
53.20350098609924,0.00022,3
53.20449709892273,0.00022,3
53.2065212726593,0.00022,3
53.2065212726593,0.00022,3
53.207499504089355,0.00022,3
53.208513021469116,0.00022,3
53.209540367126465,0.00022,3
53.21052289009094,0.00022,3
53.21153998374939,0.00022,3
53.212502241134644,0.00022,3
53.21354675292969,0.00022,3
53.21466684341431,0.00022,3
53.215638875961304,0.00022,3
53.21662712097168,0.00022,3
53.2187180519104,0.00022,3
53.2187180519104,0.00022,3
53.2187180519104,0.00013,3
53.22592353820801,0.0,3
53.22692370414734,0.0,3
53.22692370414734,0.0,3
53.227946043014526,0.0,3
53.227946043014526,0.0,3
53.22894334793091,0.0,3
53.230064868927,0.0,3
53.23107361793518,0.0,3
53.23107361793518,0.0,3
53.23350763320923,0.0,3
53.23491048812866,0.0,3
53.23491048812866,0.0,3
53.235886096954346,0.0,3
53.237125635147095,0.0,3
53.23827075958252,0.0,3
53.23827075958252,0.0,3
53.23827075958252,0.0,3
53.239275217056274,0.0,3
53.24286913871765,0.0,3
53.244893312454224,0.0,3
53.244893312454224,0.0,3
53.244893312454224,0.0,3
53.244893312454224,0.0,3
53.244893312454224,0.0,3
53.244893312454224,0.0,3
53.244893312454224,0.0,3
53.247734785079956,0.0,3
53.247734785079956,0.0,3
53.24874830245972,0.0,3
53.24978733062744,0.00046,3
53.25119709968567,0.00046,3
53.25119709968567,0.00046,3
53.25361347198486,0.00046,3
53.25361347198486,0.00046,3
53.25762152671814,0.00046,3
53.258806228637695,0.00019,3
53.258806228637695,0.0,3
53.258806228637695,0.0,3
53.258806228637695,0.0,3
53.25982689857483,0.0,3
53.25982689857483,0.0,3
53.262842416763306,0.0,3
53.262842416763306,0.0,3
53.262842416763306,0.0,3
53.26464104652405,0.0,3
53.26510715484619,0.0,3
53.26711964607239,0.0,3
53.274036169052124,0.0,3
53.27621555328369,0.0,3
53.27820134162903,0.0,3
53.27820134162903,0.0,3
53.27922868728638,0.0,3
53.27922868728638,0.0,3
53.28019452095032,0.0,3
53.28121638298035,0.0,3
53.28121638298035,0.0,3
53.28121638298035,0.0,3
53.28221416473389,0.0,3
53.28221416473389,9e-05,3
53.283193588256836,9e-05,3
53.28463554382324,9e-05,3
53.28996777534485,9e-05,3
53.29306125640869,9e-05,3
53.29306125640869,9e-05,3
53.29306125640869,9e-05,3
53.29409217834473,0.0,3
53.29409217834473,0.0,3
53.29409217834473,0.0,3
53.29607915878296,0.0,3
53.29607915878296,0.0,3
53.29607915878296,0.0,3
53.29607915878296,0.0,3
53.29607915878296,0.0,3
53.29607915878296,0.0,3
53.29607915878296,0.0,3
53.29607915878296,0.0,3
53.297064542770386,0.0,3
53.29764103889465,0.0,3
53.29870653152466,0.0,3
53.30000400543213,0.00023,3
53.30112361907959,0.0,3
53.30112361907959,0.0,3
53.30358123779297,0.0,3
53.30358123779297,0.0,3
53.30358123779297,0.0,3
53.30479860305786,0.0,3
53.306607723236084,0.0,3
53.307605028152466,0.0,3
53.30865216255188,0.0,3
53.31064963340759,0.0,3
53.31064963340759,0.0,3
53.31164836883545,0.0,3
53.312668323516846,0.0,3
53.3136465549469,0.0,3
53.31479597091675,2e-05,3
53.320091009140015,2e-05,3
53.32106280326843,2e-05,3
53.32106280326843,2e-05,3
53.32210564613342,2e-05,3
53.32210564613342,2e-05,3
53.32310748100281,2e-05,3
53.32310748100281,0.00076,3
53.325106143951416,0.00076,3
53.325106143951416,0.00076,3
53.32610869407654,0.00076,3
53.32610869407654,0.00076,3
53.32708811759949,0.00076,3
53.32810854911804,0.00076,3
53.33413624763489,0.00076,3
53.33513832092285,0.00076,3
53.33513832092285,0.00076,3
53.336161851882935,0.00076,3
53.34112739562988,0.00076,3
53.3421311378479,0.00076,3
53.3421311378479,0.00076,3
53.343130588531494,0.00076,3
53.343130588531494,0.0,3
53.343130588531494,0.0,3
53.34413957595825,0.0,3
53.34413957595825,0.0,3
53.34413957595825,0.0,3
53.34413957595825,0.0,3
53.34743356704712,0.0,3
53.34743356704712,0.0,3
53.34843945503235,0.0,3
53.34843945503235,0.0,3
53.34843945503235,0.0,3
53.34843945503235,0.0,3
53.34843945503235,0.0,3
53.35445165634155,0.0,3
53.35545468330383,0.0,3
53.35643434524536,0.0,3
53.35744571685791,0.0,3
53.35744571685791,0.0,3
53.36285662651062,0.0,3
53.36385774612427,0.0,3
53.36707425117493,0.0,3
53.36905765533447,0.0,3
53.37004804611206,0.0,3
53.37104797363281,0.0,3
53.372230768203735,0.0,3
53.37339210510254,0.0,3
53.3743736743927,0.0,3
53.3743736743927,0.0,3
53.375391721725464,0.0,3
53.375391721725464,0.0,3
53.37640166282654,0.0,3
53.37640166282654,0.0,3
53.37640166282654,0.0,3
53.37739872932434,0.0,3
53.37739872932434,0.0,3
53.38276171684265,0.0,3
53.38276171684265,0.0,3
53.38732933998108,0.0,3
53.38732933998108,0.0,3
53.388330698013306,0.0,3
53.388330698013306,0.0,3
53.388330698013306,0.0,3
53.388330698013306,0.0,3
53.388330698013306,0.0,3
53.388330698013306,0.0,3
53.388330698013306,0.0,3
53.388330698013306,0.0,3
53.388330698013306,0.0,3
53.38932967185974,0.0,3
53.38932967185974,0.0,3
53.39141631126404,0.0,3
53.39141631126404,0.0,3
53.39141631126404,0.0,3
53.39141631126404,0.0,3
53.39141631126404,0.0,3
53.39141631126404,0.0,3
53.39240312576294,0.0,3
53.39342379570007,0.0,3
53.39451289176941,0.0,3
53.39561986923218,0.0,3
53.39561986923218,0.0,3
53.399256467819214,0.0,3
53.399256467819214,0.0,3
53.399256467819214,0.0,3
53.40029335021973,0.00011,3
53.40224575996399,0.00015,3
53.40224575996399,0.00015,3
53.40427923202515,0.00015,3
53.40427923202515,0.00015,3
53.40952181816101,0.00015,3
53.411805629730225,0.00015,3
53.413814544677734,0.00015,3
53.413814544677734,0.00015,3
53.414822816848755,0.00015,3
53.41583228111267,0.00015,3
53.41883873939514,0.00015,3
53.41983079910278,0.00015,3
53.42103552818298,0.00015,3
53.42529487609863,0.00015,3
53.42529487609863,0.0,3
53.42529487609863,0.0,3
53.42529487609863,0.0,3
53.42652201652527,0.0,3
53.427796602249146,0.0,3
53.427796602249146,0.0,3
53.427796602249146,0.0,3
53.427796602249146,0.0,3
53.427796602249146,0.0,3
53.427796602249146,0.0,3
53.428794860839844,0.0,3
53.428794860839844,0.0,3
53.428794860839844,0.0,3
53.428794860839844,0.0,3
53.43185639381409,0.0,3
53.43185639381409,8e-05,3
53.43185639381409,0.0,3
53.43285775184631,0.0,3
53.43386960029602,0.0,3
53.43485736846924,0.0,3
53.43485736846924,0.0,3
53.4362359046936,0.0,3
53.440234899520874,0.0,3
53.440234899520874,0.0,3
53.440234899520874,0.0,3
53.440234899520874,0.0,3
53.44123888015747,0.0,3
53.44241714477539,0.0,3
53.443437576293945,0.0,3
53.444432497024536,0.0,3
53.44541573524475,0.0,3
53.45043873786926,0.0,3
53.45043873786926,0.0,3
53.45043873786926,0.0,3
53.45043873786926,0.0,3
53.45043873786926,0.0,3
53.4514524936676,0.0,3
53.4534707069397,0.00027,3
53.45444202423096,0.00033,3
53.465492725372314,0.00033,3
53.466506242752075,0.00033,3
53.46890377998352,0.00033,3
53.47122097015381,0.00033,3
53.47357797622681,0.00033,3
53.47459149360657,0.00033,3
53.47459149360657,0.00033,3
53.47597050666809,0.00033,3
53.47597050666809,0.00033,3
53.47705078125,0.00033,3
53.482224464416504,0.00033,3
53.48940062522888,0.00033,3
53.48940062522888,0.00033,3
53.48940062522888,0.00033,3
53.49038219451904,0.00033,3
53.49038219451904,0.00033,3
53.49038219451904,0.00033,3
53.491387367248535,0.00033,3
53.491387367248535,0.00033,3
53.491387367248535,0.00033,3
53.491387367248535,0.00033,3
53.491387367248535,0.0,3
53.491387367248535,0.0,3
53.491387367248535,0.0,3
53.491387367248535,0.0,3
53.491387367248535,0.0,3
53.49238848686218,0.0,3
53.49238848686218,0.0,3
53.49238848686218,0.0,3
53.49238848686218,0.0,3
53.49238848686218,0.0,3
53.49238848686218,0.0,3
53.49238848686218,0.0,3
53.49238848686218,0.0,3
53.49238848686218,0.0,3
53.49238848686218,0.0,3
53.49238848686218,0.0,3
53.49338173866272,0.0,3
53.49338173866272,0.0,3
53.49338173866272,0.0,3
53.494643449783325,0.0,3
53.49560022354126,0.0,3
53.496609687805176,0.0,3
53.49780225753784,0.0,3
53.49780225753784,0.0,3
53.49985718727112,0.0,3
53.50082612037659,0.0,3
53.50184082984924,0.0,3
53.502830028533936,0.0,3
53.50487685203552,0.0,3
53.51411008834839,0.0,3
53.51411008834839,0.0,3
53.51541304588318,0.0,3
53.51592016220093,0.0,3
53.516931772232056,0.0,3
53.516931772232056,0.0,3
53.51937937736511,0.0,3
53.521366119384766,0.0,3
53.52237558364868,0.0,3
53.5233793258667,0.0,3
53.524370431900024,0.0,3
53.52540850639343,0.0,3
53.52540850639343,0.0,3
53.52638268470764,0.0,3
53.529401779174805,0.0,3
53.529401779174805,0.0,3
53.529401779174805,0.0,3
53.529401779174805,0.0,3
53.53038692474365,0.0,3
53.53038692474365,0.0,3
53.53038692474365,0.0,3
53.53038692474365,0.0,3
53.53038692474365,0.0,3
53.53038692474365,0.0,3
53.53038692474365,0.0,3
53.53038692474365,0.0,3
53.53038692474365,0.0,3
53.53159713745117,0.0,3
53.532686948776245,0.00015,3
53.53370976448059,8e-05,3
53.53470039367676,0.0,3
53.53570556640625,0.0,3
53.53670573234558,0.0,3
53.537702560424805,0.0,3
53.53874588012695,0.0,3
53.53973937034607,0.0,3
53.54070854187012,0.0,3
53.54171419143677,0.0,3
53.543704986572266,0.0,3
53.543704986572266,0.0,3
53.54470729827881,0.0,3
53.54565167427063,0.0,3
53.546669483184814,0.0,3
53.546669483184814,0.0,3
53.54793381690979,0.0,3
53.54990363121033,0.0,3
53.55691123008728,0.0,3
53.55691123008728,0.0,3
53.55691123008728,0.0,3
53.55790686607361,0.0,3
53.55790686607361,0.0,3
53.55890965461731,0.00026,3
53.55890965461731,0.00026,3
53.5599091053009,0.00026,3
53.56090998649597,0.00026,3
53.56090998649597,0.00026,3
53.56191086769104,0.00026,3
53.56191086769104,0.00026,3
53.563913345336914,0.00026,3
53.57128882408142,0.00026,3
53.572277784347534,0.00026,3
53.572277784347534,0.00026,3
53.572277784347534,0.00026,3
53.572277784347534,0.00026,3
53.57327389717102,0.00026,3
53.57327389717102,0.00026,3
53.57327389717102,0.0,3
53.57327389717102,0.0,3
53.57327389717102,0.0,3
53.57327389717102,0.0,3
53.574617862701416,0.0,3
53.57569360733032,0.0,3
53.57569360733032,0.0,3
53.5768940448761,0.0,3
53.577885389328,0.0,3
53.5788950920105,0.0,3
53.58036160469055,0.0,3
53.58036160469055,0.0,3
53.58284783363342,0.0,3
53.5840859413147,0.0,3
53.5840859413147,0.0,3
53.585062742233276,0.0,3
53.58608031272888,0.0,3
53.58906126022339,0.0,3
53.58906126022339,0.0,3
53.59007811546326,0.0,3
53.59007811546326,0.0,3
53.5916166305542,0.0,3
53.592612743377686,0.00013,3
53.59367489814758,9e-05,3
53.59472393989563,9e-05,3
53.595690965652466,9e-05,3
53.5966899394989,9e-05,3
53.59770488739014,9e-05,3
53.60359573364258,9e-05,3
53.604583501815796,9e-05,3
53.60557746887207,9e-05,3
53.60662388801575,9e-05,3
53.60662388801575,9e-05,3
53.60662388801575,9e-05,3
53.6078999042511,9e-05,3
53.60898017883301,0.0,3
53.60898017883301,0.0,3
53.60898017883301,0.0,3
53.61001133918762,0.0,3
53.61001133918762,0.0,3
53.61001133918762,0.0,3
53.61535716056824,0.0,3
53.61535716056824,0.0,3
53.61535716056824,0.0,3
53.61535716056824,6e-05,3
53.61638808250427,6e-05,3
53.61638808250427,6e-05,3
53.61836624145508,6e-05,3
53.61836624145508,6e-05,3
53.61940956115723,6e-05,3
53.62036442756653,6e-05,3
53.621360301971436,6e-05,3
53.62269878387451,6e-05,3
53.62370443344116,6e-05,3
53.62466096878052,6e-05,3
53.6256959438324,6e-05,3
53.6266610622406,6e-05,3
53.627702951431274,6e-05,3
53.628714084625244,0.0,3
53.62971043586731,0.00014,3
53.63071274757385,0.00014,3
53.63171195983887,0.00014,3
53.6327166557312,0.00014,3
53.63371133804321,0.00014,3
53.63471269607544,0.00014,3
53.63574171066284,0.00014,3
53.636720418930054,0.00014,3
53.63771295547485,0.00014,3
53.63872408866882,0.00014,3
53.640214681625366,0.00014,3
53.640214681625366,0.00014,3
53.64219331741333,0.00014,3
53.643197774887085,0.00014,3
53.64918303489685,0.00014,3
53.64918303489685,0.00014,3
53.650216817855835,0.00014,3
53.65121006965637,0.00014,3
53.65121006965637,0.00014,3
53.65221095085144,0.00014,3
53.653207302093506,0.00014,3
53.653207302093506,0.00014,3
53.65420603752136,0.00014,3
53.655190229415894,0.00044,3
53.655190229415894,0.0,3
53.655190229415894,0.0,3
53.65946364402771,0.0,3
53.65946364402771,0.0,3
53.66095447540283,0.0,3
53.66095447540283,0.0,3
53.66095447540283,0.0,3
53.66095447540283,0.0,3
53.66095447540283,0.0,3
53.66296672821045,0.0,3
53.663959980010986,0.0,3
53.665040254592896,0.00011,3
53.665982246398926,0.00011,3
53.66696500778198,0.00011,3
53.66760492324829,0.00011,3
53.66864562034607,0.00011,3
53.66970133781433,0.00011,3
53.67069888114929,0.00011,3
53.671690464019775,0.00011,3
53.672731161117554,0.00011,3
53.67375063896179,5e-05,3
53.67473077774048,5e-05,3
53.67473077774048,5e-05,3
53.67618203163147,5e-05,3
53.67716884613037,5e-05,3
53.678168296813965,5e-05,3
53.679168462753296,5e-05,3
53.680169105529785,5e-05,3
53.6811740398407,5e-05,3
53.682167768478394,5e-05,3
53.683188676834106,5e-05,3
53.68518829345703,5e-05,3
53.686288595199585,5e-05,3
53.686288595199585,5e-05,3
53.68819069862366,5e-05,3
53.68819069862366,5e-05,3
53.69017457962036,5e-05,3
53.692625999450684,5e-05,3
53.69664001464844,5e-05,3
53.69761872291565,5e-05,3
53.69761872291565,5e-05,3
53.698654651641846,5e-05,3
53.698654651641846,0.0,3
53.698654651641846,0.00038,3
53.69966173171997,0.00038,3
53.7006630897522,0.00038,3
53.70167064666748,0.00038,3
53.70167064666748,0.00038,3
53.70269513130188,0.00038,3
53.70269513130188,0.00038,3
53.70668029785156,0.00038,3
53.70767951011658,0.00038,3
53.70767951011658,0.00038,3
53.70767951011658,0.00038,3
53.70767951011658,0.00038,3
53.70867085456848,0.00038,3
53.7096643447876,0.0,3
53.710662841796875,0.0,3
53.71160554885864,0.0,3
53.71265196800232,0.0,3
53.7135956287384,0.0,3
53.71460485458374,0.0,3
53.71560311317444,0.0,3
53.71664834022522,0.0,3
53.71764540672302,0.0,3
53.71865439414978,0.0,3
53.71965670585632,0.0,3
53.72064709663391,0.0,3
53.72219800949097,0.0,3
53.723278760910034,0.0,3
53.723278760910034,0.0,3
53.72432494163513,7e-05,3
53.72538661956787,7e-05,3
53.72640681266785,7e-05,3
53.72751021385193,7e-05,3
53.72852349281311,7e-05,3
53.72958159446716,7e-05,3
53.73065137863159,7e-05,3
53.7317054271698,0.0,3
53.73271417617798,0.0,3
53.74222230911255,0.0,3
53.74587297439575,0.0,3
53.746378660202026,0.0,3
53.746378660202026,0.0,3
53.746378660202026,0.0,3
53.747527837753296,0.0,3
53.747527837753296,0.0,3
53.747527837753296,0.0,3
53.747527837753296,0.0,3
53.74996376037598,0.0,3
53.74996376037598,0.0,3
53.74996376037598,0.0,3
53.74996376037598,0.0,3
53.75096082687378,0.00026,3
53.75096082687378,0.00026,3
53.75199103355408,0.00026,3
53.75298833847046,0.00026,3
53.75730085372925,0.00026,3
53.759421825408936,0.00026,3
53.759421825408936,0.00026,3
53.759421825408936,0.00026,3
53.7607421875,0.0,3
53.7607421875,0.0,3
53.7607421875,0.0,3
53.7607421875,0.0,3
53.7607421875,0.0,3
53.7607421875,0.0,3
53.7607421875,0.0,3
53.76164984703064,0.0,3
53.76164984703064,0.0,3
53.76364707946777,0.0,3
53.764686584472656,0.0,3
53.76879048347473,0.0,3
53.76981568336487,0.0,3
53.76981568336487,0.0,3
53.76981568336487,0.0,3
53.76981568336487,0.00046,3
53.77078914642334,0.00046,3
53.77078914642334,0.00046,3
53.77302694320679,0.00046,3
53.775585651397705,0.00046,3
53.775585651397705,0.00046,3
53.776583671569824,0.00046,3
53.776583671569824,0.00046,3
53.7776780128479,0.00046,3
53.7790253162384,0.00046,3
53.77997183799744,0.00046,3
53.77997183799744,1e-05,3
53.789031982421875,1e-05,3
53.789031982421875,1e-05,3
53.79005026817322,1e-05,3
53.79005026817322,1e-05,3
53.79104924201965,1e-05,3
53.79104924201965,1e-05,3
53.792048931121826,1e-05,3
53.792048931121826,1e-05,3
53.793025493621826,0.0,3
53.793025493621826,0.0,3
53.79403591156006,0.0,3
53.79403591156006,0.0,3
53.79403591156006,0.0,3
53.79506158828735,0.0,3
53.800148248672485,0.0,3
53.8011257648468,0.0,3
53.80514073371887,0.0,3
53.80514073371887,0.0,3
53.80514073371887,0.0,3
53.80514073371887,0.0,3
53.80514073371887,0.0,3
53.80821657180786,0.0,3
53.80821657180786,0.0,3
53.80821657180786,7e-05,3
53.80821657180786,6e-05,3
53.80821657180786,0.0,3
53.8092155456543,0.0,3
53.8092155456543,0.0,3
53.8092155456543,0.0,3
53.81059408187866,0.0,3
53.81164264678955,0.0,3
53.81277012825012,0.0,3
53.81376934051514,0.0,3
53.8167884349823,0.0,3
53.8167884349823,0.0,3
53.8167884349823,0.0,3
53.81778597831726,0.0,3
53.81778597831726,0.0,3
53.81902098655701,0.0,3
53.82000255584717,0.0,3
53.82102394104004,0.0,3
53.82241106033325,0.0,3
53.82542443275452,0.0,3
53.82542443275452,0.0,3
53.82542443275452,0.00013,3
53.82659554481506,0.0,3
53.82763981819153,0.0,3
53.828641176223755,0.0,3
53.83201003074646,0.0,3
53.838037967681885,0.0,3
53.84000372886658,0.0,3
53.84000372886658,0.0,3
53.84100270271301,0.0,3
53.84200978279114,0.0,3
53.84300255775452,0.0,3
53.84401559829712,0.0,3
53.84502983093262,0.0,3
53.84502983093262,0.0,3
53.84620428085327,6e-05,3
53.847240686416626,6e-05,3
53.847240686416626,6e-05,3
53.84840369224548,6e-05,3
53.849454164505005,6e-05,3
53.853951930999756,6e-05,3
53.85594725608826,6e-05,3
53.85594725608826,6e-05,3
53.85594725608826,6e-05,3
53.856950998306274,6e-05,3
53.856950998306274,0.00047,3
53.856950998306274,0.00047,3
53.856950998306274,0.00047,3
53.856950998306274,0.00047,3
53.856950998306274,0.00047,3
53.856950998306274,0.00047,3
53.85794687271118,0.00047,3
53.85794687271118,0.00047,3
53.85794687271118,0.00047,3
53.858946561813354,0.00047,3
53.859657764434814,0.00047,3
53.860655784606934,0.00047,3
53.86442279815674,0.00047,3
53.86958932876587,4e-05,3
53.872565507888794,4e-05,3
53.872565507888794,0.00022,3
53.872565507888794,0.00022,3
53.872565507888794,0.00022,3
53.87357807159424,0.00022,3
53.87357807159424,0.00022,3
53.87357807159424,0.00022,3
53.87357807159424,0.00022,3
53.87357807159424,0.00022,3
53.87357807159424,0.00022,3
53.87458562850952,0.00022,3
53.87458562850952,0.00022,3
53.87580752372742,0.00022,3
53.876912117004395,0.00022,3
53.88013935089111,0.00022,3
53.88114142417908,0.00022,3
53.88214111328125,0.00022,3
53.8831889629364,0.00022,3
53.88420605659485,0.00022,3
53.88542890548706,0.00022,3
53.886420249938965,0.00022,3
53.887441873550415,0.00022,3
53.88843607902527,0.00022,3
53.8894419670105,0.00022,3
53.8894419670105,0.00022,3
53.89441800117493,0.00022,3
53.8954381942749,0.00022,3
53.89643096923828,0.00022,3
53.89643096923828,0.0,3
53.89643096923828,0.0,3
53.89643096923828,0.0,3
53.89643096923828,0.0,3
53.89643096923828,0.0,3
53.89643096923828,0.0,3
53.897589445114136,0.0,3
53.89862394332886,0.0,3
53.89975929260254,0.0,3
53.90028667449951,0.0,3
53.90132188796997,0.0,3
53.90530776977539,0.0,3
53.90530776977539,0.0,3
53.90530776977539,0.0,3
53.90530776977539,0.0,3
53.906320571899414,0.00042,3
53.90744471549988,0.00042,3
53.9084587097168,0.00042,3
53.910834074020386,0.00042,3
53.910834074020386,0.00042,3
53.910834074020386,0.00042,3
53.912832260131836,0.00042,3
53.91383147239685,0.00042,3
53.91483020782471,0.00042,3
53.91483020782471,0.00042,3
53.917299032211304,0.00042,3
53.921298027038574,0.00042,3
53.921298027038574,0.00042,3
53.921298027038574,0.00042,3
53.92229509353638,0.00042,3
53.92229509353638,0.00042,3
53.92229509353638,0.00042,3
53.923274993896484,0.00042,3
53.92856550216675,0.00042,3
53.929566383361816,0.00042,3
53.929566383361816,0.00042,3
53.93065857887268,2e-05,3
53.93065857887268,0.0,3
53.9316565990448,0.0,3
53.9316565990448,0.0,3
53.9316565990448,0.0,3
53.933027267456055,0.0,3
53.933027267456055,0.0,3
53.93548107147217,0.0,3
53.93760871887207,0.0,3
53.93874549865723,0.0,3
53.94489550590515,0.0,3
53.946840047836304,0.0,3
53.948838233947754,0.0,3
53.948838233947754,0.0,3
53.948838233947754,0.0,3
53.948838233947754,0.0,3
53.94983458518982,0.0,3
53.94983458518982,0.0,3
53.950920820236206,0.0,3
53.95191502571106,0.0,3
53.95191502571106,0.0,3
53.95191502571106,0.0,3
53.95191502571106,0.0,3
53.95191502571106,0.0,3
53.95191502571106,0.0,3
53.95265507698059,0.0,3
53.95368766784668,0.0,3
53.95368766784668,0.0,3
53.954920291900635,0.0,3
53.956159591674805,0.0,3
53.957231521606445,0.0,3
53.95915627479553,0.0,3
53.95915627479553,0.0,3
53.96021747589111,0.0,3
53.96124196052551,0.0,3
53.96216654777527,0.0,3
53.963173389434814,0.0,3
53.964234590530396,0.0,3
53.968185901641846,0.0,3
53.968185901641846,0.0,3
53.968185901641846,0.0,3
53.968185901641846,0.0,3
53.96922731399536,0.0,3
53.97427272796631,0.0,3
53.975313663482666,0.0,3
53.975313663482666,0.0,3
53.97632575035095,0.0,3
53.97632575035095,0.0,3
53.97734618186951,0.0,3
53.97734618186951,0.0,3
53.97842240333557,0.0,3
53.980756521224976,0.0,3
53.9818651676178,0.00029,3
53.9818651676178,0.0,3
53.9818651676178,0.0,3
53.98307251930237,0.0,3
53.99224042892456,0.0,3
53.995258808135986,0.0,3
53.99657225608826,0.0,3
53.99657225608826,0.0,3
53.99657225608826,0.0,3
53.99657225608826,0.0,3
53.99657225608826,0.0,3
53.997567892074585,0.0,3
53.997567892074585,0.0,3
53.997567892074585,0.0,3
53.997567892074585,0.0,3
53.997567892074585,0.0,3
53.997567892074585,0.0,3
53.997567892074585,0.0,3
53.997567892074585,0.0,3
53.998565435409546,0.0,3
53.9995653629303,0.0,3
54.00057864189148,0.0,3
54.001577854156494,0.0,3
54.00296425819397,0.0003,3
54.00296425819397,0.0,3
54.00494933128357,0.0,3
54.00494933128357,0.0,3
54.00694513320923,0.0,3
54.00796818733215,0.0,3
54.00895953178406,0.0,3
54.00957632064819,0.0,3
54.01039528846741,0.0,3
54.01149225234985,0.0,3
54.012460470199585,0.0,3
54.01348829269409,0.0,3
54.01348829269409,0.0,3
54.0149986743927,0.0,3
54.01602911949158,0.0,3
54.02009153366089,0.0,3
54.027397871017456,0.0,3
54.028573989868164,0.0,3
54.028573989868164,0.0,3
54.02960515022278,0.0,3
54.02960515022278,0.0,3
54.03073763847351,0.0,3
54.03073763847351,0.0,3
54.031736850738525,0.0,3
54.031736850738525,0.0,3
54.033140420913696,0.0,3
54.03414511680603,0.0,3
54.035165309906006,0.0,3
54.036187410354614,0.0,3
54.036187410354614,0.0,3
54.03717875480652,0.0,3
54.03717875480652,0.0,3
54.03717875480652,0.0,3
54.03717875480652,0.0,3
54.03855752944946,0.0,3
54.03855752944946,0.0,3
54.04288148880005,0.00026,3
54.04288148880005,0.00026,3
54.04288148880005,0.00069,3
54.04288148880005,0.00069,3
54.04288148880005,0.00069,3
54.04394054412842,0.00069,3
54.04463577270508,0.00069,3
54.045631408691406,0.00069,3
54.04664731025696,0.00069,3
54.04769039154053,0.00069,3
54.04869866371155,0.00069,3
54.04972696304321,0.00069,3
54.05070686340332,0.00069,3
54.051838874816895,0.00069,3
54.05290126800537,0.00069,3
54.05390167236328,0.00069,3
54.05491542816162,0.00069,3
54.055891036987305,0.00069,3
54.05690383911133,0.00069,3
54.05790376663208,0.00069,3
54.05889368057251,0.00069,3
54.05989217758179,0.00069,3
54.06088900566101,0.00069,3
54.06188750267029,0.00068,3
54.062885999679565,0.00068,3
54.06915044784546,0.00068,3
54.070151567459106,0.00068,3
54.07115364074707,0.00068,3
54.07115364074707,0.0,3
54.07875657081604,0.0,3
54.07875657081604,0.0,3
54.07875657081604,0.0,3
54.08020758628845,0.0,3
54.08020758628845,0.0,3
54.08020758628845,0.0,3
54.08020758628845,0.0,3
54.08119583129883,0.0,3
54.08119583129883,0.0,3
54.08119583129883,0.0,3
54.08219385147095,0.0,3
54.08349084854126,0.0,3
54.08471083641052,0.0,3
54.08559489250183,0.0,3
54.0859477519989,0.0,3
54.08796048164368,0.0,3
54.08796048164368,0.0,3
54.088961124420166,0.0,3
54.08996057510376,0.0,3
54.09096050262451,0.0,3
54.091960430145264,0.0,3
54.09296131134033,0.0,3
54.09398412704468,0.0,3
54.09523296356201,0.0,3
54.0962438583374,0.0,3
54.097288846969604,0.0,3
54.09836173057556,0.0,3
54.09934067726135,0.0,3
54.10035228729248,0.0,3
54.10239887237549,0.0,3
54.10239887237549,0.0,3
54.10438776016235,0.0,3
54.10539746284485,6e-05,3
54.10539746284485,6e-05,3
54.10635447502136,6e-05,3
54.1076283454895,6e-05,3
54.108633041381836,6e-05,3
54.11064338684082,6e-05,3
54.11536502838135,6e-05,3
54.11536502838135,6e-05,3
54.116506814956665,6e-05,3
54.116506814956665,6e-05,3
54.11752724647522,6e-05,3
54.11752724647522,6e-05,3
54.11850380897522,6e-05,3
54.119518518447876,6e-05,3
54.119518518447876,6e-05,3
54.12071919441223,6e-05,3
54.12071919441223,6e-05,3
54.121898889541626,6e-05,3
54.1254780292511,6e-05,3
54.1254780292511,0.0,3
54.1254780292511,0.0,3
54.1254780292511,0.0,3
54.126580476760864,0.0,3
54.12768888473511,0.0,3
54.12768888473511,0.0,3
54.12964057922363,0.0,3
54.13064980506897,0.0,3
54.13170075416565,0.0,3
54.1322922706604,0.0,3
54.133347034454346,0.0,3
54.13440728187561,0.0,3
54.135358572006226,0.0,3
54.13638639450073,0.0,3
54.13735771179199,0.0,3
54.1383581161499,0.0,3
54.13938570022583,0.0,3
54.14038634300232,0.0,3
54.14336919784546,0.0,3
54.14336919784546,0.0,3
54.14336919784546,0.0,3
54.14435839653015,0.0,3
54.145384788513184,0.0,3
54.14638543128967,0.0,3
54.147417306900024,0.0,3
54.14861226081848,0.00025,3
54.14969539642334,0.00025,3
54.15066647529602,0.00025,3
54.15149807929993,0.00025,3
54.1525444984436,0.00025,3
54.15352654457092,0.00025,3
54.15450882911682,0.00025,3
54.15553116798401,0.00025,3
54.156538009643555,0.00025,3
54.16133999824524,0.00025,3
54.16133999824524,0.00025,3
54.162355184555054,0.00025,3
54.162355184555054,0.00025,3
54.16335868835449,0.00025,3
54.16335868835449,0.00025,3
54.164336919784546,0.00025,3
54.16676473617554,0.00025,3
54.16676473617554,0.00025,3
54.167763471603394,0.00025,3
54.168761253356934,0.00025,3
54.17392659187317,7e-05,3
54.174978256225586,0.00011,3
54.174978256225586,0.00011,3
54.174978256225586,0.00011,3
54.174978256225586,0.00011,3
54.174978256225586,0.00011,3
54.174978256225586,0.00011,3
54.175976037979126,0.00011,3
54.17673444747925,0.00011,3
54.177199363708496,0.00011,3
54.17830228805542,0.00011,3
54.17938232421875,0.00011,3
54.18065881729126,0.00011,3
54.181700468063354,0.00011,3
54.18268060684204,0.00062,3
54.18368458747864,0.00062,3
54.18467879295349,0.00026,3
54.186747312545776,0.00026,3
54.186747312545776,0.00026,3
54.188727378845215,0.00026,3
54.189701557159424,0.00026,3
54.189701557159424,0.00026,3
54.190690755844116,0.00026,3
54.19168519973755,0.00026,3
54.19267654418945,0.00026,3
54.193766832351685,0.00026,3
54.19470500946045,0.00026,3
54.195756673812866,0.00026,3
54.19671273231506,0.00026,3
54.19671273231506,0.00026,3
54.19811153411865,0.00026,3
54.20014142990112,0.00026,3
54.20115566253662,0.00026,3
54.20115566253662,0.00026,3
54.203161001205444,0.00026,3
54.2082884311676,0.00026,3
54.209272146224976,0.00026,3
54.209272146224976,0.0,3
54.209272146224976,0.0,3
54.21026277542114,8e-05,3
54.21026277542114,8e-05,3
54.21026277542114,8e-05,3
54.21149134635925,8e-05,3
54.212528228759766,8e-05,3
54.212528228759766,8e-05,3
54.21373915672302,8e-05,3
54.22044849395752,8e-05,3
54.22044849395752,8e-05,3
54.22044849395752,8e-05,3
54.221423387527466,8e-05,3
54.221423387527466,0.00029,3
54.221423387527466,0.00029,3
54.221423387527466,0.00029,3
54.221423387527466,0.00029,3
54.22243404388428,0.00029,3
54.22442269325256,0.00029,3
54.22442269325256,0.00029,3
54.225592613220215,0.0,3
54.226603746414185,0.0,3
54.22758364677429,0.0,3
54.22852373123169,0.0,3
54.229607582092285,0.0,3
54.230584144592285,0.0,3
54.231565952301025,0.0,3
54.23260283470154,0.0,3
54.2335684299469,0.0,3
54.2356321811676,0.0,3
54.23667311668396,0.0,3
54.23667311668396,0.0,3
54.23791766166687,0.0,3
54.23893356323242,0.0,3
54.2399423122406,0.0,3
54.24116015434265,0.00056,3
54.24222421646118,0.0,3
54.24222421646118,0.00016,3
54.2434937953949,0.00016,3
54.244630575180054,0.00016,3
54.24566841125488,0.00016,3
54.24668097496033,0.00016,3
54.247678995132446,0.00016,3
54.248597383499146,0.00016,3
54.24990248680115,0.00016,3
54.255884408950806,0.00016,3
54.25688314437866,0.00016,3
54.25688314437866,0.00016,3
54.25833439826965,0.00016,3
54.259347438812256,0.00016,3
54.260422229766846,0.00016,3
54.260422229766846,0.00016,3
54.26150846481323,0.00016,3
54.26150846481323,0.00016,3
54.26249623298645,0.00016,3
54.26249623298645,0.00016,3
54.26687026023865,0.00016,3
54.26687026023865,0.00016,3
54.26687026023865,0.00013,3
54.26786732673645,0.00013,3
54.26786732673645,5e-05,3
54.26786732673645,5e-05,3
54.26786732673645,5e-05,3
54.26886200904846,5e-05,3
54.26986050605774,5e-05,3
54.270630836486816,5e-05,3
54.27181100845337,5e-05,3
54.272395610809326,5e-05,3
54.27348518371582,5e-05,3
54.27447843551636,5e-05,3
54.27548670768738,5e-05,3
54.2764356136322,0.0,3
54.27748203277588,0.0,3
54.278451919555664,0.0,3
54.27947926521301,0.0,3
54.28043508529663,0.0,3
54.28147840499878,0.0,3
54.28269553184509,0.00031,3
54.28269553184509,0.00031,3
54.28416323661804,0.00031,3
54.28531074523926,0.00031,3
54.28648114204407,0.00031,3
54.287516355514526,0.00031,3
54.28849220275879,0.00031,3
54.2896032333374,0.00031,3
54.29065775871277,0.00031,3
54.29168176651001,0.00031,3
54.2926971912384,0.00031,3
54.29367446899414,0.00031,3
54.29469180107117,0.00031,3
54.295674324035645,0.00031,3
54.29669189453125,0.00031,3
54.3031849861145,0.00031,3
54.304468870162964,0.00031,3
54.30590200424194,0.00031,3
54.3096137046814,0.00031,3
54.31157112121582,0.00031,3
54.314229249954224,0.00031,3
54.31573247909546,0.00031,3
54.31675958633423,0.00031,3
54.318740367889404,0.00031,3
54.32000112533569,0.0,3
54.32000112533569,0.0,3
54.32302689552307,0.0,3
54.32302689552307,0.0,3
54.32302689552307,0.0,3
54.32421898841858,0.0,3
54.32421898841858,0.0,3
54.32421898841858,0.0,3
54.32421898841858,0.0,3
54.32421898841858,0.0,3
54.32421898841858,0.0,3
54.32421898841858,0.0,3
54.32421898841858,0.0,3
54.32421898841858,0.0,3
54.32421898841858,1e-05,3
54.32523012161255,0.0,3
54.32523012161255,0.0,3
54.32523012161255,0.0,3
54.32523012161255,0.0,3
54.32523012161255,0.0,3
54.326234579086304,0.0,3
54.32725739479065,0.0,3
54.32826519012451,0.0,3
54.329594135284424,0.0,3
54.330893754959106,0.0,3
54.33143067359924,0.0,3
54.33246397972107,0.0,3
54.33345580101013,0.0,3
54.33445358276367,0.0,3
54.33547353744507,0.0,3
54.33657717704773,0.0,3
54.33855438232422,0.0,3
54.33855438232422,0.0,3
54.339579820632935,0.0,3
54.34053301811218,0.0,3
54.34152603149414,0.0,3
54.34295606613159,0.0,3
54.34397077560425,0.0,3
54.352596282958984,0.0,3
54.352596282958984,0.0,3
54.35357880592346,0.0,3
54.35456919670105,0.0,3
54.356125593185425,0.0,3
54.357505798339844,0.0,3
54.359060525894165,0.0,3
54.360488176345825,0.0,3
54.360488176345825,0.0,3
54.361496686935425,0.0,3
54.36250638961792,0.0,3
54.36359667778015,0.0,3
54.36359667778015,0.0,3
54.364604473114014,0.0,3
54.364604473114014,0.0,3
54.365660429000854,0.0,3
54.365660429000854,0.0,3
54.365660429000854,0.0,3
54.365660429000854,0.0,3
54.3666672706604,0.0,3
54.36717414855957,0.0,3
54.375930309295654,0.0,3
54.375930309295654,0.0,3
54.375930309295654,0.0,3
54.375930309295654,0.0,3
54.376986026763916,0.0,3
54.376986026763916,0.0,3
54.376986026763916,0.0,3
54.376986026763916,0.0,3
54.37858843803406,0.0,3
54.37858843803406,0.0,3
54.37858843803406,0.0,3
54.37858843803406,0.0,3
54.37858843803406,0.0,3
54.37959861755371,0.0,3
54.37959861755371,0.0,3
54.38069224357605,0.0,3
54.38170075416565,0.0,3
54.38271403312683,0.0,3
54.38360261917114,0.0,3
54.384649991989136,0.0,3
54.385826587677,0.0,3
54.385826587677,0.0,3
54.386839866638184,0.0,3
54.38783645629883,0.0,3
54.38983750343323,0.0,3
54.3908371925354,0.0,3
54.3908371925354,0.0,3
54.392143964767456,0.0,3
54.39345383644104,0.0,3
54.39453911781311,0.0,3
54.395506620407104,0.0,3
54.39650845527649,0.0,3
54.39749312400818,0.0,3
54.39849305152893,0.0,3
54.40051555633545,0.0,3
54.40051555633545,0.0,3
54.402007818222046,0.0,3
54.402991771698,0.0001,3
54.402991771698,0.0001,3
54.40497088432312,0.0001,3
54.40497088432312,0.0001,3
54.41182327270508,0.0001,3
54.412821531295776,0.0001,3
54.413965702056885,0.0,3
54.413965702056885,0.0,3
54.413965702056885,0.0,3
54.413965702056885,0.0,3
54.41547703742981,0.0,3
54.416555881500244,0.0,3
54.41752219200134,0.0,3
54.419981956481934,0.0,3
54.4210147857666,0.0,3
54.42249059677124,0.0,3
54.42449188232422,0.00028,3
54.42857241630554,0.00028,3
54.43057584762573,0.00028,3
54.43057584762573,0.00028,3
54.43057584762573,0.00028,3
54.43057584762573,0.00028,3
54.43057584762573,0.00028,3
54.43057584762573,0.00028,3
54.43057584762573,0.00028,3
54.43057584762573,0.00028,3
54.43204212188721,0.00028,3
54.43204212188721,0.00028,3
54.43204212188721,0.00028,3
54.43309187889099,0.00028,3
54.43309187889099,0.00028,3
54.43370771408081,0.00028,3
54.434911489486694,0.00028,3
54.434911489486694,0.00028,3
54.43592309951782,0.00028,3
54.43933582305908,0.00028,3
54.43933582305908,0.00046,3
54.43933582305908,0.00046,3
54.44064426422119,0.0,3
54.441587924957275,0.0,3
54.441587924957275,0.0,3
54.44300699234009,0.0,3
54.44414162635803,0.0,3
54.44511651992798,0.0,3
54.44635510444641,0.0,3
54.44735527038574,0.0,3
54.44833040237427,0.0,3
54.45033669471741,0.0,3
54.45033669471741,0.0,3
54.451335191726685,0.0,3
54.4533314704895,0.00021,3
54.45721220970154,0.00021,3
54.4603009223938,0.00021,3
54.4603009223938,0.00021,3
54.46130442619324,0.00021,3
54.46130442619324,0.00021,3
54.46232986450195,0.00021,3
54.46232986450195,7e-05,3
54.46432042121887,7e-05,3
54.46432042121887,7e-05,3
54.46530032157898,7e-05,3
54.46530032157898,7e-05,3
54.466325998306274,7e-05,3
54.467307567596436,7e-05,3
54.47530460357666,7e-05,3
54.478468894958496,7e-05,3
54.479557275772095,7e-05,3
54.479557275772095,7e-05,3
54.48054361343384,7e-05,3
54.48054361343384,7e-05,3
54.48054361343384,7e-05,3
54.48054361343384,7e-05,3
54.48054361343384,0.0,3
54.48054361343384,0.0,3
54.48054361343384,9e-05,3
54.48054361343384,9e-05,3
54.48054361343384,9e-05,3
54.48154640197754,9e-05,3
54.48154640197754,9e-05,3
54.48154640197754,9e-05,3
54.4825804233551,9e-05,3
54.48373055458069,9e-05,3
54.48410725593567,0.0,3
54.48615908622742,0.0,3
54.48615908622742,0.0,3
54.48716449737549,0.0,3
54.488203287124634,0.0,3
54.48918032646179,0.0,3
54.49019932746887,0.0,3
54.49113130569458,0.0,3
54.49213218688965,0.0,3
54.49315857887268,0.0,3
54.494134187698364,0.0,3
54.49519729614258,0.0,3
54.49621105194092,0.0,3
54.4971764087677,0.0,3
54.498204708099365,0.0,3
54.499669551849365,0.0,3
54.50065350532532,0.0,3
54.505022048950195,0.0,3
54.508484840393066,0.0,3
54.50949287414551,0.0,3
54.50949287414551,0.0,3
54.50949287414551,0.0,3
54.5104877948761,0.0,3
54.5104877948761,0.0,3
54.51146626472473,0.0,3
54.51146626472473,0.0,3
54.51246619224548,0.0,3
54.51246619224548,0.0,3
54.513471364974976,0.0,3
54.513471364974976,0.0,3
54.51841759681702,0.0,3
54.51841759681702,0.0,3
54.52039432525635,0.0,3
54.52039432525635,0.0,3
54.52039432525635,0.0,3
54.52039432525635,0.0,3
54.52139234542847,0.0,3
54.52139234542847,0.0,3
54.5226571559906,0.0,3
54.52294135093689,0.0,3
54.523956537246704,0.0,3
54.52598237991333,0.0,3
54.52598237991333,0.0,3
54.5269935131073,0.0,3
54.52795648574829,2e-05,3
54.52895641326904,2e-05,3
54.52995848655701,2e-05,3
54.53206467628479,2e-05,3
54.53311514854431,2e-05,3
54.534342765808105,2e-05,3
54.53553891181946,2e-05,3
54.53553891181946,2e-05,3
54.53661322593689,2e-05,3
54.537704944610596,2e-05,3
54.538713455200195,2e-05,3
54.53899574279785,2e-05,3
54.54009175300598,2e-05,3
54.54306221008301,2e-05,3
54.54306221008301,2e-05,3
54.54306221008301,2e-05,3
54.544012784957886,2e-05,3
54.54562282562256,2e-05,3
54.54623293876648,2e-05,3
54.54766631126404,2e-05,3
54.54864811897278,0.0,3
54.5608811378479,0.0,3
54.5608811378479,0.0,3
54.56187701225281,0.0,3
54.56187701225281,0.0,3
54.56187701225281,0.0,3
54.562880992889404,0.0,3
54.562880992889404,0.0,3
54.562880992889404,0.0,3
54.562880992889404,0.0,3
54.56387805938721,0.0,3
54.56487989425659,0.0,3
54.56487989425659,0.0,3
54.565876960754395,0.0,3
54.56687951087952,0.0,3
54.56687951087952,0.0,3
54.56687951087952,0.0,3
54.567877769470215,0.0,3
54.57088017463684,0.0,3
54.57088017463684,0.0,3
54.57287669181824,0.0,3
54.57287669181824,0.0,3
54.57488131523132,0.0,3
54.57488131523132,0.0,3
54.57488131523132,0.0,3
54.57488131523132,0.0,3
54.57488131523132,0.0,3
54.57488131523132,0.0,3
54.57657766342163,0.0,3
54.57762575149536,0.0,3
54.578683853149414,0.0,3
54.57983684539795,0.0,3
54.57983684539795,0.0,3
54.58470797538757,0.0,3
54.585721492767334,0.0,3
54.585721492767334,0.0,3
54.585721492767334,0.0,3
54.585721492767334,0.0,3
54.58672881126404,0.0,3
54.587706089019775,0.0,3
54.588770389556885,0.0,3
54.588770389556885,0.0,3
54.59041714668274,0.0,3
54.5915801525116,0.0,3
54.59285759925842,0.0,3
54.59285759925842,0.0,3
54.59385895729065,0.0,3
54.595858573913574,0.0,3
54.595858573913574,0.0,3
54.59786295890808,0.0,3
54.60425901412964,0.0,3
54.60989451408386,0.0,3
54.60989451408386,0.0,3
54.60989451408386,0.0,3
54.610899686813354,0.0,3
54.610899686813354,0.0,3
54.611892223358154,0.0,3
54.61289167404175,0.0,3
54.61289167404175,0.0,3
54.61415338516235,1e-05,3
54.61415338516235,1e-05,3
54.61566162109375,1e-05,3
54.61566162109375,1e-05,3
54.61682343482971,1e-05,3
54.61682343482971,1e-05,3
54.62091374397278,1e-05,3
54.62091374397278,1e-05,3
54.62091374397278,1e-05,3
54.62091374397278,1e-05,3
54.62091374397278,1e-05,3
54.621909856796265,1e-05,3
54.621909856796265,1e-05,3
54.621909856796265,0.0,3
54.621909856796265,0.0,3
54.621909856796265,0.0,3
54.623178482055664,0.0,3
54.624675989151,0.0,3
54.625333070755005,0.0,3
54.626376152038574,0.0,3
54.6273980140686,0.0,3
54.628496408462524,0.0,3
54.63047528266907,1e-05,3
54.63047528266907,0.0,3
54.631474018096924,0.0,3
54.63245606422424,0.0,3
54.63345742225647,0.0,3
54.63447141647339,0.0,3
54.63549780845642,0.0,3
54.636470317840576,0.0,3
54.63746953010559,0.0,3
54.63881468772888,0.0,3
54.63881468772888,0.0,3
54.64084815979004,0.0,3
54.64084815979004,0.0,3
54.64257764816284,0.0,3
54.643625259399414,0.0,3
54.644410848617554,0.0,3
54.644410848617554,0.0,3
54.64657974243164,0.0,3
54.64764165878296,0.0,3
54.64906334877014,0.0,3
54.65000009536743,0.0,3
54.65099477767944,0.0,3
54.65199017524719,0.0,3
54.6530179977417,0.0,3
54.65533757209778,0.0,3
54.661330461502075,0.0,3
54.661330461502075,0.0,3
54.661330461502075,0.0,3
54.66278672218323,0.0,3
54.66278672218323,0.0,3
54.66278672218323,0.0,3
54.66380548477173,0.0,3
54.66380548477173,0.0,3
54.66480469703674,0.0,3
54.66480469703674,0.0,3
54.665799617767334,0.0,3
54.665799617767334,0.0,3
54.66680288314819,0.0,3
54.66980242729187,1e-05,3
54.67081952095032,1e-05,3
54.67279839515686,1e-05,3
54.68013834953308,1e-05,3
54.68013834953308,1e-05,3
54.68013834953308,1e-05,3
54.68013834953308,1e-05,3
54.68013834953308,1e-05,3
54.68013834953308,1e-05,3
54.68013834953308,1e-05,3
54.68013834953308,1e-05,3
54.68013834953308,1e-05,3
54.68163251876831,1e-05,3
54.68163251876831,1e-05,3
54.68163251876831,1e-05,3
54.682624101638794,1e-05,3
54.68357181549072,1e-05,3
54.68459892272949,1e-05,3
54.685601472854614,1e-05,3
54.68681359291077,1e-05,3
54.68765664100647,0.0,3
54.688453912734985,0.0,3
54.689547300338745,0.0,3
54.69054388999939,0.0,3
54.691540241241455,0.0,3
54.692546129226685,0.0,3
54.69349765777588,0.0,3
54.69450044631958,0.0,3
54.69549894332886,0.0,3
54.696542263031006,0.0,3
54.697513818740845,0.0,3
54.69851899147034,0.0,3
54.70050382614136,0.0,3
54.70050382614136,0.0,3
54.70154142379761,0.0,3
54.70257329940796,0.0,3
54.703532695770264,0.0,3
54.70452165603638,0.0,3
54.70566964149475,0.0,3
54.70566964149475,0.0,3
54.70718574523926,0.0,3
54.708354234695435,0.0,3
54.709869623184204,0.0,3
54.709869623184204,0.0,3
54.711875438690186,0.0,3
54.711875438690186,0.0,3
54.71287703514099,0.0,3
54.71747183799744,0.0,3
54.720733642578125,0.0,3
54.72173452377319,0.0,3
54.72173452377319,0.0,3
54.722732067108154,0.0,3
54.722732067108154,0.0,3
54.72373390197754,0.0,3
54.72373390197754,0.0,3
54.72373390197754,0.0,3
54.72373390197754,0.0,3
54.72508645057678,0.0,3
54.726566791534424,0.0,3
54.726566791534424,0.0,3
54.72755789756775,0.0,3
54.73154139518738,1e-05,3
54.73154139518738,1e-05,3
54.73263216018677,1e-05,3
54.73263216018677,1e-05,3
54.73263216018677,1e-05,3
54.73395824432373,1e-05,3
54.73504114151001,1e-05,3
54.736069202423096,1e-05,3
54.73710536956787,1e-05,3
54.73806285858154,1e-05,3
54.73905658721924,1e-05,3
54.74004673957825,1e-05,3
54.74004673957825,1e-05,3
54.74204683303833,1e-05,3
54.74304413795471,1e-05,3
54.74362134933472,1e-05,3
54.74362134933472,1e-05,3
54.744967460632324,1e-05,3
54.74634838104248,0.0,3
54.74764442443848,0.0,3
54.74791383743286,0.0,3
54.74892830848694,0.0,3
54.750964879989624,0.0,3
54.750964879989624,0.0,3
54.75217652320862,0.0,3
54.753119468688965,0.0,3
54.754119873046875,0.0,3
54.75550961494446,0.0,3
54.756534576416016,0.0,3
54.75742745399475,0.0,3
54.75848364830017,0.0,3
54.759509563446045,0.0,3
54.76049518585205,0.0,3
54.7624933719635,0.0,3
54.76554775238037,0.0,3
54.766852617263794,0.0,3
54.766852617263794,0.0,3
54.767946004867554,0.0,3
54.7691695690155,0.0,3
54.7691695690155,0.0,3
54.7691695690155,0.0,3
54.771560192108154,0.0,3
54.771560192108154,0.0,3
54.772531032562256,0.0,3
54.77352595329285,0.0,3
54.77352595329285,0.0,3
54.77704739570618,0.0,3
54.77823758125305,0.0,3
54.77823758125305,0.0,3
54.77823758125305,0.0,3
54.77823758125305,0.0,3
54.77968716621399,0.0,3
54.78057670593262,0.0,3
54.781657695770264,0.0,3
54.7826201915741,0.0,3
54.7826201915741,0.0,3
54.78514862060547,0.0,3
54.78614616394043,0.0,3
54.78614616394043,0.0,3
54.7871367931366,0.0,3
54.788137674331665,0.0,3
54.79012751579285,0.0,3
54.79012751579285,0.0,3
54.79415440559387,0.0,3
54.7951135635376,0.0,3
54.7951135635376,0.0,3
54.7951135635376,0.0,3
54.7951135635376,0.0,3
54.796130657196045,0.0,3
54.801318645477295,0.0,3
54.80431318283081,0.0,3
54.80431318283081,0.0,3
54.80431318283081,0.0,3
54.80531454086304,0.0,3
54.80531454086304,0.0,3
54.80531454086304,0.0,3
54.80531454086304,0.0,3
54.806318044662476,0.0,3
54.806318044662476,0.0,3
54.80732464790344,0.0,3
54.80831050872803,0.0,3
54.813292503356934,0.0,3
54.813292503356934,0.0,3
54.816312074661255,0.0,3
54.816312074661255,0.0,3
54.816312074661255,0.0,3
54.816312074661255,0.0,3
54.816312074661255,0.0,3
54.816312074661255,0.0,3
54.817577838897705,0.0,3
54.818859577178955,0.0,3
54.818859577178955,1e-05,3
54.82062602043152,1e-05,3
54.821632623672485,1e-05,3
54.82463216781616,1e-05,3
54.82463216781616,1e-05,3
54.82463216781616,1e-05,3
54.82563281059265,2e-05,3
54.82704162597656,2e-05,3
54.82754921913147,2e-05,3
54.828630685806274,2e-05,3
54.83102464675903,2e-05,3
54.83102464675903,2e-05,3
54.83102464675903,2e-05,3
54.8320209980011,2e-05,3
54.83403182029724,2e-05,3
54.83504343032837,2e-05,3
54.83504343032837,2e-05,3
54.8370304107666,2e-05,3
54.84203243255615,2e-05,3
54.84203243255615,2e-05,3
54.84304070472717,2e-05,3
54.84304070472717,2e-05,3
54.84304070472717,0.0,3
54.84304070472717,0.0,3
54.84304070472717,0.0,3
54.84465169906616,0.0,3
54.84556698799133,0.0,3
54.84657621383667,0.0,3
54.84657621383667,0.0,3
54.84783959388733,0.0,3
54.84930992126465,0.0,3
54.85047173500061,0.0,3
54.851531982421875,0.0,3
54.8525595664978,0.0,3
54.853516578674316,0.0,3
54.86103820800781,0.0,3
54.862030029296875,0.0,3
54.862030029296875,0.0,3
54.86308670043945,0.0,3
54.86308670043945,0.0,3
54.86308670043945,0.0,3
54.86409258842468,0.0,3
54.86409258842468,0.0,3
54.865090131759644,0.0,3
54.865090131759644,0.0,3
54.86709713935852,0.0,3
54.86910438537598,0.0,3
54.870089530944824,0.0,3
54.871105670928955,0.0,3
54.87208819389343,0.0,3
54.87208819389343,0.0,3
54.873104095458984,0.0,3
54.87409043312073,0.0,3
54.87409043312073,0.0,3
54.880094051361084,0.0,3
54.880094051361084,0.0,3
54.880094051361084,0.0,3
54.880094051361084,0.0,3
54.880094051361084,0.0,3
54.880094051361084,0.0,3
54.88115453720093,0.0,3
54.88115453720093,0.0,3
54.88115453720093,0.0,3
54.882349729537964,0.0,3
54.88349103927612,0.0,3
54.88457894325256,0.0,3
54.885369539260864,0.0,3
54.88657736778259,0.0,3
54.88760042190552,0.0,3
54.88862109184265,0.0,3
54.889615058898926,0.0,3
54.89062428474426,0.0,3
54.89161491394043,0.0,3
54.892627477645874,0.0,3
54.89359450340271,0.0,3
54.89460277557373,0.0,3
54.895615577697754,0.0,3
54.896621227264404,0.0,3
54.89761805534363,0.0,3
54.8985960483551,0.0,3
54.899598121643066,0.0,3
54.900595903396606,0.0,3
54.90167689323425,0.0,3
54.90260362625122,0.0,3
54.90360188484192,0.0,3
54.904666900634766,0.0,3
54.90566849708557,0.0,3
54.906575202941895,0.0,3
54.90760850906372,0.0,3
54.90870141983032,0.0,3
54.90969252586365,0.0,3
54.910706520080566,0.0,3
54.91169047355652,0.0,3
54.9126980304718,0.0,3
54.913691997528076,0.0,3
54.91467571258545,0.0,3
54.91569256782532,0.0,3
54.91949009895325,0.0,3
54.92049169540405,0.0,3
54.92049169540405,0.0,3
54.92049169540405,0.0,3
54.92147445678711,0.0,3
54.92147445678711,0.0,3
54.922473192214966,0.0,3
54.92349314689636,0.0,3
54.9275336265564,0.0,3
54.9275336265564,0.0,3
54.92947244644165,0.0,3
54.92947244644165,0.0,3
54.92947244644165,0.0,3
54.92947244644165,0.0,3
54.930519342422485,0.0,3
54.931511640548706,0.0,3
54.93256998062134,0.0,3
54.934574842453,0.0,3
54.93557620048523,0.0,3
54.93557620048523,0.0,3
54.936577796936035,0.0,3
54.93761706352234,0.0,3
54.93861770629883,0.0,3
54.939616441726685,0.0,3
54.94061613082886,0.0,3
54.94162440299988,0.0,3
54.94262218475342,0.0,3
54.943642139434814,0.0,3
54.94461750984192,0.0,3
54.94561982154846,0.0,3
54.946638345718384,0.0,3
54.94797348976135,0.0,3
54.948485374450684,0.0,3
54.95051407814026,0.0,3
54.95275378227234,0.0,3
54.95482087135315,0.0,3
54.95482087135315,0.0,3
54.95482087135315,0.0,3
54.95482087135315,0.0,3
54.955989360809326,0.0,3
54.95663285255432,0.0,3
54.95714235305786,0.0,3
54.9621787071228,0.0,3
54.9621787071228,0.0,3
54.96316361427307,0.0,3
54.96316361427307,0.0,3
54.96316361427307,0.0,3
54.96316361427307,0.0,3
54.96424102783203,0.0,3
54.96531414985657,0.0,3
54.967284202575684,0.0,3
54.969271421432495,0.0,3
54.97029185295105,0.0,3
54.971290826797485,0.0,3
54.97879433631897,0.0,3
54.97879433631897,0.0,3
54.97879433631897,0.0,3
54.97879433631897,0.0,3
54.97879433631897,0.0,3
54.97879433631897,0.0,3
54.97879433631897,0.0,3
54.97979521751404,0.0,3
54.97979521751404,0.0,3
54.97979521751404,0.0,3
54.98078918457031,0.0,3
54.981791734695435,0.0,3
54.98258423805237,0.0,3
54.98361301422119,0.0,3
54.984628438949585,0.0,3
54.985636711120605,0.0,3
54.98663806915283,0.0,3
54.98763847351074,0.0,3
54.988637924194336,0.0,3
54.989638328552246,0.0,3
54.990636587142944,0.0,3
54.99163460731506,0.0,3
54.9926381111145,0.0,3
54.99364900588989,0.0,3
54.99463486671448,0.0,3
54.99564075469971,0.0,3
54.9966344833374,0.0,3
54.997636795043945,0.0,3
54.99866271018982,0.0,3
54.99963903427124,0.0,3
55.000640869140625,0.0,3
55.001654386520386,0.0,3
55.002652645111084,0.0,3
55.00364828109741,0.0,3
55.00464868545532,0.0,3
55.005648374557495,0.0,3
55.0066556930542,0.0,3
55.007606744766235,0.0,3
55.008668184280396,0.0,3
55.00966477394104,0.0,3
55.014158725738525,0.0,3
55.01518154144287,0.0,3
55.01518154144287,0.0,3
55.01518154144287,0.0,3
55.016178131103516,0.0,3
55.01668906211853,0.0,3
55.01668906211853,0.0,3
55.01769781112671,1e-05,3
55.018698930740356,0.0,3
55.01972770690918,0.0,3
55.023046255111694,0.0,3
55.023046255111694,0.0,3
55.023046255111694,0.0,3
55.0235915184021,0.0,3
55.024635314941406,0.0,3
55.02563285827637,0.0,3
55.02563285827637,0.0,3
55.02692365646362,0.0,3
55.027925968170166,0.0,3
55.03093957901001,0.0,3
55.03093957901001,0.0,3
55.03093957901001,0.0,3
55.0319242477417,0.0,3
55.032928228378296,0.0,3
55.03392481803894,0.0,3
55.034924268722534,0.0,3
55.035924673080444,0.0,3
55.03692436218262,0.0,3
55.0389244556427,0.0,3
55.0389244556427,0.0,3
55.03994917869568,0.0,3
55.04092264175415,0.0,3
55.04217839241028,0.0,3
55.04322838783264,0.0,3
55.04423546791077,0.0,3
55.04523324966431,0.0,3
55.05123853683472,0.0,3
55.056334018707275,0.0,3
55.056334018707275,0.0,3
55.05751085281372,0.0,3
55.05751085281372,0.0,3
55.058507442474365,0.0,3
55.058507442474365,0.0,3
55.058507442474365,0.0,3
55.059510707855225,0.0,3
55.059510707855225,0.0,3
55.06050634384155,0.0,3
55.061508655548096,0.0,3
55.061508655548096,0.0,3
55.061508655548096,0.0,3
55.06253099441528,0.0,3
55.06253099441528,0.0,3
55.06353139877319,0.0,3
55.06353139877319,0.0,3
55.06955814361572,0.0,3
55.06955814361572,0.0,3
55.07054257392883,0.0,3
55.07695293426514,0.0,3
55.078946590423584,0.0,3
55.078946590423584,0.0,3
55.078946590423584,0.0,3
55.078946590423584,0.0,3
55.078946590423584,0.0,3
55.07993984222412,0.0,3
55.07993984222412,0.0,3
55.07993984222412,0.0,3
55.07993984222412,0.0,3
55.07993984222412,0.0,3
55.07993984222412,0.0,3
55.07993984222412,0.0,3
55.07993984222412,0.0,3
55.08188247680664,0.0,3
55.08288526535034,0.0,3
55.08411931991577,0.0,3
55.08411931991577,0.0,3
55.08514928817749,0.0,3
55.086129665374756,0.0,3
55.08761787414551,0.0,3
55.08832836151123,0.0,3
55.08938407897949,0.0,3
55.08938407897949,0.0,3
55.090864181518555,0.0,3
55.091827630996704,0.0,3
55.093992948532104,0.0,3
55.093992948532104,0.0,3
55.09499216079712,0.0,3
55.09599709510803,0.0,3
55.09699201583862,0.0,3
55.09799098968506,0.0,3
55.100016355514526,1e-05,3
55.10100746154785,1e-05,3
55.10202741622925,1e-05,3
55.103020668029785,1e-05,3
55.10637593269348,1e-05,3
55.10735487937927,1e-05,3
55.10735487937927,1e-05,3
55.108365058898926,1e-05,3
55.108365058898926,1e-05,3
55.10940957069397,1e-05,3
55.10940957069397,1e-05,3
55.1104040145874,1e-05,3
55.11140418052673,0.0,3
55.11675024032593,0.0,3
55.117804765701294,0.0,3
55.117804765701294,0.0,3
55.117804765701294,0.0,3
55.117804765701294,0.0,3
55.117804765701294,1e-05,3
55.11876940727234,1e-05,3
55.11876940727234,1e-05,3
55.120641469955444,1e-05,3
55.1216504573822,1e-05,3
55.12260055541992,1e-05,3
55.12370276451111,1e-05,3
55.124865770339966,1e-05,3
55.124865770339966,1e-05,3
55.125919580459595,1e-05,3
55.12689971923828,1e-05,3
55.127904653549194,1e-05,3
55.129897117614746,1e-05,3
55.129897117614746,1e-05,3
55.131999492645264,1e-05,3
55.131999492645264,1e-05,3
55.134323596954346,1e-05,3
55.13532853126526,0.0,3
55.13532853126526,0.0,3
55.13732552528381,0.0,3
55.13732552528381,0.0,3
55.139339447021484,0.0,3
55.139339447021484,0.0,3
55.14057779312134,0.0,3
55.141602754592896,0.0,3
55.142632484436035,0.0,3
55.14359998703003,0.0,3
55.14460015296936,0.0,3
55.145615100860596,0.0,3
55.146687507629395,0.0,3
55.147465229034424,0.0,3
55.14854884147644,0.0,3
55.15152049064636,0.0,3
55.1545045375824,0.0,3
55.15587043762207,0.0,3
55.15587043762207,0.0,3
55.156938552856445,0.0,3
55.156938552856445,0.0,3
55.156938552856445,0.0,3
55.157978773117065,0.0,3
55.15898823738098,0.0,3
55.15898823738098,0.0,3
55.15898823738098,0.0,3
55.16395282745361,0.0,3
55.16395282745361,0.0,3
55.16395282745361,0.0,3
55.16395282745361,0.0,3
55.165199518203735,0.0,3
55.165199518203735,0.0,3
55.16620635986328,0.0,3
55.16741394996643,0.0,3
55.16851043701172,0.0,3
55.169602394104004,1e-05,3
55.17066931724548,1e-05,3
55.17066931724548,1e-05,3
55.17201805114746,1e-05,3
55.173030376434326,1e-05,3
55.1740300655365,1e-05,3
55.175039291381836,1e-05,3
55.17603015899658,1e-05,3
55.17703056335449,0.0,3
55.178030014038086,0.0,3
55.17903017997742,0.0,3
55.18003010749817,0.0,3
55.182050943374634,0.0,3
55.18304228782654,0.0,3
55.18304228782654,0.0,3
55.18408179283142,0.0,3
55.186034202575684,0.0,3
55.186034202575684,0.0,3
55.187039375305176,0.0,3
55.18811058998108,0.0,3
55.18911170959473,0.0,3
55.19023370742798,0.0,3
55.19140386581421,0.0,3
55.19250774383545,0.0,3
55.19362831115723,2e-05,3
55.194674015045166,2e-05,3
55.1956422328949,2e-05,3
55.19663953781128,2e-05,3
55.198655128479004,2e-05,3
55.200873374938965,2e-05,3
55.202409744262695,2e-05,3
55.202409744262695,2e-05,3
55.203383684158325,2e-05,3
55.203383684158325,2e-05,3
55.204415798187256,2e-05,3
55.20560097694397,2e-05,3
55.20560097694397,2e-05,3
55.20661520957947,2e-05,3
55.213202714920044,2e-05,3
55.213202714920044,2e-05,3
55.213202714920044,2e-05,3
55.213202714920044,2e-05,3
55.21417307853699,2e-05,3
55.21417307853699,2e-05,3
55.21417307853699,2e-05,3
55.21417307853699,0.0,3
55.21552920341492,0.0,3
55.21655201911926,1e-05,3
55.21758699417114,0.0,3
55.218567848205566,0.0,3
55.21961212158203,0.0,3
55.22062039375305,0.0,3
55.221620321273804,0.0,3
55.2226185798645,0.0,3
55.22366428375244,0.0,3
55.22392821311951,0.0,3
55.225226402282715,0.0,3
55.226279735565186,0.0,3
55.22732210159302,0.0,3
55.22852611541748,0.0,3
55.22852611541748,0.0,3
55.23080587387085,0.0,3
55.23080587387085,0.0,3
55.232847929000854,0.0,3
55.2338547706604,0.0,3
55.23485255241394,0.0,3
55.235878229141235,0.0,3
55.235878229141235,0.0,3
55.23788261413574,0.0,3
55.2388756275177,0.0,3
55.23986053466797,0.0,3
55.2405960559845,0.0,3
55.24166655540466,0.0,3
55.24260878562927,0.0,3
55.248039960861206,0.0,3
55.248039960861206,0.0,3
55.248039960861206,0.0,3
55.24908185005188,0.0,3
55.24908185005188,0.0,3
55.24908185005188,0.0,3
55.2500741481781,0.0,3
55.251079082489014,1e-05,3
55.251079082489014,1e-05,3
55.256062746047974,1e-05,3
55.256062746047974,1e-05,3
55.256062746047974,1e-05,3
55.256062746047974,1e-05,3
55.256062746047974,1e-05,3
55.25706219673157,1e-05,3
55.25805854797363,1e-05,3
55.25908064842224,1e-05,3
55.261090993881226,1e-05,3
55.26171135902405,1e-05,3
55.262723445892334,1e-05,3
55.263734102249146,1e-05,3
55.26493501663208,1e-05,3
55.26493501663208,1e-05,3
55.26590943336487,1e-05,3
55.26690602302551,1e-05,3
55.267916202545166,1e-05,3
55.26992964744568,1e-05,3
55.26992964744568,0.0,3
55.2709219455719,0.0,3
55.2719304561615,0.0,3
55.273932218551636,0.0,3
55.27491641044617,0.0,3
55.27491641044617,0.0,3
55.27590823173523,0.0,3
55.27690625190735,0.0,3
55.27857756614685,0.0,3
55.27965521812439,0.0,3
55.280577659606934,0.0,3
55.28162121772766,0.0,3
55.28261995315552,0.0,3
55.28365612030029,0.0,3
55.28463530540466,0.0,3
55.2856342792511,0.0,3
55.286620140075684,0.0,3
55.28763222694397,0.0,3
55.2896511554718,0.0,3
55.29162383079529,0.0,3
55.29607105255127,0.0,3
55.29607105255127,0.0,3
55.29707360267639,0.0,3
55.29808759689331,0.0,3
55.29909706115723,0.0,3
55.300074338912964,0.0,3
55.300074338912964,0.0,3
55.300074338912964,0.0,3
55.300074338912964,0.0,3
55.30137395858765,0.0,3
55.30137395858765,0.0,3
55.30137395858765,0.0,3
55.30481171607971,0.0,3
55.30481171607971,0.0,3
55.30481171607971,0.0,3
55.30481171607971,0.0,3
55.306801319122314,0.0,3
55.30768418312073,0.0,3
55.308780670166016,0.0,3
55.308780670166016,0.0,3
55.30984973907471,0.0,3
55.31184792518616,0.0,3
55.3128547668457,0.0,3
55.31385278701782,0.0,3
55.314852714538574,0.0,3
55.315921783447266,0.0,3
55.31685709953308,0.0,3
55.31739354133606,0.0,3
55.31840443611145,0.0,3
55.3204128742218,0.0,3
55.3204128742218,0.0,3
55.32155632972717,0.0,3
55.32278037071228,0.0,3
55.32377910614014,0.0,3
55.324578285217285,0.0,3
55.325650691986084,0.0,3
55.326560735702515,0.0,3
55.326560735702515,0.0,3
55.32780599594116,0.0,3
55.328861236572266,0.0,3
55.33084273338318,0.0,3
55.33084273338318,0.0,3
55.332876205444336,0.0,3
55.33385896682739,0.0,3
55.334861755371094,0.0,3
55.33684754371643,0.0,3
55.34037518501282,0.0,3
55.344449043273926,0.0,3
55.344449043273926,0.0,3
55.34575867652893,0.0,3
55.34575867652893,0.0,3
55.34575867652893,0.0,3
55.34678030014038,0.0,3
55.34678030014038,0.0,3
55.34812641143799,0.0,3
55.34812641143799,0.0,3
55.34812641143799,0.0,3
55.34912991523743,0.0,3
55.34912991523743,0.0,3
55.35012459754944,0.0,3
55.35012459754944,0.0,3
55.35429859161377,0.0,3
55.355321168899536,0.0,3
55.355321168899536,0.0,3
55.355321168899536,0.0,3
55.355321168899536,0.0,3
55.35608243942261,0.0,3
55.35931396484375,0.0,3
55.35931396484375,0.0,3
55.35931396484375,0.0,3
55.3605375289917,0.0,3
55.36209988594055,0.0,3
55.36209988594055,0.0,3
55.36307120323181,0.0,3
55.3650758266449,0.0,3
55.367087841033936,0.0,3
55.367087841033936,0.0,3
55.367087841033936,0.0,3
55.368183851242065,0.0,3
55.3692991733551,0.0,3
55.37064719200134,0.0,3
55.371551275253296,0.0,3
55.372618675231934,0.0,3
55.37586784362793,0.0,3
55.37840819358826,0.0,3
55.37984490394592,0.0,3
55.37984490394592,0.0,3
55.37984490394592,0.0,3
55.380881786346436,0.0,3
55.380881786346436,0.0,3
55.38214731216431,0.0,3
55.38214731216431,0.0,3
55.38349390029907,0.0,3
55.38653111457825,0.0,3
55.38750600814819,0.0,3
55.38951063156128,0.0,3
55.38951063156128,0.0,3
55.39068603515625,0.0,3
55.39068603515625,0.0,3
55.391684770584106,0.0,3
55.391684770584106,0.0,3
55.392683029174805,0.0,3
55.39568376541138,0.0,3
55.39568376541138,0.0,3
55.39967966079712,0.0,3
55.40068554878235,0.0,3
55.40402865409851,0.0,3
55.40402865409851,0.0,3
55.40402865409851,0.0,3
55.40402865409851,0.0,3
55.40402865409851,0.0,3
55.40402865409851,0.0,3
55.40402865409851,0.0,3
55.40402865409851,0.0,3
55.40519618988037,0.0,3
55.40725779533386,0.0,3
55.40725779533386,0.0,3
55.408421993255615,0.0,3
55.408421993255615,0.0,3
55.409444093704224,0.0,3
55.41048574447632,0.0,3
55.41048574447632,0.0,3
55.411938428878784,0.0,3
55.41575312614441,0.0,3
55.41575312614441,0.0,3
55.41575312614441,0.0,3
55.41575312614441,0.0,3
55.41723394393921,0.0,3
55.418248891830444,0.0,3
55.41929054260254,0.0,3
55.42024612426758,0.0,3
55.423622131347656,0.0,3
55.423622131347656,0.0,3
55.42777609825134,0.0,3
55.42777609825134,0.0,3
55.42777609825134,0.0,3
55.4287793636322,0.0,3
55.42977714538574,0.0,3
55.42977714538574,0.0,3
55.43077516555786,0.0,3
55.4318573474884,0.0,3
55.43278408050537,0.0,3
55.433807611465454,0.0,3
55.434815883636475,0.0,3
55.434815883636475,0.0,3
55.43632674217224,0.0,3
55.43632674217224,0.0,3
55.43733859062195,0.0,3
55.438337326049805,0.0,3
55.441280126571655,0.0,3
55.44372773170471,0.0,3
55.44372773170471,0.0,3
55.44372773170471,0.0,3
55.444740533828735,0.0,3
55.444740533828735,0.0,3
55.446728229522705,0.0,3
55.44777059555054,0.0,3
55.44777059555054,0.0,3
55.448752880096436,0.0,3
55.449737310409546,0.0,3
55.45074462890625,0.0,3
55.45173525810242,0.0,3
55.45275044441223,0.0,3
55.453755378723145,0.0,3
55.454731464385986,0.0,3
55.45575428009033,0.0,3
55.456732749938965,0.0,3
55.4589102268219,0.0,3
55.4589102268219,0.0,3
55.45952606201172,0.0,3
55.4605348110199,0.0,3
55.4605348110199,0.0,3
55.46322512626648,0.0,3
55.46322512626648,0.0,3
55.464348793029785,0.0,3
55.46587586402893,0.0,3
55.46743726730347,0.0,3
55.467957496643066,0.0,3
55.46846389770508,0.0,3
55.47000503540039,0.0,3
55.47154092788696,0.0,3
55.472076416015625,0.0,3
55.472585916519165,0.0,3
55.473625898361206,0.0,3
55.48082756996155,0.0,3
55.481914043426514,0.0,3
55.481914043426514,0.0,3
55.482945680618286,0.0,3
55.48396325111389,0.0,3
55.48396325111389,0.0,3
55.48449087142944,0.0,3
55.48501801490784,0.0,3
55.48501801490784,0.0,3
55.486056089401245,0.0,3
55.486056089401245,0.0,3
55.487053871154785,0.0,3
55.487053871154785,0.0,3
55.487053871154785,0.0,3
55.49196434020996,0.0,3
55.49196434020996,0.0,3
55.49196434020996,0.0,3
55.49196434020996,0.0,3
55.49196434020996,0.0,3
55.49358892440796,0.0,3
55.4945809841156,0.0,3
55.49562954902649,0.0,3
55.49663019180298,0.0,3
55.49763011932373,0.0,3
55.49863266944885,0.0,3
55.49863266944885,0.0,3
55.50128173828125,0.0,3
55.50128173828125,0.0,3
55.50280499458313,0.0,3
55.50382351875305,1e-05,3
55.50483226776123,1e-05,3
55.505817890167236,0.0,3
55.50683569908142,0.0,3
55.50782299041748,0.0,3
55.50782299041748,0.0,3
55.50982928276062,0.0,3
55.50982928276062,0.0,3
55.511821269989014,0.0,3
55.5125687122345,0.0,3
55.51357913017273,0.0,3
55.51463985443115,0.0,3
55.515624046325684,0.0,3
55.51659965515137,0.0,3
55.518091440200806,0.0,3
55.518091440200806,0.0,3
55.519102573394775,0.0,3
55.52139163017273,0.0,3
55.52436637878418,0.0,3
55.525346994400024,0.0,3
55.525346994400024,0.0,3
55.526344537734985,0.0,3
55.526344537734985,0.0,3
55.526344537734985,0.0,3
55.527345418930054,0.0,3
55.52834749221802,0.0,3
55.532346963882446,0.0,3
55.532346963882446,0.0,3
55.53334379196167,0.0,3
55.53334379196167,0.0,3
55.53334379196167,0.0,3
55.53455877304077,0.0,3
55.53508925437927,0.0,3
55.5362446308136,0.0,3
55.537273645401,0.0,3
55.53830027580261,0.0,3
55.53977155685425,1e-05,3
55.540770292282104,0.0,3
55.540770292282104,0.0,3
55.541861057281494,0.0,3
55.54285025596619,0.0,3
55.54385495185852,0.0,3
55.54485058784485,0.0,3
55.545854806900024,0.0,3
55.547852754592896,0.0,3
55.547852754592896,0.0,3
55.548887968063354,0.0,3
55.54985070228577,0.0,3
55.550849199295044,0.0,3
55.552250385284424,0.0,3
55.553754806518555,0.0,3
55.55475449562073,0.0,3
55.55475449562073,0.0,3
55.55659365653992,0.0,3
55.55764842033386,0.0,3
55.558653593063354,0.0,3
55.559555530548096,0.0,3
55.559555530548096,0.0,3
55.56187891960144,0.0,3
55.562870264053345,0.0,3
55.56387710571289,0.0,3
55.56488227844238,0.0,3
55.56588625907898,0.0,3
55.566888093948364,0.0,3
55.57187509536743,0.0,3
55.57590889930725,0.0,3
55.57590889930725,0.0,3
55.577871561050415,0.0,3
55.577871561050415,0.0,3
55.57894015312195,0.0,3
55.57987689971924,0.0,3
55.58088135719299,0.0,3
55.58187651634216,0.0,3
55.58187651634216,0.0,3
55.583041191101074,0.0,3
55.58388423919678,0.0,3
55.585872173309326,0.0,3
55.586878299713135,0.0,3
55.586878299713135,0.0,3
55.586878299713135,0.0,3
55.586878299713135,0.0,3
55.587931871414185,0.0,3
55.58988165855408,0.0,3
55.5949649810791,0.0,3
55.5949649810791,0.0,3
55.5949649810791,0.0,3
55.5949649810791,0.0,3
55.5949649810791,0.0,3
55.5949649810791,0.0,3
55.5949649810791,0.0,3
55.59591293334961,0.0,3
55.59591293334961,0.0,3
55.59591293334961,0.0,3
55.59591293334961,0.0,3
55.59788107872009,0.0,3
55.59788107872009,1e-05,3
55.59978652000427,1e-05,3
55.60067367553711,1e-05,3
55.601229429244995,1e-05,3
55.60231971740723,1e-05,3
55.60338473320007,1e-05,3
55.60438513755798,1e-05,3
55.605403423309326,1e-05,3
55.606425523757935,1e-05,3
55.60740542411804,1e-05,3
55.6084201335907,1e-05,3
55.60942101478577,1e-05,3
55.61042141914368,1e-05,3
55.611382722854614,1e-05,3
55.61236810684204,1e-05,3
55.61333084106445,1e-05,3
55.61457300186157,1e-05,3
55.61581349372864,1e-05,3
55.61734390258789,1e-05,3
55.61734390258789,1e-05,3
55.61836504936218,0.0,3
55.61936068534851,0.0,3
55.62036156654358,0.0,3
55.62135910987854,0.0,3
55.62237048149109,0.0,3
55.62336730957031,0.0,3
55.62436580657959,0.0,3
55.62538766860962,0.0,3
55.62647318840027,0.0,3
55.627681493759155,0.0,3
55.630366802215576,0.0,3
55.635761976242065,0.0,3
55.635761976242065,0.0,3
55.63727259635925,0.0,3
55.638466358184814,0.0,3
55.63949632644653,0.0,3
55.64055347442627,0.0,3
55.641887187957764,0.0,3
55.64430546760559,0.0,3
55.64430546760559,0.0,3
55.64529633522034,0.0,3
55.64529633522034,0.0,3
55.64529633522034,0.0,3
55.64629530906677,0.0,3
55.64629530906677,0.0,3
55.6472954750061,0.0,3
55.65067195892334,0.0,3
55.65067195892334,0.0,3
55.65067195892334,0.0,3
55.65067195892334,0.0,3
55.65067195892334,0.0,3
55.65067195892334,0.0,3
55.65067195892334,0.0,3
55.65170383453369,0.0,3
55.652631759643555,0.0,3
55.652631759643555,0.0,3
55.65445017814636,0.0,3
55.65522861480713,0.0,3
55.65661358833313,0.0,3
55.65764284133911,0.0,3
55.658626317977905,0.0,3
55.659626483917236,0.0,3
55.66062664985657,0.0,3
55.661625623703,0.0,3
55.662627935409546,0.0,3
55.66362762451172,0.0,3
55.66463565826416,0.0,3
55.665626525878906,0.0,3
55.66662812232971,0.0,3
55.667632818222046,0.0,3
55.668625593185425,0.0,3
55.66962456703186,0.0,3
55.67062973976135,0.0,3
55.671632528305054,0.0,3
55.67263174057007,0.0,3
55.673882246017456,0.0,3
55.67787742614746,0.0,3
55.67887759208679,0.0,3
55.67887759208679,0.0,3
55.67887759208679,0.0,3
55.67988681793213,0.0,3
55.680877685546875,0.0,3
55.680877685546875,0.0,3
55.681875467300415,0.0,3
55.68566966056824,0.0,3
55.68566966056824,0.0,3
55.68693399429321,0.0,3
55.68693399429321,5e-05,3
55.68893527984619,0.00022,3
55.69143629074097,0.00022,3
55.69569659233093,0.00022,3
55.69569659233093,0.00022,3
55.69709372520447,0.00022,3
55.69709372520447,0.00022,3
55.69709372520447,0.00022,3
55.69709372520447,0.00022,3
55.69856357574463,0.00022,3
55.69856357574463,0.00022,3
55.69856357574463,0.00022,3
55.69856357574463,0.00022,3
55.69856357574463,0.00022,3
55.69982028007507,0.00022,3
55.700642824172974,0.00022,3
55.70203638076782,0.00022,3
55.70203638076782,0.00022,3
55.70306658744812,0.00022,3
55.70404887199402,0.00022,3
55.70504832267761,0.00022,3
55.706045389175415,0.00022,3
55.70746159553528,0.00022,3
55.70855522155762,0.00013,3
55.709593534469604,0.0,3
55.710569858551025,0.0,3
55.7115695476532,0.0,3
55.71259570121765,0.0,3
55.7135694026947,0.0,3
55.714579343795776,0.0,3
55.71556830406189,0.0,3
55.716609477996826,0.0,3
55.71813631057739,0.0,3
55.71813631057739,0.0,3
55.7191641330719,0.0,3
55.72037863731384,0.0,3
55.72336196899414,0.0,3
55.7269549369812,0.0,3
55.72794198989868,0.0,3
55.72794198989868,0.0,3
55.72891545295715,0.0,3
55.72891545295715,0.0,3
55.72994136810303,0.0,3
55.72994136810303,0.0,3
55.72994136810303,0.0,3
55.73191785812378,0.0,3
55.73191785812378,0.0,3
55.73191785812378,0.0,3
55.733362913131714,0.0,3
55.74136447906494,0.0,3
55.74136447906494,0.0,3
55.74136447906494,0.0,3
55.74235224723816,0.0,3
55.74235224723816,0.00046,3
55.74235224723816,0.00046,3
55.74235224723816,0.00046,3
55.74235224723816,0.00046,3
55.74333953857422,0.00046,3
55.74333953857422,0.00046,3
55.744598627090454,0.00019,3
55.746620178222656,0.0,3
55.746620178222656,0.0,3
55.74862766265869,0.0,3
55.74862766265869,0.0,3
55.74960803985596,0.0,3
55.75582790374756,0.0,3
55.75582790374756,0.0,3
55.75582790374756,0.0,3
55.75684189796448,0.0,3
55.75684189796448,0.0,3
55.75684189796448,0.0,3
55.7578330039978,0.0,3
55.7578330039978,0.0,3
55.758540630340576,0.0,3
55.759881258010864,0.0,3
55.760906457901,0.0,3
55.760906457901,0.0,3
55.76252317428589,0.0,3
55.76357412338257,0.0,3
55.76458764076233,0.0,3
55.76570773124695,0.0,3
55.76570773124695,0.0,3
55.76774215698242,9e-05,3
55.77607560157776,9e-05,3
55.77607560157776,9e-05,3
55.7775764465332,9e-05,3
55.7775764465332,9e-05,3
55.7785849571228,9e-05,3
55.7796368598938,9e-05,3
55.7796368598938,0.0,3
55.78064966201782,0.0,3
55.78064966201782,0.0,3
55.78204035758972,0.0,3
55.78204035758972,0.0,3
55.78204035758972,0.0,3
55.7830548286438,0.0,3
55.7830548286438,0.0,3
55.78656578063965,0.0,3
55.78857111930847,0.0,3
55.78857111930847,0.0,3
55.78857111930847,0.0,3
55.78857111930847,0.0,3
55.78857111930847,0.0,3
55.789560317993164,0.00023,3
55.789560317993164,0.0,3
55.79058837890625,0.0,3
55.79158854484558,0.0,3
55.79260873794556,0.0,3
55.793553829193115,0.0,3
55.79454469680786,0.0,3
55.79555010795593,0.0,3
55.79656958580017,0.0,3
55.79760026931763,0.0,3
55.798588514328,0.0,3
55.80044221878052,0.0,3
55.80246162414551,0.0,3
55.80246162414551,0.0,3
55.80246162414551,0.0,3
55.803486585617065,2e-05,3
55.8049430847168,2e-05,3
55.8049430847168,2e-05,3
55.806906938552856,2e-05,3
55.806906938552856,2e-05,3
55.80790448188782,2e-05,3
55.80890679359436,2e-05,3
55.80990672111511,0.00076,3
55.810906410217285,0.00076,3
55.812702894210815,0.00076,3
55.81965732574463,0.00076,3
55.82465076446533,0.00076,3
55.82565379142761,0.00076,3
55.82665181159973,0.00076,3
55.82665181159973,0.00076,3
55.827651023864746,0.00076,3
55.828651428222656,0.00076,3
55.82964849472046,0.00076,3
55.83065128326416,0.00076,3
55.83165192604065,0.00076,3
55.83465242385864,0.00076,3
55.83565092086792,0.00076,3
55.83665108680725,0.0,3
55.83665108680725,0.0,3
55.83665108680725,0.0,3
55.83665108680725,0.0,3
55.83665108680725,0.0,3
55.83665108680725,0.0,3
55.83665108680725,0.0,3
55.83665108680725,0.0,3
55.83865165710449,0.0,3
55.83865165710449,0.0,3
55.83865165710449,0.0,3
55.83865165710449,0.0,3
55.83865165710449,0.0,3
55.83965086936951,0.0,3
55.83965086936951,0.0,3
55.84064817428589,0.0,3
55.84164905548096,0.0,3
55.84256315231323,0.0,3
55.84358811378479,0.0,3
55.84459614753723,0.0,3
55.847846269607544,0.0,3
55.847846269607544,0.0,3
55.847846269607544,0.0,3
55.84886932373047,0.0,3
55.84987258911133,0.0,3
55.85090684890747,0.0,3
55.85090684890747,0.0,3
55.851879358291626,0.0,3
55.85486841201782,0.0,3
55.85486841201782,0.0,3
55.85486841201782,0.0,3
55.855868101119995,0.0,3
55.85686635971069,0.0,3
55.857866525650024,0.0,3
55.85953974723816,0.0,3
55.85953974723816,0.0,3
55.86743092536926,0.0,3
55.86842942237854,0.0,3
55.86942744255066,0.0,3
55.87044668197632,0.0,3
55.87044668197632,0.0,3
55.87146520614624,0.0,3
55.87247061729431,0.0,3
55.87247061729431,0.0,3
55.8734815120697,0.0,3
55.8734815120697,0.0,3
55.87448763847351,0.0,3
55.87448763847351,0.0,3
55.87448763847351,0.0,3
55.87548208236694,0.0,3
55.87548208236694,0.0,3
55.882466554641724,0.0,3
55.882466554641724,0.0,3
55.882466554641724,0.0,3
55.882466554641724,0.0,3
55.882466554641724,0.0,3
55.882466554641724,0.0,3
55.88393783569336,0.0,3
55.88393783569336,0.0,3
55.88515615463257,0.0,3
55.88515615463257,0.0,3
55.88725161552429,0.0,3
55.88725161552429,0.0,3
55.888238191604614,0.0,3
55.890037536621094,0.00011,3
55.89105200767517,0.00015,3
55.89206600189209,0.00015,3
55.89206600189209,0.00015,3
55.89345121383667,0.00015,3
55.8944730758667,0.00015,3
55.895458698272705,0.00015,3
55.8964478969574,0.00015,3
55.89744234085083,0.00015,3
55.89846968650818,0.00015,3
55.899473428726196,0.00015,3
55.90046715736389,0.00015,3
55.901487588882446,0.00015,3
55.9024715423584,0.00015,3
55.90348148345947,0.00015,3
55.90447807312012,0.0,3
55.90447807312012,0.0,3
55.90678668022156,0.0,3
55.90678668022156,0.0,3
55.91178607940674,0.0,3
55.91178607940674,0.0,3
55.91178607940674,0.0,3
55.91278576850891,0.0,3
55.91278576850891,0.0,3
55.91382098197937,0.0,3
55.91480994224548,0.0,3
55.917320251464844,0.0,3
55.917320251464844,0.0,3
55.9183030128479,0.0,3
55.9183030128479,0.0,3
55.91955065727234,8e-05,3
55.924553871154785,0.0,3
55.924553871154785,0.0,3
55.924553871154785,0.0,3
55.924553871154785,0.0,3
55.924553871154785,0.0,3
55.92554044723511,0.0,3
55.92660069465637,0.0,3
55.9276077747345,0.0,3
55.928606033325195,0.0,3
55.9296133518219,0.0,3
55.93067479133606,0.0,3
55.93161392211914,0.0,3
55.93260741233826,0.0,3
55.933624267578125,0.0,3
55.934624910354614,0.0,3
55.93562436103821,0.0,3
55.93662428855896,0.0,3
55.93762564659119,0.0,3
55.93864464759827,0.0,3
55.93965411186218,0.0,3
55.9406304359436,0.0,3
55.94162201881409,0.00027,3
55.942625999450684,0.00033,3
55.943626403808594,0.00033,3
55.94462537765503,0.00033,3
55.94562530517578,0.00033,3
55.94662618637085,0.00033,3
55.948636293411255,0.00033,3
55.948636293411255,0.00033,3
55.949628829956055,0.00033,3
55.95065999031067,0.00033,3
55.95217251777649,0.00033,3
55.95217251777649,0.00033,3
55.95318245887756,0.00033,3
55.95836853981018,0.00033,3
55.95936894416809,0.00033,3
55.96036458015442,0.00033,3
55.96036458015442,0.00033,3
55.9613618850708,0.00033,3
55.962366819381714,0.00033,3
55.962366819381714,0.00033,3
55.963364124298096,0.00033,3
55.96438932418823,0.00033,3
55.96536469459534,0.00033,3
55.96536469459534,0.0,3
55.96536469459534,0.0,3
55.96941781044006,0.0,3
55.96941781044006,0.0,3
55.96941781044006,0.0,3
55.96941781044006,0.0,3
55.97053146362305,0.0,3
55.97156095504761,0.0,3
55.972368001937866,0.0,3
55.97355079650879,0.0,3
55.97355079650879,0.0,3
55.974849224090576,0.0,3
55.97586011886597,0.0,3
55.97784662246704,0.0,3
55.97784662246704,0.0,3
55.97887563705444,0.0,3
55.97985816001892,0.0,3
55.98087978363037,0.0,3
55.981868743896484,0.0,3
55.982847690582275,0.0,3
55.98387670516968,0.0,3
55.98484754562378,0.0,3
55.98600459098816,0.0,3
55.98735594749451,0.0,3
55.98835468292236,0.0,3
55.989354372024536,0.0,3
55.99035334587097,0.0,3
55.99154090881348,0.0,3
55.992549896240234,0.0,3
55.993549823760986,0.0,3
55.99454855918884,0.0,3
55.99558687210083,0.0,3
55.996561765670776,0.0,3
55.997563123703,0.0,3
55.99856472015381,0.0,3
56.000593423843384,0.0,3
56.00795912742615,0.0,3
56.00896453857422,0.0,3
56.00896453857422,0.0,3
56.00896453857422,0.0,3
56.01012110710144,0.0,3
56.01012110710144,0.0,3
56.01112604141235,0.0,3
56.01112604141235,0.0,3
56.012122631073,0.0,3
56.012122631073,0.0,3
56.012122631073,0.0,3
56.0132532119751,0.0,3
56.01425313949585,0.0,3
56.01425313949585,0.0,3
56.01525831222534,0.0,3
56.01525831222534,0.0,3
56.0193076133728,0.0,3
56.0193076133728,0.0,3
56.0193076133728,0.0,3
56.0193076133728,0.0,3
56.020540714263916,0.0,3
56.021602392196655,0.00015,3
56.0226411819458,8e-05,3
56.0236177444458,0.0,3
56.024617433547974,0.0,3
56.02554965019226,0.0,3
56.026564836502075,0.0,3
56.02756357192993,0.0,3
56.028714179992676,0.0,3
56.02971792221069,0.0,3
56.03072810173035,0.0,3
56.03072810173035,0.0,3
56.03219509124756,0.0,3
56.03319787979126,0.0,3
56.034215450286865,0.0,3
56.03518724441528,0.0,3
56.03617215156555,0.0,3
56.03721570968628,0.0,3
56.038185119628906,0.0,3
56.039212703704834,0.0,3
56.04021739959717,0.0,3
56.04162812232971,0.0,3
56.04254937171936,0.0,3
56.04254937171936,0.0,3
56.04391264915466,0.00026,3
56.044941663742065,0.00026,3
56.05370354652405,0.00026,3
56.054980516433716,0.00026,3
56.05601143836975,0.00026,3
56.057018756866455,0.00026,3
56.05904269218445,0.00026,3
56.060014486312866,0.00026,3
56.06102895736694,0.00026,3
56.06102895736694,0.00026,3
56.062036991119385,0.00026,3
56.062036991119385,0.00026,3
56.069265604019165,0.00026,3
56.069265604019165,0.00026,3
56.07030153274536,0.00026,3
56.07030153274536,0.0,3
56.07030153274536,0.0,3
56.07030153274536,0.0,3
56.07030153274536,0.0,3
56.07125687599182,0.0,3
56.07125687599182,0.0,3
56.07125687599182,0.0,3
56.07125687599182,0.0,3
56.07229161262512,0.0,3
56.07229161262512,0.0,3
56.07327604293823,0.0,3
56.07327604293823,0.0,3
56.07327604293823,0.0,3
56.074294567108154,0.0,3
56.074294567108154,0.0,3
56.074294567108154,0.0,3
56.0755729675293,0.0,3
56.07658553123474,0.0,3
56.077584743499756,0.0,3
56.0786349773407,0.0,3
56.0786349773407,0.0,3
56.08086156845093,0.0,3
56.081855058670044,0.00013,3
56.082858085632324,9e-05,3
56.082858085632324,9e-05,3
56.084850549697876,9e-05,3
56.08590340614319,9e-05,3
56.08590340614319,9e-05,3
56.08697962760925,9e-05,3
56.08800983428955,9e-05,3
56.08900761604309,9e-05,3
56.0900137424469,9e-05,3
56.091007471084595,9e-05,3
56.09201383590698,9e-05,3
56.097055435180664,9e-05,3
56.09804344177246,0.0,3
56.0990355014801,0.0,3
56.1000440120697,0.0,3
56.1010856628418,0.0,3
56.1010856628418,0.0,3
56.10208606719971,0.0,3
56.10208606719971,0.0,3
56.10208606719971,0.0,3
56.103511333465576,0.0,3
56.10452723503113,6e-05,3
56.10452723503113,6e-05,3
56.10564112663269,6e-05,3
56.10966658592224,6e-05,3
56.110663652420044,6e-05,3
56.11169743537903,6e-05,3
56.11169743537903,6e-05,3
56.11169743537903,6e-05,3
56.11169743537903,6e-05,3
56.11269187927246,6e-05,3
56.113041400909424,6e-05,3
56.11417365074158,6e-05,3
56.1151819229126,6e-05,3
56.1162269115448,6e-05,3
56.118208169937134,0.0,3
56.118208169937134,0.00014,3
56.119624614715576,0.00014,3
56.12064838409424,0.00014,3
56.12163972854614,0.00014,3
56.12265086174011,0.00014,3
56.123650789260864,0.00014,3
56.124645709991455,0.00014,3
56.13716912269592,0.00014,3
56.13716912269592,0.00014,3
56.13918900489807,0.00014,3
56.13918900489807,0.00014,3
56.14016556739807,0.00014,3
56.144615173339844,0.00014,3
56.146695613861084,0.00014,3
56.14927434921265,0.00014,3
56.14927434921265,0.00014,3
56.15149736404419,0.00014,3
56.1570041179657,0.00014,3
56.159358501434326,0.00014,3
56.16035199165344,0.00014,3
56.16195511817932,0.00014,3
56.16697597503662,0.00014,3
56.16899061203003,0.00014,3
56.17497277259827,0.00044,3
56.175978899002075,0.0,3
56.175978899002075,0.0,3
56.175978899002075,0.0,3
56.175978899002075,0.0,3
56.17884969711304,0.0,3
56.17884969711304,0.0,3
56.17884969711304,0.0,3
56.17884969711304,0.0,3
56.17884969711304,0.0,3
56.17884969711304,0.0,3
56.18011951446533,0.0,3
56.181058168411255,0.00011,3
56.181058168411255,0.00011,3
56.18206024169922,0.00011,3
56.18305563926697,0.00011,3
56.18305563926697,0.00011,3
56.18405771255493,0.00011,3
56.191163301467896,0.00011,3
56.19317054748535,0.00011,3
56.1984658241272,0.00011,3
56.19950246810913,5e-05,3
56.200475215911865,5e-05,3
56.20350241661072,5e-05,3
56.20447754859924,5e-05,3
56.20750021934509,5e-05,3
56.20849943161011,5e-05,3
56.20949411392212,5e-05,3
56.20949411392212,5e-05,3
56.21050143241882,5e-05,3
56.21050143241882,5e-05,3
56.21610450744629,5e-05,3
56.21610450744629,5e-05,3
56.22589731216431,5e-05,3
56.22589731216431,5e-05,3
56.226892709732056,5e-05,3
56.226892709732056,5e-05,3
56.226892709732056,5e-05,3
56.23030948638916,5e-05,3
56.23030948638916,5e-05,3
56.23030948638916,5e-05,3
56.23129153251648,5e-05,3
56.23129153251648,5e-05,3
56.23241090774536,0.0,3
56.23367214202881,0.00038,3
56.23367214202881,0.00038,3
56.23367214202881,0.00038,3
56.23516058921814,0.00038,3
56.23842811584473,0.00038,3
56.23842811584473,0.00038,3
56.239489793777466,0.00038,3
56.239489793777466,0.00038,3
56.240488052368164,0.00038,3
56.241488218307495,0.00038,3
56.24248766899109,0.00038,3
56.24248766899109,0.00038,3
56.24348783493042,0.00038,3
56.24348783493042,0.0,3
56.24348783493042,0.0,3
56.24348783493042,0.0,3
56.24449038505554,0.0,3
56.24449038505554,0.0,3
56.25061893463135,0.0,3
56.28574204444885,0.0,3
56.28574204444885,0.0,3
56.2867476940155,0.0,3
56.28981304168701,0.0,3
56.28981304168701,0.0,3
56.28981304168701,0.0,3
56.29081320762634,0.0,3
56.29081320762634,0.0,3
56.29081320762634,0.0,3
56.291827917099,7e-05,3
56.29282784461975,7e-05,3
56.293830156326294,7e-05,3
56.29509115219116,7e-05,3
56.29509115219116,7e-05,3
56.29645562171936,7e-05,3
56.29775047302246,7e-05,3
56.30326795578003,0.0,3
56.30434727668762,0.0,3
56.30434727668762,0.0,3
56.30434727668762,0.0,3
56.3106963634491,0.0,3
56.311206579208374,0.0,3
56.311206579208374,0.0,3
56.311206579208374,0.0,3
56.311206579208374,0.0,3
56.311206579208374,0.0,3
56.311206579208374,0.0,3
56.311206579208374,0.0,3
56.312214612960815,0.0,3
56.31362009048462,0.0,3
56.316619873046875,0.0,3
56.318156242370605,0.00026,3
56.318156242370605,0.00026,3
56.319557905197144,0.00026,3
56.319557905197144,0.00026,3
56.32047772407532,0.00026,3
56.32047772407532,0.00026,3
56.32047772407532,0.00026,3
56.32047772407532,0.00026,3
56.324901819229126,0.0,3
56.32590174674988,0.0,3
56.32590174674988,0.0,3
56.32590174674988,0.0,3
56.32590174674988,0.0,3
56.32590174674988,0.0,3
56.32789897918701,0.0,3
56.32789897918701,0.0,3
56.32789897918701,0.0,3
56.32789897918701,0.0,3
56.32789897918701,0.0,3
56.3289008140564,0.0,3
56.329904317855835,0.0,3
56.33443307876587,0.0,3
56.33443307876587,0.0,3
56.335434436798096,0.00046,3
56.335434436798096,0.00046,3
56.336434841156006,0.00046,3
56.33744144439697,0.00046,3
56.33841896057129,0.00046,3
56.33841896057129,0.00046,3
56.339895725250244,0.00046,3
56.339895725250244,0.00046,3
56.34089803695679,0.00046,3
56.34522557258606,0.00046,3
56.34522557258606,0.00046,3
56.346394777297974,1e-05,3
56.35741901397705,1e-05,3
56.35741901397705,1e-05,3
56.35741901397705,1e-05,3
56.35741901397705,1e-05,3
56.35741901397705,1e-05,3
56.358421325683594,1e-05,3
56.358421325683594,1e-05,3
56.36041808128357,1e-05,3
56.36041808128357,0.0,3
56.36041808128357,0.0,3
56.36041808128357,0.0,3
56.36041808128357,0.0,3
56.36142539978027,0.0,3
56.36142539978027,0.0,3
56.36142539978027,0.0,3
56.36142539978027,0.0,3
56.36142539978027,0.0,3
56.36142539978027,0.0,3
56.36142539978027,0.0,3
56.36142539978027,0.0,3
56.36142539978027,0.0,3
56.36142539978027,0.0,3
56.3624427318573,0.0,3
56.3624427318573,7e-05,3
56.3624427318573,6e-05,3
56.3624427318573,0.0,3
56.3624427318573,0.0,3
56.36341643333435,0.0,3
56.36341643333435,0.0,3
56.36341643333435,0.0,3
56.36341643333435,0.0,3
56.36341643333435,0.0,3
56.36341643333435,0.0,3
56.36341643333435,0.0,3
56.36341643333435,0.0,3
56.36444044113159,0.0,3
56.36444044113159,0.0,3
56.36444044113159,0.0,3
56.36444044113159,0.0,3
56.36444044113159,0.0,3
56.36444044113159,0.0,3
56.36444044113159,0.0,3
56.36544752120972,0.0,3
56.36544752120972,0.0,3
56.36544752120972,0.00013,3
56.36544752120972,0.0,3
56.366434812545776,0.0,3
56.36778712272644,0.0,3
56.36778712272644,0.0,3
56.36778712272644,0.0,3
56.36778712272644,0.0,3
56.368775844573975,0.0,3
56.368775844573975,0.0,3
56.368775844573975,0.0,3
56.369903326034546,0.0,3
56.369903326034546,0.0,3
56.369903326034546,0.0,3
56.37098526954651,0.0,3
56.37098526954651,6e-05,3
56.37242865562439,6e-05,3
56.37242865562439,6e-05,3
56.37443828582764,6e-05,3
56.37443828582764,6e-05,3
56.375455141067505,6e-05,3
56.375455141067505,6e-05,3
56.375455141067505,6e-05,3
56.375455141067505,6e-05,3
56.375455141067505,6e-05,3
56.375455141067505,0.00047,3
56.37642455101013,0.00047,3
56.37642455101013,0.00047,3
56.37642455101013,0.00047,3
56.37642455101013,0.00047,3
56.37642455101013,0.00047,3
56.377418518066406,0.00047,3
56.377418518066406,0.00047,3
56.377418518066406,0.00047,3
56.377418518066406,0.00047,3
56.378430128097534,0.00047,3
56.378430128097534,0.00047,3
56.378430128097534,0.00047,3
56.378430128097534,4e-05,3
56.37942123413086,4e-05,3
56.380510568618774,0.00022,3
56.380510568618774,0.00022,3
56.380510568618774,0.00022,3
56.38175559043884,0.00022,3
56.38175559043884,0.00022,3
56.38175559043884,0.00022,3
56.38175559043884,0.00022,3
56.38275194168091,0.00022,3
56.38275194168091,0.00022,3
56.38275194168091,0.00022,3
56.38275194168091,0.00022,3
56.3837468624115,0.00022,3
56.3837468624115,0.00022,3
56.3837468624115,0.00022,3
56.3837468624115,0.00022,3
56.3847770690918,0.00022,3
56.3847770690918,0.00022,3
56.3847770690918,0.00022,3
56.3847770690918,0.00022,3
56.3847770690918,0.00022,3
56.3847770690918,0.00022,3
56.385748863220215,0.00022,3
56.385748863220215,0.00022,3
56.385748863220215,0.00022,3
56.385748863220215,0.00022,3
56.385748863220215,0.00022,3
56.385748863220215,0.00022,3
56.385748863220215,0.0,3
56.385748863220215,0.0,3
56.385748863220215,0.0,3
56.385748863220215,0.0,3
56.38720154762268,0.0,3
56.38720154762268,0.0,3
56.38720154762268,0.0,3
56.38720154762268,0.0,3
56.38920712471008,0.0,3
56.392738342285156,0.0,3
56.392738342285156,0.0,3
56.392738342285156,0.0,3
56.39373850822449,0.0,3
56.39373850822449,0.0,3
56.39473843574524,0.0,3
56.39573788642883,0.00042,3
56.39673900604248,0.00042,3
56.40560722351074,0.00042,3
56.40658235549927,0.00042,3
56.41088056564331,0.00042,3
56.41088056564331,0.00042,3
56.41088056564331,0.00042,3
56.41188287734985,0.00042,3
56.41188287734985,0.00042,3
56.41188287734985,0.00042,3
56.41188287734985,0.00042,3
56.41188287734985,0.00042,3
56.41188287734985,0.00042,3
56.41288137435913,0.00042,3
56.41288137435913,0.00042,3
56.41288137435913,0.00042,3
56.41288137435913,0.00042,3
56.414255142211914,0.00042,3
56.414255142211914,0.00042,3
56.414255142211914,0.00042,3
56.41556668281555,0.00042,3
56.416635513305664,2e-05,3
56.41765117645264,0.0,3
56.41823220252991,0.0,3
56.41928791999817,0.0,3
56.420320987701416,0.0,3
56.42340350151062,0.0,3
56.42649245262146,0.0,3
56.42748546600342,0.0,3
56.42748546600342,0.0,3
56.42846894264221,0.0,3
56.42846894264221,0.0,3
56.42846894264221,0.0,3
56.429534673690796,0.0,3
56.429534673690796,0.0,3
56.430556535720825,0.0,3
56.43196153640747,0.0,3
56.43297743797302,0.0,3
56.43297743797302,0.0,3
56.43718695640564,0.0,3
56.43718695640564,0.0,3
56.43718695640564,0.0,3
56.43832325935364,0.0,3
56.439722299575806,0.0,3
56.439722299575806,0.0,3
56.44073677062988,0.0,3
56.44161891937256,0.0,3
56.44255018234253,0.0,3
56.44290590286255,0.0,3
56.44391632080078,0.0,3
56.44491410255432,0.0,3
56.446922063827515,0.0,3
56.447930574417114,0.0,3
56.448914527893066,0.0,3
56.44991946220398,0.0,3
56.450927734375,0.0,3
56.450927734375,0.0,3
56.4529173374176,0.0,3
56.453922748565674,0.0,3
56.453922748565674,0.0,3
56.45533871650696,0.0,3
56.456332206726074,0.0,3
56.457334995269775,0.0,3
56.45833110809326,0.0,3
56.45937204360962,0.0,3
56.460410833358765,0.0,3
56.46278142929077,0.0,3
56.46378302574158,0.0,3
56.46378302574158,0.0,3
56.4647798538208,0.0,3
56.46578788757324,0.0,3
56.466797828674316,0.0,3
56.46778225898743,0.0,3
56.46879601478577,0.00029,3
56.46978735923767,0.0,3
56.475788593292236,0.0,3
56.475788593292236,0.0,3
56.478781938552856,0.0,3
56.47983407974243,0.0,3
56.480780839920044,0.0,3
56.480780839920044,0.0,3
56.481860876083374,0.0,3
56.481860876083374,0.0,3
56.481860876083374,0.0,3
56.481860876083374,0.0,3
56.48295545578003,0.0,3
56.48404908180237,0.0,3
56.48404908180237,0.0,3
56.48404908180237,0.0,3
56.485092639923096,0.0,3
56.485092639923096,0.0,3
56.49008822441101,0.0,3
56.49008822441101,0.0,3
56.4920859336853,0.0,3
56.493205547332764,0.0,3
56.493205547332764,0.0,3
56.493205547332764,0.0003,3
56.493205547332764,0.0,3
56.493205547332764,0.0,3
56.494285345077515,0.0,3
56.495779514312744,0.0,3
56.496779441833496,0.0,3
56.49882936477661,0.0,3
56.49978709220886,0.0,3
56.49978709220886,0.0,3
56.500781536102295,0.0,3
56.501787424087524,0.0,3
56.501787424087524,0.0,3
56.50594449043274,0.0,3
56.50594449043274,0.0,3
56.50594449043274,0.0,3
56.506943464279175,0.0,3
56.506943464279175,0.0,3
56.50854158401489,0.0,3
56.51103138923645,0.0,3
56.51103138923645,0.0,3
56.51103138923645,0.0,3
56.512033224105835,0.0,3
56.513015031814575,0.0,3
56.51401400566101,0.0,3
56.51504945755005,0.0,3
56.51701879501343,0.0,3
56.518532514572144,0.0,3
56.518532514572144,0.0,3
56.5196008682251,0.0,3
56.52061653137207,0.0,3
56.52162480354309,0.0,3
56.52261567115784,0.0,3
56.52362275123596,0.0,3
56.52454113960266,0.0,3
56.52557849884033,0.0,3
56.53260922431946,0.0,3
56.53361177444458,0.00026,3
56.53461170196533,0.00026,3
56.53461170196533,0.00069,3
56.53572916984558,0.00069,3
56.53700613975525,0.00069,3
56.53805327415466,0.00069,3
56.539045333862305,0.00069,3
56.539045333862305,0.00069,3
56.540085554122925,0.00069,3
56.540085554122925,0.00069,3
56.5411171913147,0.00069,3
56.54621744155884,0.00069,3
56.54621744155884,0.00069,3
56.54851245880127,0.00069,3
56.54851245880127,0.00069,3
56.54851245880127,0.00069,3
56.54851245880127,0.00069,3
56.54851245880127,0.00069,3
56.549495697021484,0.00069,3
56.55052304267883,0.00069,3
56.551541805267334,0.00069,3
56.551541805267334,0.00069,3
56.551541805267334,0.00069,3
56.551541805267334,0.00068,3
56.551541805267334,0.00068,3
56.55252027511597,0.00068,3
56.553558588027954,0.00068,3
56.5546236038208,0.00068,3
56.5556538105011,0.0,3
56.556405544281006,0.0,3
56.55756068229675,0.0,3
56.557905435562134,0.0,3
56.55891680717468,0.0,3
56.55991888046265,0.0,3
56.560914516448975,0.0,3
56.561914682388306,0.0,3
56.563926219940186,0.0,3
56.5649356842041,0.0,3
56.56723237037659,0.0,3
56.570273637771606,0.0,3
56.570273637771606,0.0,3
56.57161521911621,0.0,3
56.57161521911621,0.0,3
56.57263994216919,0.0,3
56.57263994216919,0.0,3
56.57263994216919,0.0,3
56.57380986213684,0.0,3
56.57481813430786,0.0,3
56.575807094573975,0.0,3
56.57890200614929,0.0,3
56.57890200614929,0.0,3
56.57890200614929,0.0,3
56.583725452423096,0.0,3
56.583725452423096,0.0,3
56.583725452423096,0.0,3
56.58473062515259,0.0,3
56.58473062515259,0.0,3
56.58473062515259,0.0,3
56.58816480636597,0.0,3
56.58816480636597,0.0,3
56.58919548988342,0.0,3
56.58919548988342,6e-05,3
56.58919548988342,6e-05,3
56.59241199493408,6e-05,3
56.59241199493408,6e-05,3
56.59341788291931,6e-05,3
56.59341788291931,6e-05,3
56.59443020820618,6e-05,3
56.595473766326904,6e-05,3
56.596903562545776,6e-05,3
56.59789204597473,6e-05,3
56.608893156051636,6e-05,3
56.61842107772827,6e-05,3
56.61842107772827,6e-05,3
56.61943769454956,6e-05,3
56.61943769454956,6e-05,3
56.62047100067139,6e-05,3
56.621477365493774,6e-05,3
56.621477365493774,6e-05,3
56.62277889251709,6e-05,3
56.62377977371216,0.0,3
56.62377977371216,0.0,3
56.62377977371216,0.0,3
56.62377977371216,0.0,3
56.62479591369629,0.0,3
56.62479591369629,0.0,3
56.62479591369629,0.0,3
56.62581992149353,0.0,3
56.62581992149353,0.0,3
56.62581992149353,0.0,3
56.626847982406616,0.0,3
56.63186025619507,0.0,3
56.63186025619507,0.0,3
56.63186025619507,0.0,3
56.64100241661072,0.0,3
56.64844250679016,0.0,3
56.64844250679016,0.0,3
56.649468660354614,0.0,3
56.65046811103821,0.0,3
56.65146327018738,0.0,3
56.652735233306885,0.0,3
56.652735233306885,0.0,3
56.652735233306885,0.0,3
56.65583682060242,0.0,3
56.65583682060242,0.0,3
56.656885623931885,0.00025,3
56.656885623931885,0.00025,3
56.656885623931885,0.00025,3
56.656885623931885,0.00025,3
56.656885623931885,0.00025,3
56.65788412094116,0.00025,3
56.65788412094116,0.00025,3
56.65788412094116,0.00025,3
56.65788412094116,0.00025,3
56.65788412094116,0.00025,3
56.65888571739197,0.00025,3
56.65888571739197,0.00025,3
56.65888571739197,0.00025,3
56.65888571739197,0.00025,3
56.65888571739197,0.00025,3
56.66006779670715,0.00025,3
56.66006779670715,0.00025,3
56.66006779670715,0.00025,3
56.66006779670715,0.00025,3
56.661072731018066,0.00025,3
56.661072731018066,7e-05,3
56.661072731018066,0.00011,3
56.661072731018066,0.00011,3
56.67261052131653,0.00011,3
56.67381191253662,0.00011,3
56.67500972747803,0.00011,3
56.67500972747803,0.00011,3
56.67612147331238,0.00011,3
56.67612147331238,0.00011,3
56.67734909057617,0.00011,3
56.67838096618652,0.00011,3
56.67838096618652,0.00011,3
56.67952752113342,0.00011,3
56.68143081665039,0.00011,3
56.687020778656006,0.00062,3
56.68902063369751,0.00062,3
56.68902063369751,0.00026,3
56.68902063369751,0.00026,3
56.690030097961426,0.00026,3
56.690030097961426,0.00026,3
56.690030097961426,0.00026,3
56.690030097961426,0.00026,3
56.690030097961426,0.00026,3
56.690030097961426,0.00026,3
56.69102692604065,0.00026,3
56.69102692604065,0.00026,3
56.69102692604065,0.00026,3
56.69102692604065,0.00026,3
56.69102692604065,0.00026,3
56.69102692604065,0.00026,3
56.69202423095703,0.00026,3
56.69202423095703,0.00026,3
56.69202423095703,0.00026,3
56.69202423095703,0.00026,3
56.69202423095703,0.00026,3
56.69202423095703,0.00026,3
56.69202423095703,0.00026,3
56.693023681640625,0.0,3
56.693023681640625,0.0,3
56.693023681640625,8e-05,3
56.693023681640625,8e-05,3
56.693023681640625,8e-05,3
56.69402360916138,8e-05,3
56.69557785987854,8e-05,3
56.69663047790527,8e-05,3
56.69761872291565,8e-05,3
56.69802117347717,8e-05,3
56.69904446601868,8e-05,3
56.70004439353943,8e-05,3
56.703067779541016,8e-05,3
56.703067779541016,0.00029,3
56.703067779541016,0.00029,3
56.704076290130615,0.00029,3
56.705097913742065,0.00029,3
56.70607614517212,0.00029,3
56.707075357437134,0.00029,3
56.7080774307251,0.00029,3
56.709075927734375,0.0,3
56.71039152145386,0.0,3
56.71143555641174,0.0,3
56.71240782737732,0.0,3
56.71443843841553,0.0,3
56.71443843841553,0.0,3
56.71540427207947,0.0,3
56.71641802787781,0.0,3
56.717389822006226,0.0,3
56.718541860580444,0.0,3
56.71953225135803,0.0,3
56.720584869384766,0.0,3
56.72155976295471,0.0,3
56.72256398200989,0.0,3
56.723583936691284,0.0,3
56.72458624839783,0.00056,3
56.72554302215576,0.0,3
56.72654128074646,0.00016,3
56.72758221626282,0.00016,3
56.72858548164368,0.00016,3
56.729562282562256,0.00016,3
56.73254728317261,0.00016,3
56.73702096939087,0.00016,3
56.73802423477173,0.00016,3
56.73802423477173,0.00016,3
56.73901987075806,0.00016,3
56.74002814292908,0.00016,3
56.74002814292908,0.00016,3
56.7413489818573,0.00016,3
56.74283719062805,0.00016,3
56.74283719062805,0.00016,3
56.74398374557495,0.00016,3
56.74398374557495,0.00016,3
56.74795937538147,0.00016,3
56.7494215965271,0.00016,3
56.7494215965271,0.00016,3
56.7494215965271,0.00016,3
56.7494215965271,0.00016,3
56.7494215965271,0.00013,3
56.7494215965271,0.00013,3
56.7494215965271,5e-05,3
56.75062608718872,5e-05,3
56.75165557861328,5e-05,3
56.75165557861328,5e-05,3
56.75289487838745,5e-05,3
56.753865003585815,5e-05,3
56.75487565994263,5e-05,3
56.756868839263916,5e-05,3
56.756868839263916,5e-05,3
56.75804567337036,5e-05,3
56.75904130935669,5e-05,3
56.760043144226074,0.0,3
56.762056827545166,0.0,3
56.76309061050415,0.0,3
56.76309061050415,0.0,3
56.7640860080719,0.0,3
56.76610708236694,0.0,3
56.7761926651001,0.00031,3
56.77739882469177,0.00031,3
56.77843499183655,0.00031,3
56.77843499183655,0.00031,3
56.780444622039795,0.00031,3
56.781540393829346,0.00031,3
56.7825665473938,0.00031,3
56.783562898635864,0.00031,3
56.783562898635864,0.00031,3
56.78458833694458,0.00031,3
56.78458833694458,0.00031,3
56.788578748703,0.00031,3
56.788578748703,0.00031,3
56.7895622253418,0.00031,3
56.7895622253418,0.00031,3
56.7895622253418,0.00031,3
56.7895622253418,0.00031,3
56.7895622253418,0.00031,3
56.7895622253418,0.00031,3
56.79056119918823,0.00031,3
56.79056119918823,0.00031,3
56.79056119918823,0.00031,3
56.79056119918823,0.00031,3
56.79056119918823,0.00031,3
56.79056119918823,0.0,3
56.791560888290405,0.0,3
56.79263186454773,0.0,3
56.79309844970703,0.0,3
56.79418182373047,0.0,3
56.795156955718994,0.0,3
56.79715085029602,0.0,3
56.79715085029602,0.0,3
56.7981162071228,0.0,3
56.79912495613098,0.0,3
56.80012369155884,0.0,3
56.80111527442932,0.0,3
56.802117347717285,0.0,3
56.803112745285034,0.0,3
56.80411982536316,1e-05,3
56.80512046813965,0.0,3
56.80619668960571,0.0,3
56.80720496177673,0.0,3
56.80845236778259,0.0,3
56.809449195861816,0.0,3
56.81044888496399,0.0,3
56.81144595146179,0.0,3
56.81244921684265,0.0,3
56.81344795227051,0.0,3
56.81447720527649,0.0,3
56.81546187400818,0.0,3
56.81747126579285,0.0,3
56.81747126579285,0.0,3
56.81896233558655,0.0,3
56.81997990608215,0.0,3
56.820977210998535,0.0,3
56.820977210998535,0.0,3
56.82220101356506,0.0,3
56.82619094848633,0.0,3
56.829177141189575,0.0,3
56.829177141189575,0.0,3
56.83017706871033,0.0,3
56.83017706871033,0.0,3
56.83119010925293,0.0,3
56.83328366279602,0.0,3
56.83418083190918,0.0,3
56.83525276184082,0.0,3
56.836203813552856,0.0,3
56.83722472190857,0.0,3
56.84058499336243,0.0,3
56.84159016609192,0.0,3
56.84159016609192,0.0,3
56.84257984161377,0.0,3
56.843579053878784,0.0,3
56.843579053878784,0.0,3
56.84996199607849,0.0,3
56.84996199607849,0.0,3
56.85096526145935,0.0,3
56.85096526145935,0.0,3
56.85096526145935,0.0,3
56.85096526145935,0.0,3
56.85096526145935,0.0,3
56.85096526145935,0.0,3
56.85096526145935,0.0,3
56.85096526145935,0.0,3
56.85096526145935,0.0,3
56.85096526145935,0.0,3
56.8519868850708,0.0,3
56.85355019569397,0.0,3
56.8545663356781,0.0,3
56.85556483268738,0.0,3
56.85651350021362,0.0,3
56.856913328170776,0.0,3
56.85792589187622,0.0,3
56.85892391204834,0.0,3
56.859922885894775,0.0,3
56.860923290252686,0.0,3
56.86292266845703,0.0,3
56.863933801651,0.0,3
56.863933801651,0.0,3
56.86594223976135,0.0,3
56.866981506347656,0.0,3
56.866981506347656,0.0,3
56.86895179748535,0.0,3
56.86992692947388,0.0,3
56.87093663215637,0.0,3
56.8719527721405,0.0,3
56.8719527721405,0.0,3
56.87352180480957,0.0,3
56.8744854927063,0.0,3
56.875521421432495,0.0,3
56.87651801109314,0.0,3
56.87755632400513,0.0,3
56.878610610961914,0.0,3
56.878610610961914,0.0,3
56.88083791732788,0.0,3
56.881906032562256,0.0,3
56.88293480873108,0.0,3
56.884907722473145,0.0,3
56.88790273666382,0.0,3
56.88790273666382,0.0,3
56.88790273666382,0.0001,3
56.88906741142273,0.0001,3
56.88906741142273,0.0001,3
56.89047288894653,0.0001,3
56.8914794921875,0.0001,3
56.892473459243774,0.0001,3
56.892473459243774,0.0,3
56.89588904380798,0.0,3
56.89588904380798,0.0,3
56.897276639938354,0.0,3
56.897276639938354,0.0,3
56.897276639938354,0.0,3
56.89825940132141,0.0,3
56.8995258808136,0.0,3
56.900527000427246,0.0,3
56.90156173706055,0.0,3
56.90259528160095,0.00028,3
56.9035918712616,0.00028,3
56.9046413898468,0.00028,3
56.90561270713806,0.00028,3
56.90662455558777,0.00028,3
56.9076144695282,0.00028,3
56.908618211746216,0.00028,3
56.90959715843201,0.00028,3
56.910643577575684,0.00028,3
56.911617279052734,0.00028,3
56.91259813308716,0.00028,3
56.91359901428223,0.00028,3
56.91462540626526,0.00028,3
56.91559648513794,0.00028,3
56.91559648513794,0.00028,3
56.91696500778198,0.00028,3
56.91851449012756,0.00028,3
56.919681787490845,0.00028,3
56.92067313194275,0.00028,3
56.92168354988098,0.00028,3
56.92168354988098,0.00046,3
56.922935247421265,0.00046,3
56.923930644989014,0.0,3
56.92493534088135,0.0,3
56.92593479156494,0.0,3
56.926936626434326,0.0,3
56.92793130874634,0.0,3
56.93518900871277,0.0,3
56.93518900871277,0.0,3
56.93629193305969,0.0,3
56.93729376792908,0.0,3
56.93729376792908,0.0,3
56.93830108642578,0.0,3
56.93830108642578,0.0,3
56.93929648399353,0.00021,3
56.940714597702026,0.00021,3
56.940714597702026,0.00021,3
56.94178032875061,0.00021,3
56.94178032875061,0.00021,3
56.94686579704285,0.00021,3
56.94686579704285,0.00021,3
56.947885513305664,7e-05,3
56.947885513305664,7e-05,3
56.947885513305664,7e-05,3
56.947885513305664,7e-05,3
56.947885513305664,7e-05,3
56.947885513305664,7e-05,3
56.949694871902466,7e-05,3
56.950770139694214,7e-05,3
56.9517502784729,7e-05,3
56.9517502784729,7e-05,3
56.95377469062805,7e-05,3
56.95377469062805,7e-05,3
56.95475506782532,7e-05,3
56.95575761795044,7e-05,3
56.95775580406189,7e-05,3
56.95775580406189,0.0,3
56.95875787734985,0.0,3
56.95976424217224,9e-05,3
56.96075630187988,9e-05,3
56.9631450176239,9e-05,3
56.9631450176239,9e-05,3
56.96435785293579,9e-05,3
56.96542048454285,9e-05,3
56.96542048454285,9e-05,3
56.96689033508301,9e-05,3
56.96794056892395,0.0,3
56.96958351135254,0.0,3
56.96999931335449,0.0,3
56.971007347106934,0.0,3
56.97201585769653,0.0,3
56.973132371902466,0.0,3
56.97425127029419,0.0,3
56.975276470184326,0.0,3
56.9776349067688,0.0,3
56.98326873779297,0.0,3
56.984272718429565,0.0,3
56.986966371536255,0.0,3
56.98800325393677,0.0,3
56.98900508880615,0.0,3
56.98999571800232,0.0,3
56.991036891937256,0.0,3
56.99237060546875,0.0,3
56.99237060546875,0.0,3
56.99237060546875,0.0,3
56.99385595321655,0.0,3
56.99385595321655,0.0,3
56.994858503341675,0.0,3
56.994858503341675,0.0,3
56.994858503341675,0.0,3
56.99614763259888,0.0,3
57.001930475234985,0.0,3
57.002933740615845,0.0,3
57.002933740615845,0.0,3
57.002933740615845,0.0,3
57.002933740615845,0.0,3
57.002933740615845,0.0,3
57.002933740615845,0.0,3
57.002933740615845,0.0,3
57.002933740615845,0.0,3
57.004234790802,0.0,3
57.004234790802,0.0,3
57.004234790802,0.0,3
57.0055136680603,0.0,3
57.006555795669556,0.0,3
57.007713317871094,0.0,3
57.008557081222534,0.0,3
57.009517669677734,0.0,3
57.01052284240723,0.0,3
57.01107740402222,0.0,3
57.01208996772766,2e-05,3
57.01411151885986,2e-05,3
57.015127420425415,2e-05,3
57.01710796356201,2e-05,3
57.01710796356201,2e-05,3
57.018617391586304,2e-05,3
57.018617391586304,2e-05,3
57.019660234451294,2e-05,3
57.020628929138184,2e-05,3
57.02163648605347,2e-05,3
57.022627115249634,2e-05,3
57.023627281188965,2e-05,3
57.024627447128296,2e-05,3
57.02562761306763,2e-05,3
57.02659845352173,2e-05,3
57.02776026725769,2e-05,3
57.02876162528992,2e-05,3
57.02983498573303,2e-05,3
57.030773878097534,2e-05,3
57.03177356719971,2e-05,3
57.032779932022095,0.0,3
57.03376865386963,0.0,3
57.03476643562317,0.0,3
57.03576469421387,0.0,3
57.03576469421387,0.0,3
57.03675866127014,0.0,3
57.03901672363281,0.0,3
57.042094707489014,0.0,3
57.042094707489014,0.0,3
57.04311561584473,0.0,3
57.0440936088562,0.0,3
57.04513454437256,0.0,3
57.04513454437256,0.0,3
57.04513454437256,0.0,3
57.049739360809326,0.0,3
57.049739360809326,0.0,3
57.049739360809326,0.0,3
57.049739360809326,0.0,3
57.049739360809326,0.0,3
57.05152654647827,0.0,3
57.05255627632141,0.0,3
57.05357384681702,0.0,3
57.0545768737793,0.0,3
57.05566883087158,0.0,3
57.0566680431366,0.0,3
57.0566680431366,0.0,3
57.05866765975952,0.0,3
57.05966758728027,0.0,3
57.060667514801025,0.0,3
57.06166934967041,0.0,3
57.0626745223999,0.0,3
57.06367015838623,0.0,3
57.06367015838623,0.0,3
57.06484413146973,0.0,3
57.06586456298828,0.0,3
57.066842555999756,0.0,3
57.06784224510193,0.0,3
57.068846702575684,0.0,3
57.070160150527954,0.0,3
57.07159972190857,0.0,3
57.07252240180969,0.0,3
57.073564529418945,0.0,3
57.073564529418945,0.0,3
57.076080560684204,0.0,3
57.076080560684204,0.0,3
57.07707929611206,0.0,3
57.07807421684265,0.0,3
57.07906985282898,0.0,3
57.081053733825684,0.0,3
57.081053733825684,0.0,3
57.082054138183594,0.0,3
57.0840539932251,0.0,3
57.089890003204346,0.0,3
57.089890003204346,0.0,3
57.0908625125885,0.0,3
57.0908625125885,0.0,3
57.0908625125885,0.0,3
57.0908625125885,0.0,3
57.09186244010925,0.0,3
57.09186244010925,1e-05,3
57.09394955635071,1e-05,3
57.09493899345398,1e-05,3
57.104382038116455,1e-05,3
57.104382038116455,1e-05,3
57.105337381362915,1e-05,3
57.105337381362915,1e-05,3
57.105337381362915,1e-05,3
57.10643720626831,1e-05,3
57.10643720626831,1e-05,3
57.10643720626831,1e-05,3
57.10643720626831,1e-05,3
57.10765719413757,1e-05,3
57.10765719413757,0.0,3
57.10765719413757,0.0,3
57.10765719413757,0.0,3
57.10765719413757,0.0,3
57.108654737472534,0.0,3
57.10965943336487,0.0,3
57.11062240600586,0.0,3
57.11160588264465,0.0,3
57.11262893676758,0.0,3
57.11380386352539,1e-05,3
57.11380386352539,0.0,3
57.11495780944824,0.0,3
57.11593008041382,0.0,3
57.11692810058594,0.0,3
57.117944955825806,0.0,3
57.11893582344055,0.0,3
57.1201012134552,0.0,3
57.1211302280426,0.0,3
57.122116565704346,0.0,3
57.12311887741089,0.0,3
57.12411332130432,0.0,3
57.12511396408081,0.0,3
57.12611150741577,0.0,3
57.127119302749634,0.0,3
57.128559827804565,0.0,3
57.12956953048706,0.0,3
57.13056921958923,0.0,3
57.133572578430176,0.0,3
57.136942625045776,0.0,3
57.136942625045776,0.0,3
57.136942625045776,0.0,3
57.13800358772278,0.0,3
57.13800358772278,0.0,3
57.13800358772278,0.0,3
57.13800358772278,0.0,3
57.14012408256531,0.0,3
57.14012408256531,0.0,3
57.145331382751465,0.0,3
57.145331382751465,0.0,3
57.145331382751465,0.0,3
57.14632964134216,0.0,3
57.14632964134216,0.0,3
57.14632964134216,0.0,3
57.14738416671753,0.0,3
57.14877367019653,0.0,3
57.149943590164185,0.0,3
57.15227460861206,0.0,3
57.15332865715027,1e-05,3
57.15332865715027,1e-05,3
57.15332865715027,1e-05,3
57.15455627441406,1e-05,3
57.15557360649109,1e-05,3
57.15610194206238,1e-05,3
57.15720009803772,1e-05,3
57.15972375869751,1e-05,3
57.15972375869751,1e-05,3
57.16072130203247,1e-05,3
57.161720752716064,1e-05,3
57.16272163391113,1e-05,3
57.163769483566284,1e-05,3
57.16577887535095,1e-05,3
57.16577887535095,1e-05,3
57.16577887535095,1e-05,3
57.16926550865173,1e-05,3
57.172271490097046,1e-05,3
57.172271490097046,1e-05,3
57.173258543014526,1e-05,3
57.173258543014526,0.0,3
57.173258543014526,0.0,3
57.173258543014526,0.0,3
57.174352169036865,0.0,3
57.17552328109741,0.0,3
57.17652249336243,0.0,3
57.17756700515747,0.0,3
57.17855787277222,0.0,3
57.182563066482544,0.0,3
57.183557987213135,0.0,3
57.183557987213135,0.0,3
57.18455791473389,0.0,3
57.18455791473389,0.0,3
57.18455791473389,0.0,3
57.186558961868286,0.0,3
57.186558961868286,0.0,3
57.187557220458984,0.0,3
57.19155836105347,0.0,3
57.19155836105347,0.0,3
57.2036817073822,0.0,3
57.2036817073822,0.0,3
57.20469784736633,0.0,3
57.20469784736633,0.0,3
57.20669770240784,0.0,3
57.20669770240784,0.0,3
57.20669770240784,0.0,3
57.20820736885071,0.0,3
57.21687889099121,0.0,3
57.21687889099121,0.0,3
57.218130588531494,0.0,3
57.2192325592041,0.0,3
57.22027039527893,0.0,3
57.2237753868103,0.0,3
57.22577524185181,0.0,3
57.226770639419556,0.0,3
57.23845720291138,0.0,3
57.23845720291138,0.0,3
57.23946213722229,0.0,3
57.242775201797485,0.0,3
57.242775201797485,0.0,3
57.242775201797485,0.0,3
57.243776082992554,1e-05,3
57.247780084609985,1e-05,3
57.25077962875366,1e-05,3
57.260197162628174,1e-05,3
57.261192083358765,1e-05,3
57.26542615890503,1e-05,3
57.26542615890503,1e-05,3
57.26643204689026,1e-05,3
57.26643204689026,1e-05,3
57.26643204689026,1e-05,3
57.26744604110718,1e-05,3
57.26744604110718,1e-05,3
57.268442153930664,1e-05,3
57.26943254470825,1e-05,3
57.2707257270813,1e-05,3
57.2707257270813,1e-05,3
57.27172350883484,1e-05,3
57.27172350883484,1e-05,3
57.27172350883484,0.0,3
57.27648901939392,0.0,3
57.284480571746826,0.0,3
57.290688276290894,0.0,3
57.293206214904785,0.0,3
57.29548907279968,0.0,3
57.29884743690491,0.0,3
57.29996347427368,0.0,3
57.29996347427368,0.0,3
57.30099034309387,0.0,3
57.307138442993164,0.0,3
57.308135986328125,0.0,3
57.309130907058716,0.0,3
57.309130907058716,0.0,3
57.310142040252686,0.0,3
57.310142040252686,0.0,3
57.31113266944885,0.0,3
57.31411790847778,0.0,3
57.31411790847778,0.0,3
57.32674837112427,0.0,3
57.329766273498535,0.0,3
57.330795764923096,0.0,3
57.33277463912964,0.0,3
57.33377742767334,0.0,3
57.34077715873718,0.0,3
57.34177279472351,0.0,3
57.34177279472351,0.0,3
57.34177279472351,0.0,3
57.34276628494263,0.0,3
57.34476375579834,0.0,3
57.345765113830566,0.0,3
57.345765113830566,0.0,3
57.34876537322998,0.0,3
57.34976816177368,0.0,3
57.34976816177368,0.0,3
57.34976816177368,0.0,3
57.35076379776001,0.0,3
57.35076379776001,0.0,3
57.35195302963257,0.0,3
57.35195302963257,0.0,3
57.352983236312866,0.0,3
57.352983236312866,0.0,3
57.35397410392761,0.0,3
57.35397410392761,0.0,3
57.35397410392761,0.0,3
57.354963541030884,0.0,3
57.354963541030884,0.0,3
57.35595703125,0.0,3
57.35595703125,0.0,3
57.36856460571289,0.0,3
57.37056636810303,0.0,3
57.37056636810303,0.0,3
57.37056636810303,0.0,3
57.37056636810303,0.0,3
57.37056636810303,0.0,3
57.37056636810303,0.0,3
57.37056636810303,0.0,3
57.37056636810303,0.0,3
57.37156629562378,0.0,3
57.37156629562378,0.0,3
57.37156629562378,0.0,3
57.37156629562378,0.0,3
57.37156629562378,0.0,3
57.37156629562378,0.0,3
57.37156629562378,0.0,3
57.37156629562378,0.0,3
57.37156629562378,0.0,3
57.37256622314453,0.0,3
57.37256622314453,0.0,3
57.37256622314453,0.0,3
57.37256622314453,0.0,3
57.37256622314453,0.0,3
57.37256622314453,0.0,3
57.37256622314453,1e-05,3
57.37357044219971,1e-05,3
57.37357044219971,1e-05,3
57.37357044219971,1e-05,3
57.37711715698242,1e-05,3
57.37711715698242,1e-05,3
57.37711715698242,2e-05,3
57.37711715698242,2e-05,3
57.378111362457275,2e-05,3
57.378111362457275,2e-05,3
57.379581689834595,2e-05,3
57.381524085998535,2e-05,3
57.381524085998535,2e-05,3
57.381524085998535,2e-05,3
57.38698220252991,2e-05,3
57.38698220252991,2e-05,3
57.388115644454956,2e-05,3
57.388115644454956,2e-05,3
57.388115644454956,2e-05,3
57.388115644454956,2e-05,3
57.388115644454956,2e-05,3
57.38918614387512,2e-05,3
57.38918614387512,0.0,3
57.390212297439575,0.0,3
57.390212297439575,0.0,3
57.390212297439575,0.0,3
57.390212297439575,0.0,3
57.39120054244995,0.0,3
57.39120054244995,0.0,3
57.39219117164612,0.0,3
57.39219117164612,0.0,3
57.393216609954834,0.0,3
57.393216609954834,0.0,3
57.393216609954834,0.0,3
57.393216609954834,0.0,3
57.393216609954834,0.0,3
57.393216609954834,0.0,3
57.39419341087341,0.0,3
57.39419341087341,0.0,3
57.39419341087341,0.0,3
57.39419341087341,0.0,3
57.39518904685974,0.0,3
57.39718675613403,0.0,3
57.39823055267334,0.0,3
57.40553951263428,0.0,3
57.40553951263428,0.0,3
57.406951665878296,0.0,3
57.406951665878296,0.0,3
57.406951665878296,0.0,3
57.406951665878296,0.0,3
57.40843486785889,0.0,3
57.40843486785889,0.0,3
57.409438133239746,0.0,3
57.409438133239746,0.0,3
57.41045665740967,0.0,3
57.41045665740967,0.0,3
57.41045665740967,0.0,3
57.411823749542236,0.0,3
57.4139678478241,0.0,3
57.42024350166321,0.0,3
57.421245098114014,0.0,3
57.42326378822327,0.0,3
57.42326378822327,0.0,3
57.42326378822327,0.0,3
57.42426085472107,0.0,3
57.42426085472107,0.0,3
57.42426085472107,0.0,3
57.42426085472107,0.0,3
57.42426085472107,0.0,3
57.42426085472107,0.0,3
57.42426085472107,0.0,3
57.42426085472107,0.0,3
57.42426085472107,0.0,3
57.42426085472107,0.0,3
57.42525887489319,0.0,3
57.42525887489319,0.0,3
57.42525887489319,0.0,3
57.42525887489319,0.0,3
57.42525887489319,0.0,3
57.42525887489319,0.0,3
57.42525887489319,0.0,3
57.42525887489319,0.0,3
57.42525887489319,0.0,3
57.42525887489319,0.0,3
57.426241874694824,0.0,3
57.426241874694824,0.0,3
57.426241874694824,0.0,3
57.426241874694824,0.0,3
57.426241874694824,0.0,3
57.426241874694824,0.0,3
57.426241874694824,0.0,3
57.426241874694824,0.0,3
57.426241874694824,0.0,3
57.42726182937622,0.0,3
57.42726182937622,0.0,3
57.42726182937622,0.0,3
57.42726182937622,0.0,3
57.42726182937622,0.0,3
57.42726182937622,0.0,3
57.42726182937622,0.0,3
57.42726182937622,0.0,3
57.42726182937622,0.0,3
57.42726182937622,0.0,3
57.42726182937622,0.0,3
57.428242444992065,0.0,3
57.428242444992065,0.0,3
57.428242444992065,0.0,3
57.428242444992065,0.0,3
57.428242444992065,0.0,3
57.429259300231934,0.0,3
57.429259300231934,0.0,3
57.429259300231934,0.0,3
57.429259300231934,0.0,3
57.43026280403137,0.0,3
57.43026280403137,0.0,3
57.43026280403137,0.0,3
57.43026280403137,0.0,3
57.43026280403137,0.0,3
57.43026280403137,0.0,3
57.43026280403137,0.0,3
57.43026280403137,0.0,3
57.43026280403137,0.0,3
57.43026280403137,0.0,3
57.43026280403137,0.0,3
57.431259632110596,0.0,3
57.431259632110596,0.0,3
57.431259632110596,0.0,3
57.431259632110596,0.0,3
57.431259632110596,0.0,3
57.4325110912323,0.0,3
57.4325110912323,0.0,3
57.434770584106445,0.0,3
57.434770584106445,0.0,3
57.43577194213867,0.0,3
57.43677043914795,0.0,3
57.43977332115173,0.0,3
57.443058490753174,0.0,3
57.443058490753174,0.0,3
57.443058490753174,0.0,3
57.44407057762146,0.0,3
57.44407057762146,0.0,3
57.44407057762146,0.0,3
57.447078227996826,0.0,3
57.44806671142578,0.0,3
57.44806671142578,0.0,3
57.44806671142578,0.0,3
57.44908404350281,0.0,3
57.45304989814758,0.0,3
57.45304989814758,0.0,3
57.45412302017212,0.0,3
57.45412302017212,0.0,3
57.45412302017212,0.0,3
57.45515775680542,0.0,3
57.456177949905396,0.0,3
57.45715117454529,0.0,3
57.4581573009491,0.0,3
57.45951199531555,0.0,3
57.46052074432373,0.0,3
57.46100306510925,0.0,3
57.46224308013916,0.0,3
57.463470220565796,0.0,3
57.46449685096741,0.0,3
57.46545743942261,0.0,3
57.46647644042969,0.0,3
57.467451333999634,0.0,3
57.46847057342529,0.0,3
57.469563245773315,0.0,3
57.47055745124817,0.0,3
57.471561908721924,0.0,3
57.472541093826294,0.0,3
57.47354054450989,0.0,3
57.47456645965576,0.0,3
57.47556519508362,0.0,3
57.47656059265137,0.0,3
57.47757315635681,0.0,3
57.47821021080017,0.0,3
57.480220317840576,0.0,3
57.480220317840576,0.0,3
57.48212242126465,0.0,3
57.48212242126465,0.0,3
57.483152627944946,0.0,3
57.48449921607971,0.0,3
57.485154151916504,0.0,3
57.48622012138367,0.0,3
57.48721623420715,0.0,3
57.49219560623169,0.0,3
57.49219560623169,0.0,3
57.49219560623169,0.0,3
57.49321174621582,0.0,3
57.49321174621582,0.0,3
57.49321174621582,0.0,3
57.49519944190979,0.0,3
57.49519944190979,0.0,3
57.496185541152954,0.0,3
57.50020098686218,0.0,3
57.50020098686218,0.0,3
57.50020098686218,0.0,3
57.50020098686218,0.0,3
57.50161147117615,1e-05,3
57.50264620780945,0.0,3
57.50364637374878,0.0,3
57.504652976989746,0.0,3
57.50552153587341,0.0,3
57.50655770301819,0.0,3
57.50752139091492,0.0,3
57.508562326431274,0.0,3
57.50956654548645,0.0,3
57.51055884361267,0.0,3
57.51156401634216,0.0,3
57.51256322860718,0.0,3
57.5135600566864,0.0,3
57.51455903053284,0.0,3
57.515562772750854,0.0,3
57.51655960083008,0.0,3
57.51868438720703,0.0,3
57.51921606063843,0.0,3
57.51921606063843,0.0,3
57.52067828178406,0.0,3
57.52167582511902,0.0,3
57.52267575263977,0.0,3
57.52367544174194,0.0,3
57.52467584609985,0.0,3
57.525522232055664,0.0,3
57.5265212059021,0.0,3
57.52756404876709,0.0,3
57.528093099594116,0.0,3
57.529134035110474,0.0,3
57.53114700317383,0.0,3
57.53114700317383,0.0,3
57.53215169906616,0.0,3
57.533130407333374,0.0,3
57.53415131568909,0.0,3
57.536341428756714,0.0,3
57.536341428756714,0.0,3
57.539708375930786,0.0,3
57.539708375930786,0.0,3
57.54071259498596,0.0,3
57.54071259498596,0.0,3
57.54171061515808,0.0,3
57.54271364212036,0.0,3
57.543710708618164,0.0,3
57.547709703445435,0.0,3
57.547709703445435,0.0,3
57.547709703445435,0.0,3
57.547709703445435,0.0,3
57.54871153831482,0.0,3
57.54970836639404,0.0,3
57.54970836639404,0.0,3
57.55163598060608,0.0,3
57.552570819854736,0.0,3
57.55365538597107,0.0,3
57.55365538597107,0.0,3
57.55506896972656,0.0,3
57.556193113327026,0.0,3
57.557188510894775,0.0,3
57.5581488609314,0.0,3
57.55914521217346,0.0,3
57.56019902229309,0.0,3
57.56114935874939,0.0,3
57.562193870544434,0.0,3
57.56315088272095,0.0,3
57.56419897079468,0.0,3
57.565186977386475,0.0,3
57.56619381904602,0.0,3
57.567673683166504,0.0,3
57.56867551803589,0.0,3
57.569520235061646,0.0,3
57.570557594299316,0.0,3
57.57152271270752,0.0,3
57.57256317138672,0.0,3
57.57356357574463,0.0,3
57.57460427284241,0.0,3
57.57460427284241,0.0,3
57.575844049453735,0.0,3
57.57683753967285,0.0,3
57.5778431892395,0.0,3
57.579840660095215,0.0,3
57.579840660095215,0.0,3
57.582650661468506,0.0,3
57.58799195289612,0.0,3
57.58899235725403,1e-05,3
57.59022068977356,1e-05,3
57.592252254486084,1e-05,3
57.592252254486084,1e-05,3
57.592252254486084,1e-05,3
57.59324932098389,1e-05,3
57.59424901008606,1e-05,3
57.59424901008606,1e-05,3
57.59525012969971,1e-05,3
57.59525012969971,1e-05,3
57.596250772476196,1e-05,3
57.596250772476196,1e-05,3
57.597296953201294,0.0,3
57.60538935661316,0.0,3
57.60538935661316,0.0,3
57.60538935661316,0.0,3
57.60538935661316,0.0,3
57.60637950897217,0.0,3
57.60637950897217,1e-05,3
57.60637950897217,1e-05,3
57.60738253593445,1e-05,3
57.60738253593445,1e-05,3
57.60738253593445,1e-05,3
57.60837650299072,1e-05,3
57.60837650299072,1e-05,3
57.60837650299072,1e-05,3
57.60942363739014,1e-05,3
57.61055254936218,1e-05,3
57.61176609992981,1e-05,3
57.61275887489319,1e-05,3
57.61375832557678,1e-05,3
57.61475896835327,1e-05,3
57.61475896835327,1e-05,3
57.61625099182129,1e-05,3
57.61729979515076,1e-05,3
57.6182746887207,0.0,3
57.619182109832764,0.0,3
57.620285987854004,0.0,3
57.62130427360535,0.0,3
57.62228846549988,0.0,3
57.62331748008728,0.0,3
57.624311208724976,0.0,3
57.62527918815613,0.0,3
57.62633180618286,0.0,3
57.62731337547302,0.0,3
57.629693031311035,0.0,3
57.6307053565979,0.0,3
57.63793325424194,0.0,3
57.638920545578,0.0,3
57.64010143280029,0.0,3
57.64142203330994,0.0,3
57.642430543899536,0.0,3
57.643415212631226,0.0,3
57.64442420005798,0.0,3
57.64588522911072,0.0,3
57.651986598968506,0.0,3
57.651986598968506,0.0,3
57.651986598968506,0.0,3
57.651986598968506,0.0,3
57.651986598968506,0.0,3
57.65251183509827,0.0,3
57.65251183509827,0.0,3
57.65251183509827,0.0,3
57.65251183509827,0.0,3
57.65251183509827,0.0,3
57.65251183509827,0.0,3
57.65251183509827,0.0,3
57.65251183509827,0.0,3
57.65251183509827,0.0,3
57.65251183509827,0.0,3
57.65364980697632,1e-05,3
57.654627561569214,1e-05,3
57.655651807785034,1e-05,3
57.65658116340637,1e-05,3
57.65658116340637,1e-05,3
57.65782117843628,1e-05,3
57.65888500213623,1e-05,3
57.659849882125854,1e-05,3
57.66185545921326,0.0,3
57.662872552871704,0.0,3
57.662872552871704,0.0,3
57.66488552093506,0.0,3
57.665902614593506,0.0,3
57.66689682006836,0.0,3
57.66785740852356,0.0,3
57.66785740852356,0.0,3
57.66986536979675,0.0,3
57.670894622802734,0.0,3
57.67187786102295,0.0,3
57.67289113998413,0.0,3
57.67289113998413,0.0,3
57.6748571395874,0.0,3
57.67785358428955,0.0,3
57.67785358428955,0.0,3
57.679858684539795,2e-05,3
57.68085169792175,2e-05,3
57.681960582733154,2e-05,3
57.681960582733154,2e-05,3
57.68395233154297,2e-05,3
57.68395233154297,2e-05,3
57.68395233154297,2e-05,3
57.684948444366455,2e-05,3
57.684948444366455,2e-05,3
57.689207553863525,2e-05,3
57.689207553863525,2e-05,3
57.690366983413696,2e-05,3
57.690366983413696,2e-05,3
57.690366983413696,2e-05,3
57.69147825241089,2e-05,3
57.69253659248352,2e-05,3
57.6935830116272,2e-05,3
57.69471073150635,2e-05,3
57.69578146934509,2e-05,3
57.69671273231506,2e-05,3
57.697752952575684,2e-05,3
57.69876575469971,0.0,3
57.69876575469971,0.0,3
57.70076632499695,1e-05,3
57.70076632499695,0.0,3
57.701767683029175,0.0,3
57.70276498794556,0.0,3
57.703768491744995,0.0,3
57.704776763916016,0.0,3
57.705779790878296,0.0,3
57.707778453826904,0.0,3
57.708779096603394,0.0,3
57.708779096603394,0.0,3
57.71049642562866,0.0,3
57.711140871047974,0.0,3
57.71221160888672,0.0,3
57.71318745613098,0.0,3
57.71522808074951,0.0,3
57.71522808074951,0.0,3
57.71719241142273,0.0,3
57.71757960319519,0.0,3
57.71859407424927,0.0,3
57.71912169456482,0.0,3
57.727420806884766,0.0,3
57.72843623161316,0.0,3
57.7294237613678,0.0,3
57.7294237613678,0.0,3
57.73046803474426,0.0,3
57.73046803474426,0.0,3
57.73046803474426,0.0,3
57.73046803474426,0.0,3
57.731878995895386,0.0,3
57.731878995895386,0.0,3
57.731878995895386,0.0,3
57.731878995895386,0.0,3
57.73291873931885,0.0,3
57.734007596969604,0.0,3
57.73451352119446,1e-05,3
57.73555397987366,1e-05,3
57.73983573913574,1e-05,3
57.74283480644226,1e-05,3
57.7449414730072,1e-05,3
57.748961210250854,1e-05,3
57.7499794960022,1e-05,3
57.7499794960022,1e-05,3
57.75195622444153,1e-05,3
57.75693869590759,1e-05,3
57.75895977020264,1e-05,3
57.75895977020264,1e-05,3
57.75895977020264,1e-05,3
57.75895977020264,1e-05,3
57.75995707511902,1e-05,3
57.75995707511902,1e-05,3
57.75995707511902,1e-05,3
57.75995707511902,1e-05,3
57.75995707511902,1e-05,3
57.75995707511902,1e-05,3
57.75995707511902,0.0,3
57.75995707511902,0.0,3
57.75995707511902,0.0,3
57.76095533370972,0.0,3
57.76095533370972,0.0,3
57.76095533370972,0.0,3
57.76095533370972,0.0,3
57.76095533370972,0.0,3
57.76295876502991,0.0,3
57.76350140571594,0.0,3
57.764514684677124,0.0,3
57.76558995246887,0.0,3
57.772897243499756,0.0,3
57.772897243499756,0.0,3
57.77423334121704,0.0,3
57.77423334121704,0.0,3
57.77423334121704,0.0,3
57.7753005027771,0.0,3
57.7753005027771,0.0,3
57.7762930393219,0.0,3
57.77730941772461,0.0,3
57.77781343460083,0.0,3
57.77781343460083,0.0,3
57.77781343460083,0.0,3
57.77781343460083,0.0,3
57.78450155258179,0.0,3
57.78450155258179,0.0,3
57.78450155258179,0.0,3
57.78450155258179,0.0,3
57.78450155258179,0.0,3
57.78450155258179,0.0,3
57.78552985191345,0.0,3
57.786574602127075,0.0,3
57.78758430480957,0.0,3
57.788581132888794,0.0,3
57.79065680503845,0.0,3
57.79065680503845,0.0,3
57.79065680503845,0.0,3
57.79190635681152,0.0,3
57.792996883392334,0.0,3
57.79523944854736,0.0,3
57.79523944854736,0.0,3
57.79649257659912,0.0,3
57.79778170585632,0.0,3
57.800328969955444,0.0,3
57.800328969955444,0.0,3
57.800328969955444,0.0,3
57.80138325691223,0.0,3
57.8024959564209,0.0,3
57.80357599258423,0.0,3
57.80357599258423,0.0,3
57.806227922439575,0.0,3
57.806227922439575,0.0,3
57.80722212791443,0.0,3
57.808236598968506,0.0,3
57.80923080444336,0.0,3
57.810232162475586,0.0,3
57.81133961677551,0.0,3
57.812341928482056,0.0,3
57.81435966491699,0.0,3
57.82294511795044,0.0,3
57.82294511795044,0.0,3
57.824209690093994,0.0,3
57.82522654533386,0.0,3
57.82522654533386,0.0,3
57.82627272605896,0.0,3
57.82731366157532,0.0,3
57.82731366157532,0.0,3
57.82731366157532,0.0,3
57.82731366157532,0.0,3
57.82829475402832,0.0,3
57.82829475402832,0.0,3
57.83029055595398,0.0,3
57.834776163101196,0.0,3
57.83721327781677,0.0,3
57.83721327781677,0.0,3
57.83721327781677,0.0,3
57.83721327781677,0.0,3
57.83721327781677,0.0,3
57.83721327781677,0.0,3
57.83721327781677,0.0,3
57.83823585510254,0.0,3
57.83823585510254,0.0,3
57.83823585510254,0.0,3
57.83823585510254,0.0,3
57.8397159576416,0.0,3
57.8397159576416,0.0,3
57.84149646759033,0.0,3
57.84254503250122,0.0,3
57.84349513053894,0.0,3
57.844552755355835,0.0,3
57.845563888549805,0.0,3
57.846495151519775,0.0,3
57.847529888153076,0.0,3
57.84851884841919,0.0,3
57.8495557308197,0.0,3
57.85054159164429,0.0,3
57.85153913497925,0.0,3
57.85253620147705,0.0,3
57.85354161262512,0.0,3
57.85453152656555,0.0,3
57.855528593063354,0.0,3
57.85653114318848,0.0,3
57.857518434524536,0.0,3
57.85852932929993,0.0,3
57.85951805114746,0.0,3
57.85951805114746,0.0,3
57.868032455444336,0.0,3
57.86901378631592,0.0,3
57.86901378631592,0.0,3
57.87001633644104,0.0,3
57.87001633644104,0.0,3
57.871015548706055,0.0,3
57.871015548706055,0.0,3
57.871015548706055,0.0,3
57.87303423881531,0.0,3
57.87405014038086,0.0,3
57.87513041496277,0.0,3
57.87513041496277,0.0,3
57.87644720077515,0.0,3
57.87644720077515,0.0,3
57.88277220726013,0.0,3
57.89894700050354,0.0,3
57.903987646102905,0.0,3
57.90605449676514,0.0,3
57.91235542297363,0.0,3
57.91336393356323,0.0,3
57.917914628982544,0.0,3
57.92246103286743,0.0,3
57.92444682121277,0.0,3
57.92669606208801,0.0,3
57.92669606208801,0.0,3
57.92870020866394,0.0,3
57.92870020866394,0.0,3
57.92969846725464,0.0,3
57.93469858169556,0.0,3
57.937230587005615,0.0,3
57.938313245773315,0.0,3
57.938313245773315,0.0,3
57.938313245773315,0.0,3
57.938313245773315,0.0,3
57.94172120094299,0.0,3
57.94172120094299,0.0,3
57.94172120094299,0.0,3
57.943724632263184,0.0,3
57.94682335853577,0.0,3
57.94682335853577,0.0,3
57.94682335853577,0.0,3
57.94782114028931,0.0,3
57.94782114028931,0.0,3
57.94782114028931,0.0,3
57.948821783065796,0.0,3
57.948821783065796,0.0,3
57.948821783065796,0.0,3
57.94982147216797,0.0,3
57.9508216381073,0.0,3
57.9508216381073,0.0,3
57.95182180404663,0.0,3
57.95182180404663,0.0,3
57.95182180404663,0.0,3
57.952821493148804,0.0,31
57.958147048950195,0.0,3
57.958147048950195,0.0,3
